id,language_code,description,label
BiaqeVXYF0I,en,Bharat ni bhugol by yuva upnishad new Colour addition Mrp 540,not_relevant
BDXJxcdXYw0,en,SUBSCRIBE_GPSCLEARNING_NOW,not_relevant
deSb38xtd3I,en,SUBSCRIBE_GPSCLEARNING_NOW ગુજરાત,not_relevant
_KtDuPp8PZo,gu,surat Surat waterlogging કીમ નદીમાં પૂર આવતાં પાણી,highly_relevant
hL23LYoGgYw,en,Heavy rains in Surat have inundated many areas while heavy rains in the upper reaches have caused a flood like situation due to,highly_relevant
XQbaevnBLbY,en,Surat Heavy Rainfall LIVE Water overflows in artificial pond built for Ganesh immersion people in Tapi riverbank area alerted,relevant
HgMygexsvnk,en,gujaratrains,highly_relevant
C-eC0sHcbk4,en,Surat Possibility of floods increase in surface area of Tapi see Gujarati News For more videos,highly_relevant
I6FLwYtyj9Y,en,Surat Rain Update News Tapi river in Surat on two banks The danger level of Ukai Dam is 345 feet Currently the rule level is,relevant
yCSwG03gPWk,gu,creekflood Gujarat Rain,highly_relevant
ifB6SlkTYrU,gu,Tapi નદી બની ગાંડીતૂર વરસાદથી ચારેય કોર પાણી જ પાણી Surat જિલ્લા અને,highly_relevant
lgE3vOP___I,gu,surat સુરતના વરાછા વિસ્તારના આ દૃશ્યો છે અહીની વિઠ્ઠલનગર,highly_relevant
Cu7gF6TKsPo,gu,SURAT Tapi River ઉકાઈ ડેમમાંથી પાણી છોડાતા નદી તોફાની કાંઠા વિસ્તારમાં,not_relevant
wAL40qnDOwQ,gu,Surat news સુરતના લોકો માટે રાહતના સમાચાર ઉપરવાસમાં વરસાદનું જોર ઘટતા,highly_relevant
HiyusFfluYE,en,Heavy rain in Surat city Water filled many places due to heavy rain Heavy rain caused waterlogging on both banks of Tapi river,relevant
o3WJNRE_8Tc,en,Surat Many areas submerged due to the fury of Tapi river Water has returned to the artificial pond made for Ganesh immersion,relevant
GBMW4WxqzDQ,gu,surat Tv9 ગુજરાતીની Youtube ચેનલને,highly_relevant
8FSECmtixFo,gu,સુરત શહેરના લિંબાયત વિસ્તારમાં પૂરના પાણી ભરાયાના કેટલાક દિવસો,highly_relevant
rX4im_j0Px8,gu,surat Surat Waterlogging સુરતમાં કૃત્રિમ તળાવ થયા,not_relevant
xdjJ9Da7MlI,gu,Aapnu Surat સુરત ખાડી પૂર વિવાદ નાગરિકે પીઆઈએલની ચીમકી Surat Flood Issue Surat,highly_relevant
jMMpWpa1lSA,gu,Aapnu Surat ઉકાઈ ડેમમાં પાણીનું સ્તર ખતરા નજીક ગેટ ઓપરેશન શરૂ Ukai Dam Water,highly_relevant
q3dHkB_dDkw,en,Surat News Flooding in Tapi due to rain in uplands Flood water came in Tapi 7 flood gates closed Surat News,highly_relevant
6a8PlNPmBoc,gu,Surat Police Rescue સુરતમાં ખાડી પૂર ગળાડૂબ પાણીમાં ફસાયેલા લોકોનું,highly_relevant
si67vM93IAQ,en,Continuous rain continues in the upper reaches of Surat 1 63 lakh cusecs of water is flowing into the Ukai Dam from the upper,relevant
bW91FR2YWh0,gu,gujarattak મોનસુનની શરૂઆત થઈ છે ત્યારે સુરતની,highly_relevant
Mw1_WI82n8k,en,Surat સુરતનો મોરા ભાગળ વિસ્તાર પાણીમાં ગરકાવ Mora Bhagal Waterlogged Gujarat Heavy,highly_relevant
XK54jtCJPJo,gu,surat Tv9 ગુજરાતીની Youtube,highly_relevant
4ExD-iv7Dmo,en,Surat Heavy Rain News Heavy rain lashed Surat Most of the rivers in the district have overflowed their banks The Keem river,relevant
_AF5SE2sL_o,gu,shorts તમે અમારી સાથે જોડાઈ શકો છો Website,highly_relevant
C-AEZYPGAAk,en,River flows on the road in Surat Woe to those knee deep in water The system has not yet worked સુરતમાં રસ્તા,highly_relevant
tkzEqfL6VSM,gu,સુરતમાં ખાડી પૂરના કારણે વારંવાર લોકો હાલાકીમાં મુકાઈ રહ્યાં છે,highly_relevant
YXetRHpiVDc,en,Bay floods in Surat due to torrential rains Water Water in Parvat Patiya area of Surat Boundary Bay overflow The water,highly_relevant
STjirqi7avo,en,Flooding in Mindhola River due to heavy rains upstream There have been floods five times in the current season ઉપરવાસ,highly_relevant
ExzepC3JMH4,en,આજનો એજન્ડા માનવસર્જિત પૂર Surat Heavy Rain Monsoon 2025 Flood Gujarat,highly_relevant
Zh29PjuKxU0,en,gujarat Weather Update સુરત શહેરમાં,highly_relevant
32SXVRztz4c,gu,Surat Kim River સુરતમાં કીમ નદીનું રૌદ્ર સ્વરૂપ માંગરોળના કોસાડી ગામના,not_relevant
RVKzXajPBME,gu,surat Surat waterlogging સુરતમાં 35 ફાર્મ હાઉસમાં ફરી,highly_relevant
HtxjOv_rUZw,gu,Surat Water Logging સુરત શહેરમાં ધોધમાર વરસાદથી મોરાભાગળમાં BRTS,highly_relevant
cAMuUfnlwt0,gu,Surat News હવામાન વિભાગની આગાહી પ્રમાણે સુરતમાં વરસાદ Rain Forecast Gujarati,highly_relevant
axLleCj2b3Y,en,Today Meghraja called for a southern storm and Surat district was also flooded આજે મેઘરાજાએ દક્ષિણ,highly_relevant
YNZqZyoS3NA,gu,Surat Rain UPdate ઉપરવાસમાં ભારે વરસાદથી કીમ નદીમાં પાણીની આવક VTV Digital,highly_relevant
a1hQSny3eqw,gu,સુરતના વેલાછા વિસ્તારમાં 35 જેટલા ફાર્મ હાઉસ પાણીમાં ગરકાવ કીમ,not_relevant
3DY9BBFMWpw,en,River flows on the road in Surat Woe to those knee deep in water The system has not yet worked સુરતમાં રસ્તા,relevant
yefUg4GMOp8,gu,સુરત ભગવાન આવું પૂર કોઇને ન દેખાડે,highly_relevant
TYc3MKO6MDY,gu,surat Surat Rain ભારે વરસાદ બાદ સુરતની કીમ નદી,highly_relevant
C6q1S42mukw,gu,પૂર બાદ હવે રોગચાળાનો ખતરો વરસાદી આફત બાદ Surat અને Vadodaraમાં રોગચાળળો,highly_relevant
EjR5zJAS1RA,en,SuratFlood Tv9,highly_relevant
YhfYn5-QWjE,en,Due to heavy inflow of water in Kim river 2 banks of Kim river Kim river water entered the farmhouse in Velachha village of,relevant
IdSzO58OCjU,gu,સુરતમાં ખાડીપુરની ભર પૂર સ્થિતિ 45 જેટલા વિદ્યાર્થીઓને લાઈફ,highly_relevant
BSeqchvySBs,en,સુરતમાં ધોધમાર વરસાદથી નદીમાં પૂર Heavy rain in Surat Gujarat Monsoon ZEE 24 Kalak Stay,highly_relevant
GYYT3VusShI,gu,Surat સુરતમાં 23 જૂનથી સતત ચાર દિવસ ભારે વરસાદ પડ્યો જેનાથી,highly_relevant
xoMtjbn25lo,gu,surat Kim River Flood સુરતની કીમ નદીએ ધારણ કર્યું,highly_relevant
863jeTPPhx0,gu,Surat Rain સુરતમાં તાપી નદી કોઝવેની સપાટીમાં વધારો,highly_relevant
gc6JkuJqllo,gu,Surat Flood Relief 2006 સુરત પૂર રાહત સામગ્રી ૨૦૦૬,highly_relevant
brl15svtO-I,gu,સુરતમાં વરસાદથી જળબંબાકાર જહાંગીરપુરામાં રસ્તા પર પાણી ભરાતા,highly_relevant
m9CaxF2i8wo,gu,સુરત જિલ્લામાં મેઘો મહેરબાન થતા સતત ત્રણ દિવસથી વરસાદ વરસી રહ્યો,highly_relevant
5aLewLVHoO8,en,ભારે વરસાદને કારણે મીંઢોળા નદીમાં પૂર Heavy rain in Surat Gujarat Monsoon 2022 ZEE 24,highly_relevant
4-BMvenn6V8,en,GUT016 Gujarat Tak ગુજરાતી Youtube ચેનલને,not_relevant
s3d1c2A2aAk,en,SuratTextileMarket Tv9,highly_relevant
jaKi7jtk804,en,HeadlinesNews,not_relevant
hbyUME8wllA,gu,Ankleshwar અંકલેશ્વર સુરતને જોડતા હાઇવે પર પાણી ભરાયા Surat Highway Waterlogged,not_relevant
k9qg_OxJ9BU,gu,News18Gujarati Bhavnagar માં ભારે વરસાદના કારણે પૂર,highly_relevant
XrpsLBzPLag,en,Subscribe GSTV Like us on Facebook Follow us on Twitter,not_relevant
6v8jR8vDm3E,gu,લિંબાયતમાં ખાડી પૂર ઓસરવાની શરૂઆત થઇ Surat News,highly_relevant
lvvLnj38gSo,gu,SuratRains,highly_relevant
8q8luFgVhAc,en,surat Tv9,highly_relevant
oKYOK3R2MMY,en,SuratRain,highly_relevant
NTw9cb5giEE,gu,Surat,not_relevant
L2-dcAMYODc,gu,gujaratrains સુરતમાં ભારે વરસાદને પગલે ગ્રામ્ય વિસ્તારોમાં પૂર,highly_relevant
EGu24lklEbM,gu,સુરતમાં ખાડી પૂર નિવારણ વાલમ સોસાયટી નજીક જર્જરિત ખાડી બ્રિજ દૂર,highly_relevant
#NAME?,gu,surat Surat News સુરતમાં ડ્રેનેજમાં કેમિકલયુક્ત,not_relevant
h7nd7mXPLws,gu,Surat news સુરત મહાનગરપાલિકાની બેદરકારી વડોદમાં ઓવરહેડ પાણીની ટાંકી,not_relevant
gqj6JQ0UoHU,en,સુરતમાં પૂર 2025 surat suratnews poor poor in Surat flood in Surat flood flood,highly_relevant
IWsgtHu7pXw,gu,Surat સુરતમાં 23 જૂનથી સતત ચાર દિવસ ભારે વરસાદ પડ્યો જેનાથી,highly_relevant
qbCFfgYv6CM,gu,Kadi,highly_relevant
YS2jcmYaB8U,en,Surat Heavy Rain Floods LIVE સુરતમાં ભારે વરસાદથી વિનાશક પૂર Monsoon Weather Forecast,highly_relevant
PIlhb_lIomg,gu,Surat Surat Rain Effect સુરતમાં અવિરત ધોધમાર વરસાદને પગલે,highly_relevant
CUCyYI587qA,gu,લિંબાયત વિસ્તારમાં ખાડી પૂર અને ગંદકીથી રોગચાળાનો ભય Latest Surat News,highly_relevant
nMFKyDFU9dI,gu,Surat સુરત શહેરમાં ખાડી પૂર મામલે મહત્વના સમાચાર tv13gujarati,highly_relevant
5MckBLEv0n0,en,SuratFlood Tv9,highly_relevant
IIPrnGxf-QI,en,Surat Heavy Rain Floods LIVE સુરતમાં વિનાશક પૂર 2006 જેવી હાલત Weather Forecast News18,highly_relevant
y-I-sSNtJS4,gu,Surat news સુરતમાં ગણેશ વિસર્જનને લઈ તૈયારી મનપાએ બનાવ્યા 22 કૃત્રિમ,not_relevant
6R_fhzXOFE4,en,Surat News દરિયામાં ભરતીમાં ટેમ્પો આવ્યો બહાર Flood Sea Viral Video Tempo news18,highly_relevant
yQOECf7t5IM,gu,flooded Please,highly_relevant
Yqf-VCG3Eyg,en,HeadlinesNews,not_relevant
VtyncPUYGXc,gu,surat Surat માં કાદવનું પૂર ઘરમાં ઘૂસી ગયું,highly_relevant
UukAuP8K5EM,gu,,highly_relevant
NALB5YlMnLk,en,Italy attacks on Surat s flood issue Aggressive attack on BJP Italy Jesus will visit Surat Italy will meet flood victims સુરતના,relevant
Ea03v2nfx4s,gu,youtubeshorts,not_relevant
Zc_9aaexo4A,gu,Surat Chemical Water સુરત શહેરના નાગરિકોને ફરી લાલ પાણીની સજા,not_relevant
qDZHF1CXGGM,gu,Surat Water Logging ઉધના લિંબાયતને જોડતાં અન્ડરગ્રાઉન્ડમાં પાણીની સમસ્યા,not_relevant
4AE9KHr4fnc,gu,SuratFlood,highly_relevant
Kj0Nth4mFjc,gu,Kadi,highly_relevant
g2nhcaCcTkw,en,Surat માં પાંચમી વખત ખાડી પૂર આવ્યું । Nirmananews watch live news on facebook,not_relevant
FC1uf5hCsYI,en,Purna river flooded due to heavy rains in Surat uplands સુરતમાં ઉપરવાસમાં ભારે વરસાદને પગલે,highly_relevant
bNcA2SzCWOU,gu,સુરત પૂર LIVE 2006 બાદ ફરી સુરતની શેરીઓમાં પૂરના પાણી ઉકાઈ ડેમમાં 70,highly_relevant
_PWK6hkRobs,gu,Surat Rains સુરતના ડુમસ રોડ વિસ્તારમાં વરસાદ,highly_relevant
TlrnOOrsUmA,gu,સુરતમાં વરસાદની આફત,highly_relevant
v5Rc85OAQ-Q,gu,Surat Rain સુરતમાં ભારે વરસાદથી બારડોલીમાં જળબંબાકાર,highly_relevant
uOKK3Fj7SLQ,gu,Divyang News ની Youtube ચેનલને સબસ્ક્રાઈબ કરો અને બેલ આઈકોન જરૂરથી દબાવો,highly_relevant
X5uQxM_OoXY,en,Audio Wing Presents Electro Rendition Of Very Super Hit Gujarati Song Unchi Talavdi We got so many requests after Gujarati,not_relevant
XeiPrD1NZ2E,en,Warning All the content Data Audio Video material are copyright protected If we find illegal use uploads Claims Strikes are,not_relevant
Y178mOq3ucU,en,Enjoy Latest Superhit Ultra HD 4K Gujarati Lagna Songs From Superhit Gujarati Movie Desh Re Joya Dada Pardesh Joya,not_relevant
NiOPMtXtoQQ,gu,,not_relevant
hblbuPIGQJU,gu,સમુદ્રની વચ્ચે બનાવી સૌથી લાંબી દીવાલ બંને સમુદ્રનું પાણી અલગ કેમ,not_relevant
BYPPh_bOj6o,gu,વેલ માછલી ની સામે નાવ ક્યાં હોગા video,not_relevant
HQUY_xebz1Y,en,,not_relevant
y4gXGsS4jyU,gu,મુવી ભાદર તારા વહેતા પાણી,not_relevant
mVjpxqWXbZ4,en,GujaratiNews Social Media Accounts Facebook Twitter,not_relevant
#NAME?,en,,not_relevant
15GBjZobX8s,en,kidssongsfun Presenting Bagicha Ma Lapasani Bal Geet Cartoon Video ગુજરાતી બાળગીત બગીચા માં,not_relevant
xCT8solJIJ8,gu,રાજકોટમાં છેલ્લા ત્રણ દિવસથી વરસાદી માહોલ સાથે જીવાદોરી સમાન,highly_relevant
bzRXjqx01V0,gu,VALSAD_વલસાડ જિલ્લામાં શિક્ષકોનું નવું પ્રાથમિક મહાસંઘ બનતા,not_relevant
r4qWI-uPnpA,gu,તાઈવાનની રાજધાની તાઈપે આજે ભૂકંપના જોરદાર આંચકાથી હચમચી ગઈ હતી,not_relevant
CVX1xY_vR_A,gu,,not_relevant
h4QUanFoQno,gu,સુરેન્દ્રનગર જિલ્લાનું ધોરણ 10 બોર્ડના સારા પરિણામને લઈ,not_relevant
VcfjPGrjipk,gu,ઝાડમાંથી પાણી કેમ નીકળે છે મોટો ચમત્કાર થયો,not_relevant
h-yih6pKCig,gu,,not_relevant
O792nki7GYU,en,ફરતે સાગર ને વચમાં સોનાની નગરી રે વાલા,not_relevant
tVwJOXLc7kQ,en,,not_relevant
in4brf3zpBE,en,Buisness Inquiry pagalgujju07 com Follow Us On Instagram Instagram,not_relevant
Jm25PsnQF34,gu,કાનમ પ્રદેશમાં ખેડૂતો અલગ અલગ જાતોના કપાસનું વાવેતર કરે છે,not_relevant
VeALk0f5I9c,gu,,not_relevant
H3Rut6XZ5NU,gu,ધોરણ 10 બોર્ડ ની પરીક્ષા નુ રિઝલ્ટ આવતા વિદ્યાર્થીઓમા ખુશી ની લહેર,not_relevant
5yF-D_Sc5Qk,en,RDCGujarati Presents SuperHit Gujarati Movie Thakor Ni Lohi Bhini Chundadi Song Lohi Bhini Chundadi Star Cast Rohit,not_relevant
AhR1d5sy93g,en,Live Gujarat News always stay ahead in bringing the Latest and Credible News current affairs from all the valley of National,not_relevant
ZWyyv_JXlkw,en,Song Lai Ja Ne Lerida લઈ જા ને લેરીડા Singer Gopal Bharwad Manisha Bharwad Artists Chhaya Thakor Kuldeep,not_relevant
2xFztKPd1wA,gu,Guj ના મુખ્ય સચિવ JN Singhએ લીધી Statue of Unity ની મુલાકાત કામગીરીનું,not_relevant
jF2x7-LshrU,en,Album Superhit Prabhatiya Singer Birju Barot Sound B K Sound Botad Producer Mogal Films Contact For Business Inquiry,not_relevant
W_V0cNpzmiM,en,Samachar Superfast Gujarati News આજના તાજા સમાચાર Latest News Top Headlines Today News 00 00 INTRO,not_relevant
D390wtoZxoA,gu,Breaking અત્યારના તાજા સમાચાર શાળા કોલેજ શિક્ષણવિભાગ Gujrat samachar,not_relevant
idbGRUkh5HA,gu,News18Gujarati Gujarat ના રાજકારણને લઈને આવ્યા સૌથી મોટા,not_relevant
6a5fvbBCKd0,hi,समुद्र की लहरें कैसे आती है,not_relevant
HrDUWJfT8zQ,gu,VALSAD_ગણેશજી ની સ્થાપના ને લઈને જાહેતનામું 2 ફૂટ થી ઊંચી નહીં માટી,not_relevant
MOOaSp1A2Y0,en,Corona Cases in Gujarat 25 January બાદ રાજયમાં દરરોજ 50 હજાર કેસ નોંધાઈ શકે છે Covid19,not_relevant
IkEj5wwPNQU,gu,Today Breaking અત્યારના તાજા સમાચાર શાળા કોલેજ શિક્ષણવિભાગ નિર્ણય Gujarat,not_relevant
ombgY7Y-Ois,en,Corona Breaking આજે રાતથી સંપૂર્ણ Lockdown MH Gujrat Khissu KHISSU,not_relevant
xxKH3N3RKwQ,en,gujarattak,not_relevant
64dDaWkGv1Y,en,9 06 22 આજના તાજા સમાચાર Khissu Today Breaking,not_relevant
2xl_uFlNdM0,gu,અમદાવાદના માણેકચોક બજારમાં સોની બજાર આવેલી છે પરંતુ ઘણા સમયથી,not_relevant
ZreD5cXt-ik,gu,,not_relevant
E2wkQmzYaT0,en,biharpolitics n1 Tv9 ગુજરાતીની Youtube ચેનલને સબસ્ક્રાઈબ કરો અને,not_relevant
HqANmXPIOVE,gu,શાળાઓ માટે મોટા સમાચાર વાલી અને વિધાર્થી જાણી લો student news Gujarat samachar,not_relevant
U-ikWqi-plU,en,LIVE Gujarat Corona Update કોરોનાથી બચીને રહેજો Covid19 Omicron Ahmedabad News18,not_relevant
kvN4nreD5SA,en,To get information about all the districts taluks and villages of the state see Brief News રાજ્યના તમામ જિલ્લા,not_relevant
fqcSWT2rz4I,gu,,not_relevant
UsbjYyrnsjk,en,Reach us on social media platforms Subscribe us on YouTube,not_relevant
00LK5gVvrPs,gu,GujaratiNews For all the live updates Subscribe to Sandesh News,not_relevant
KJF4K8H6ISg,gu,આજના 10 મોટા સમાચાર દેવુ માફ વિજળી માફ ખેડુત 2000હપ્તો,not_relevant
E3Ownqemhuo,gu,Breaking આજના તાજા સમાચાર ધો 1થી8 શાળા વિદ્યાર્થી રજા સરકારનો મોટો,not_relevant
prAXdOSUxyI,gu,ટોકિયો પેરાલમ્પિકમાં ભારતની રૃબિના ફ્રાન્સીસે આજે મહિલાઓની 10,not_relevant
5-zaXSP6KXg,gu,Ahmedabad મોંઘવારીનો ડબલ માર પેટ્રોલ ડીઝલ બાદ હવે શાકભાજીના ભાવમાં,not_relevant
vRf-c8znYAU,en,Heavy rainfall expected in Gujarat for 3 days Monsoon 2023 Gujarat Rain ZEE 24 Kalak,highly_relevant
INlngALShGQ,gu,Banaskatha વડગામના મુક્તેશ્વર ડેમ નજીક દેખાયું રીંછ,not_relevant
oP5xI-gF0E4,gu,ઇન્ડિયન સાર્સ કોવિ 2 કૉન્સોર્ટિયમ ઑન જિનૉમિક્સ INSACOG ના,not_relevant
oLFN2u2l1ic,gu,જીવરામ જવું પડશે તારે એકલું રડશે ઓશિયાળા થઈને તારા બાળકો Pitru Paksh na,not_relevant
J5ptsU5Xg9U,en,Join WhatsApp group Join telegram channel,not_relevant
_ZD6vkGK_PM,en,Cyclone Tauktae Red alert issued at Diu beach It is very likely to intensify into a Very Severe Cyclonic Storm during next 12 hours,highly_relevant
p8OonTNbQYY,gu,,not_relevant
wOajVhEJuFs,en,,not_relevant
qSsSLJMofPw,gu,,not_relevant
mettZ_m9-sw,gu,Banaskantha ગુજરાત એ રાજસ્થાન ને અડીને આવેલું રાજય છે જેમાં,not_relevant
Tm1fhTbKt-A,en,18 August Gujarati Current Affairs 2019 For GPSC GSSSB GPSSB IBPS RRB UPSC SSC Gnankutir Nilam Sharma,not_relevant
IQFySmfkgyY,en,GujaratiNews For all the live updates Subscribe to Sandesh News,not_relevant
FCjB_Y7wiIo,gu,1 કોરોના સંક્રમણ ઘટતા બે વર્ષ બાદ ખુલ્યા આંગણવાડી અને કે જીના વર્ગો,not_relevant
tXUJYHBGrXg,gu,VALSAD,highly_relevant
E2v7eFdfWPk,gu,બાપોદરા પરિવાર આયોજિત ભવ્ય દાંડિયા રાસ સ્વર રમેશ ઓડેદરા ડેવિન,not_relevant
XE0l1iwZV8I,gu,ગુજરાતની સૌપ્રથમ ડીજીટલ ચેનલ ARVALLI SAMACHAR સ્થાનિક પ્રશ્નોને વાચા,not_relevant
frbF-gJoLmA,gu,થરા નગરમાં ખરા બપોરે મેઘરાજાની ધમાકેદાર પધરામણી મા બફારા ઉકળાટથી,not_relevant
#NAME?,en,Jamnagar U5 Tv9 ગુજરાતીની Youtube ચેનલને સબસ્ક્રાઈબ કરો અને બેલ,not_relevant
r2q3GIWizpI,en,GujaratiNews For all the live updates Subscribe to Sandesh News,not_relevant
1a60TRek-kk,en,News18Gujarati Navsari માં નગરપાલિકાના વોર્ડ નંબર 12,not_relevant
4poE1bBTsu4,gu,Download Tak App કોંગ્રેસના નેતાઓના ઝઘડા રોકવામાં,not_relevant
qTR2iZ939H0,gu,PSI DV લિસ્ટ અંગે આવ્યા ખુબ જ મોટા સમાચાર PSI ડોક્યુમેન્ટ વેરિફિકેશન,not_relevant
bXRVyyxI5NE,en,News18Gujarati મુખ્યમંત્રીએ કહ્યું Gujarat માં કોઈ,not_relevant
#NAME?,gu,ગુજરાત અને દેશ દુનિયાના સમાચાર માટે જોડાયેલા રહો સંદેશ સાથે Sandesh is,not_relevant
rl6a6wq8lbg,en,for PDF join our telegram group પાક્ષિક પ્લેલિસ્ટ,not_relevant
fx-dbwAvKKA,en,Subscribe our channel for More Video Updates Follow us on Facebook,not_relevant
87AyAOIcJvY,gu,News18Gujarati જુઓ ગુજરાત અને દેશવિદેશના મુખ્ય,not_relevant
TEpEwT47k6s,gu,SandeshNews મોરબીમાં વોલ ટાઈલ્સના કારખાના બંધ થઈ ગયા છે,not_relevant
C8G86CP9n-w,gu,Uttar Pradeshમાં માથા ફરેલા શખ્સએ રેલવે ટ્રેક કાપીને ધમકી આપી પત્નીને લઇ,not_relevant
l6LUtxKWPCo,gu,Rakjot માં વેક્સિનેશનની કામગીરી પૂરજોશમાં તંત્ર કોરોનાની ત્રીજી,highly_relevant
rvOMoKYauyc,gu,ઉપરવાસમાં ઓછા વરસાદથી મહીસાગર જિલ્લામાં મહીસાગર નદી પર આવેલ કડાણા,highly_relevant
9vZ9pePkXyk,gu,22 હજાર લોકો સાથે કરી છેતરપિંડી શું છે Kheda માં થયેલી છેતરપિંડીનો,not_relevant
wnnDACJjWoo,en,BAPS KIRTAN આજ મારે ઘેર થાય લીલા લહેર II Aaj mare gher thay lila laher Darshan,not_relevant
qBcsXmALIdI,gu,ડાકોરમાં આજ થી રાજા ધીરાજ રણછોડ જી એ ભાવિક ભક્તો ને દર્શન આપ્યા ૫૮,not_relevant
qnSJxTrYfek,gu,ગોધરા તાલુકાના રતનપુર કાંટડી ગ્રામ પંચાયતની ચૂંટણી ૧૯ ડિસેમ્બરના,not_relevant
9kvoTPmzYB4,gu,maa news live કચ્છના તમામ સમાચાર 24 કલાક નિહાળો માં આશાપુરા ન્યૂઝ યુટ્યુબ,not_relevant
fYS9sMLyW1I,gu,News18Gujarati બે વર્ષ અને 4 વર્ષની બાળકીએ Coronavirus,not_relevant
ddhHeAwefOw,gu,પંચમહાલ મોરવા હડફ તાલુકાના ઘણા વિસ્તારોમાં લાંબા વિરામ બાદ,highly_relevant
2FWGdI5qAO8,gu,ઝીબ્રાનો શિકાર કરવા જતાં સિંહની શું હાલત થઈ જૂઓ Lion Viral Video Lion,not_relevant
g-p47mcfFGk,gu,ઘરે શીખીએ ધોરણ 8 અંક 3 સામાજિક વિજ્ઞાન ઓગષ્ટ નીચેની લિંક પર ક્લિક,not_relevant
2L_1Bpbytqo,en,Mantavya News is an urban Gujarati News Channel Breaking barriers from conventional news scenarios Mantavya s Key,highly_relevant
a6r9csnFy0I,gu,Breaking આજના તાજા સમાચાર વેકેશન નિર્ણય પરીક્ષા કોરોના મોદી ગુજરાત,not_relevant
2I0hQSMOjjs,en,ખેડૂતો માટે 06 મોટા સમાચાર khedut duniya commodity Trend khedut ikhedut ન્યૂઝ યોજના,not_relevant
iBdzBdpa_cU,en,Forest bharti update ફોરેસ્ટ ભરતી વોકિંગ ટેસ્ટ મોકૂફ Forest bharti news જાણો માહિતી,not_relevant
ktTdpMi8u-0,hi,चक्रीवादळ म्हटलं की आता महाराष्ट्राला धडकी भरते कारण मागच्या दोन,highly_relevant
nPzg2HFea4M,en,,highly_relevant
AqiSOgxqpgA,hi,UddhavThackeray तौक्ते चक्रीवादळामुळे झालेल्या,highly_relevant
PKPsJMG-mAg,en,,highly_relevant
9bIagaatFYU,hi,konkanimitra8600,highly_relevant
Tseagf29uBM,hi,निसर्ग चक्रीवादळाचा महाराष्ट्रावरचा प्रभाव कमी होण्यास सुरुवात,highly_relevant
x-Ov4C02JIU,hi,अरबी समुद्रातील कमी दाबाच्या क्षेत्राचं रूपांतर आता चक्रीवादळात,highly_relevant
tPYULyaMOTM,en,The fury of the sea has intensified with Cyclone 2023 bringing strong winds and heavy rainfall to the Konkan coast latest updates,highly_relevant
K7XM47wgRYQ,hi,वर्षभरापूर्वी निसर्ग चक्रिवादळाचा सामना करणारं कोकण आता या,highly_relevant
9xtoP_OJIV8,hi,abpमाझा,highly_relevant
l6oUBpTb87U,hi,biparjoycyclone बिपरजॉय चक्रीवादळ गुजरातच्या दिशेनं सरकलं असलं,highly_relevant
szsirhX0uVQ,en,,highly_relevant
VVJNtGVfVJY,en,biparjoycyclone Cyclone formed in Arabian Sea has moved towards Gujarat But its effects are likely to be,highly_relevant
lRuiyVv2zE0,en,,highly_relevant
XoLNlH9SyPs,en,is a 24 7 Marathi language News Channel based in Mumbai Maharashtra that launched in 2009,highly_relevant
gCdVBwA8aG4,en,,highly_relevant
3kIYofpG1mM,en,,highly_relevant
CTd1VTSh78k,en,,highly_relevant
j2B3nk1bPlg,en,,highly_relevant
ZzvbMMLAJ3A,hi,मुंबई महाराष्ट्र आणि कोकणाला ओखी वादळाचा चांगलाच तडाखा बसल्याचं,not_relevant
QQ73GAe8ITA,en,,highly_relevant
8Un7WOwIJE4,en,Konkan,highly_relevant
r7KpPyvrpeE,en,,highly_relevant
vC_HgERoLrE,en,Cyclone Nisarga Hits Kokan Maharashtra,highly_relevant
QXbC1lkVghU,hi,CycloneBiporjoy is a 24 7 Marathi language News Channel,highly_relevant
xJQ5kCp1r5c,hi,कोकण किनारपट्टीला जूनमध्ये अजस्त्र लाटांचा जोरदार तडाखा बसला आहे,not_relevant
NIBTkERR19U,hi,तौक्ते वादळ आणि माझी आंबाकाजू बाग Cyclone Mazo gaon।,highly_relevant
0ct1_FTJ90Q,en,Dust storm,highly_relevant
lU-F-f3xPnk,en,Shorts,highly_relevant
X3KsF9xIQ6g,en,,highly_relevant
yhkc5zTc4ak,en,Before tauktae cyclone climate at kokan coastal area be careful all of you guys,highly_relevant
5L4rOViM0SI,en,Kokan,highly_relevant
Aj1FLUhQl7g,en,कोकणामध्ये सोसाट्याच वादळ kokanchi Aavdan karti short,highly_relevant
0Y-xOE-yb9M,hi,Maharashtra बिपरजॉय चक्रीवादळामुळे कोकण किनारपट्टी,highly_relevant
kjg4qf2X2IE,en,,not_relevant
r6htUTDcsTE,en,Unforgettable moment of Cyclone disaster on 3rd june 2020,highly_relevant
6tD_NOw2-lY,hi,shorts,highly_relevant
O_UyLilX2UY,hi,,not_relevant
tsUdpSk04us,en,,highly_relevant
NFrU7-fMDPQ,en,Maharashtra Kokan Cyclone effects BNN NEWS,highly_relevant
52DY4EQZTaQ,en,,highly_relevant
a0mgyvXs0zg,en,Heavy impact on shores of konkan,highly_relevant
Cp1S5IN8BWo,hi,,highly_relevant
yFMxQi0s78Q,en,,highly_relevant
bIRXE4pKt1U,en,,highly_relevant
ZpQ-iNJmiCo,en,Tauktae cyclone in devgad konkan Maharashtra India,highly_relevant
fEot1McIwDs,en,Ratnagiri hapus mango,highly_relevant
JNQ0W3u2XVo,hi,निसर्ग चक्रीवादळाचा सर्वाधिक फटका कोकणात दापोली मंडणगड या,highly_relevant
#NAME?,en,So Brilliantly Captured Hats Off,highly_relevant
7qdpEMtnpl0,hi,lokshahimarathi Maharashtra कोकणकरांसाठी,not_relevant
GoCTnP2nxHQ,hi,रत्नागिरी अरबी समुद्रतुन् जाणारे चक्रिवादळ चा मार्ग व् प्रवास,not_relevant
M6E3rxYmBzE,en,,highly_relevant
skRCsJhYhFE,en,tauktae cyclone Update in konkan तोक्ते चक्रीवादळ आचरा अपडेट tauktae,highly_relevant
Y9Rbmx2MF0A,hi,तौत्के चक्रीवादळ केरळ गोवा रत्नागिरी सिंधुदुर्ग रायगड व मुंबई,highly_relevant
RMV7_hBSEuk,en,After Nisarg cyclone effect in Konkan निसर्ग चक्रीवादळा तडाखा हरीहरेश्वर,highly_relevant
E21S2krF-cs,en,Cyclones at kokan कोकणातील चक्रीवादळ Kokan,highly_relevant
BsNQ64_2o1c,hi,वरील बातमी सविस्तरपणे वाचण्यासाठी क्लिक करा 24taas com फेसबुकवर लाईक,highly_relevant
E621f_E4Df4,hi,माझा सिंधुदुर्ग ब्रेकिंग साद तुमची साथ आमची,not_relevant
ACpAYNxTdsY,en,,highly_relevant
fOE7KXMan9c,en,,highly_relevant
kHVu9aVPab8,hi,,not_relevant
PsoiH7VRiQI,en,,highly_relevant
niEeFxJN2z0,en,rain ोकणvista,highly_relevant
6bswU59plNs,en,Biparjoy Cyclone Effect Kokan 2023 Biparjoy Cyclone 2023 बिपर्जोय वादळ कोकण २०२३,highly_relevant
G8UoZ77hQ-0,en,Kokan_Tauktae_Cyclone_Update,highly_relevant
lY7maWtszMU,hi,तौत्के चक्री वादळ गोव्यावरून कोकण किनारपट्टीला सरकू लागले आहे,not_relevant
4BkzQbGRJZI,hi,LIVE TV playlist TV9 Marathi is a 24 7,not_relevant
5VvdLt7p58k,en,BiparjoyCyclone Credit Harshal Producer Aishwarya Editor,highly_relevant
1u_49srrFd8,hi,तोक्ते चक्रीवादळ आज कोकण किनारपट्टीवर सक्रिय होणार असून याचा,highly_relevant
QPun13GmOB0,en,biparjoycyclone ाझा,highly_relevant
MAg1FOOpnyc,en,,highly_relevant
_dGHDX5F8d4,en,LIVE TV playlist TV9 Marathi is a 24 7,highly_relevant
K8MySEnTWws,hi,मुंबई तौत्के चक्री वादळ मालवण किनारपट्टीवर धडकल्यानंतर या,not_relevant
Cyyq5OK8wWQ,en,Power Plus is an ayurvedic drink made up of quality noni fruit extracts that boosts your immune system Order now,not_relevant
iaKWTedVCfE,hi,कोकणात तौक्ते चक्रिवादळाचं संकट परतवून लावण्यासाठी सज्जता,highly_relevant
fMWEBC21RbQ,en,कायर वादळ २४ ऑक्टोबर २०१९,highly_relevant
toohnhZslKU,en,,not_relevant
4qRJUIHnbns,hi,,highly_relevant
ubxqUB3tqzQ,en,tauktae cyclone Update in konkan तोक्ते चक्रीवादळ आचरा अपडेट tauktae,highly_relevant
TdaPXwtZRdI,hi,LIVE TV playlist TV9 Marathi is a 24 7,highly_relevant
BEJdnBUs3ns,en,,highly_relevant
C0EjrVzgb5U,hi,महाराष्ट्रात ऑरेंज अलर्ट चक्रीवादळ गुजरातला धडकणार नवी दिल्ली,not_relevant
k_0QkRg7xs8,en,,not_relevant
5p_BADtJA5E,en,Subscribe to our YouTube channel here For latest breaking news,highly_relevant
OB1IiO2rLtY,en,Wait for end_Biporjoy cyclone,highly_relevant
yRQkIYgu5zc,en,Subscribe to our YouTube channel here For latest breaking news,highly_relevant
tKx2UMhK3kk,en,Power Plus is an ayurvedic drink made up of quality noni fruit extracts that boosts your immune system Order now,not_relevant
Ot8T8WPLSx0,hi,biparjoycyclone ाझा,highly_relevant
lTGDAAAKREY,en,Tauktae cyclone which reached in Konkan and Raigad on Sunday evening 16th may 2021 and lasted till Monday evening lead,highly_relevant
aPDUk1m3TSo,hi,,not_relevant
NxmVq8UkvC8,hi,Shorts Monsoon News Today राज्यात 3ते4 दिवस मुसळधार पावसाची शक्यता,not_relevant
vXKaYRLifFY,hi,ratnagiritimes ्नागिरीटाइम्स ाइम्सडिजिटल Malvan मालवण समुद्र,not_relevant
4Up_xwrZJQc,hi,कोकण किनारपट्टीवर आज समुद्रात उधाण पाहायला मिळत आहे सुमारे 3 ते 3 5,not_relevant
fW5bmxVRUXM,en,Severe Rainfall Alert for Konkan Goa and Gujarat state Heavy to Very Heavy Rainfall at a few places with Extremely Heavy Falls,highly_relevant
n7ZeD7_pLaI,hi,रत्नागिरी जिल्ह्यातील निसर्ग चक्रिवादळाचा वेग तुम्ही या video मध्ये,highly_relevant
1LSNG9wG_II,hi,,not_relevant
lNbxH38657k,en,Subscribe to our YouTube channel here For latest breaking news,highly_relevant
QlnVzUEfwqs,hi,HPNMarathiNews Rain in Maharshtra महाभयानक,highly_relevant
_6yJ94TZKB8,hi,दोन दिवसांपासून सुरू असलेल्या मुसळधार पावसामुळे कोल्हापुरात पूर,highly_relevant
usSq1MJH44k,hi,जालना जिल्ह्यातील घनसावंगी आणि अंबड तालुक्यांमध्ये रात्रभर,highly_relevant
vJr6zuTTek8,hi,अकोला बुलढाणा महामार्ग ठप्प मन नदीला पूर Akola News अकोला जिल्ह्यात,not_relevant
PCsH8WY16yk,hi,Indrayani River आळंदीत इंद्रायणीला पूर पुलावरील वाहतुक बंद Marathi News,not_relevant
NMhc05gYdxM,hi,abpmajha ाझा Belgaon Flood,highly_relevant
EroUcg7CwHU,hi,MarathaCommunityVictory,not_relevant
hj_SpUAAeZQ,hi,वाशिममध्ये मुसळधार पावसाचा कहर उतावळी नदीला पूर Washim Rain News वाशिम,highly_relevant
UQePi3Ll5nY,hi,लॉग इन करा यवतमाळ,highly_relevant
SN_zg6EeF94,hi,नाशिकमध्ये मुसळधार पाऊस गोदावरी नदीला पूर Nashik Heavy Rain News Heavy rainfall has,highly_relevant
CZwLrReGlR8,en,Marathi News Maharashtra News Maharashtra Politics Marathi Batmya Marathi News Headline Marathi News Mumbai,highly_relevant
9Juay1GQppw,hi,rainupdate,highly_relevant
x-xNqpJm0N0,en,MonsoonUpdate,highly_relevant
5BRFz-dt_Ys,hi,नांदेड जिल्ह्यात पावसाचा कहर अनेक ठिकाणी पूर परिस्थिती Nanded Flood,highly_relevant
LvlQy_U8rhI,hi,बीड जिल्ह्यात मुसळधार सरस्वती नदीला पूर Beed News बीड जिल्ह्यात,not_relevant
KjWjdEBQTtY,hi,सांगली शहर आणि परिसरात अजूनही पुराची स्थिती भीषण आहे हजारो घरं,not_relevant
EKkX7nBwEgk,hi,Godavaririver ाझा,not_relevant
RCG9NYOv0PA,hi,नांदेड जिल्ह्यात सकाळ पासून पाऊस सूरू आहे हिमायतनगर तालुक्यातील,highly_relevant
Os6dG05U1hA,en,MarathiNews लॉ़ग इन करा,highly_relevant
mopkn2FsAIU,hi,Heavy Rain Monsoon मुंबई कोकणात मुसळधार पाऊस खेडमध्ये जगबुडी नदीला पूर,highly_relevant
qhdM4L7UppI,hi,नांदेड जिल्ह्यात मुसळधार पाऊस सुरू आहे या पावसामुळे जिल्ह्यातील,highly_relevant
q8w0qM9RLJg,hi,abpमाझा,highly_relevant
J42MXaGl7hc,en,Rainupdate,highly_relevant
k9NOgjd-V1M,hi,Sangali Flood जिल्ह्यात महापूर पण डोळ्यात आसवांचा पूर Maharashtra Flood,highly_relevant
29ZvKhdKIXo,en,ABPMajha Maharashtra Rain Updates,highly_relevant
8vrS2DIEqyk,hi,भंडारा जिल्ह्यामध्ये गेल्या चार दिवसांपासून पावसाचं थैमान सुरू,highly_relevant
iIZRkiH0d_s,hi,कोल्हापुरात पुन्हा एकदा पावसाने थैमान घातलंय अतिवृष्टी पूर,highly_relevant
LriZVYnCa_0,en,MonsoonUpdate,highly_relevant
kLWeyZSx2gk,hi,Baramati Heavy Rain बारामतीत मुसळधार पाऊस निरा नदीला पूर Rain Update,highly_relevant
W7dnx6pHrQ0,hi,maharashtra rain update । गडचिरोलीच्या दुर्गम भागात मुसळधार नदी नाल्यांना,highly_relevant
flGTMRuj0LI,hi,वर्ध्यात यशोदा नदीला पूर अल्लीपूर अलमडोह मार्ग बंद Yashoda River Flood,highly_relevant
94ljQLxa0r4,hi,Punjab Flood पंजाबमध्ये 1300 पेक्षा अधिक गावांना पुराचा वेढा,highly_relevant
znjIDVlvXdU,hi,ElectionCommission,not_relevant
qwlzxOt_Hys,hi,lokshahinews,highly_relevant
ResMYZB1dgg,hi,नंदुरबारत तापी नदीवर पूर 33 गावांना सतर्कतेचा इशारा Tapi River सततच्या,not_relevant
Xode3riVIwI,hi,अकोल्यात ढगफुटी पारस गावात पाणीच पाणी Akola Rain News बातमी अकोल्यातून,highly_relevant
o2D37v4WlIk,hi,लॉग इन करा यवतमाळ बीड,highly_relevant
jeN5cLCvhW0,hi,Zee24Taas Washim heavy Rain News वाशिमच्या,highly_relevant
Dj4brPNQqDs,hi,विदर्भासह कोकण आणि कोल्हापूर जिल्ह्यात पावसाने भीषण परिस्थिती,highly_relevant
SdeQExfDPhI,hi,नांदेड जिल्ह्यात दोन दिवसांपासून सुरू असलेल्या मुसळधार,highly_relevant
c4FVH-7XnZQ,hi,HPNMarathiNews ुफान_पाऊस सीना नदीला पूर पाकणीचा,highly_relevant
AjYJvS5sEPo,en,Pandharpur Chandrabhaga River Flood News चंद्रभागेला पूर नदी काठची गावं पाण्यात,highly_relevant
15GQGgtySxQ,hi,सिंधुदुर्ग जिल्ह्यामध्ये काल रात्रभर झालेल्या मुसळधार पावसामुळे,highly_relevant
WYx9GVQmMVE,hi,abpमाझा,highly_relevant
d2-stJTwqsE,hi,MarathiNews लॉ़ग इन करा,highly_relevant
LRjEk3AZB68,hi,लॉ़ग इन करा हवामान,highly_relevant
dpbcMZZvE_M,en,MaharashtraWeather Maharashtra Weather Updates,highly_relevant
7PcV1m4Q-Ck,hi,Flood सरकारने पुनर्वसनासाठी निधी उपलब्ध करून,highly_relevant
V2a8M40H4To,hi,abpmajha ाझा,not_relevant
bke3hJt9aS8,hi,पैनगंगा नदीला आला मोठा पूर सहस्रकुंड धबधब्याने घेतले रौद्ररूप,not_relevant
WyDc6Ko_NJw,hi,धाराशिव जिल्ह्यात जोरदार पाऊस झाला आहे यामुळे टेरणा नदीला पूर आला,highly_relevant
BUutwvJU2SY,hi,नंदुरबारमध्ये मुसळधार पाऊस पातळगंगा नदीला पूर Nandurbar Rain Update,highly_relevant
7KAGDK_k93Q,hi,महाराष्ट्रात सलग दोन दिवस मुसळधार पाऊस सुरू असून अनेक नद्यांनी,not_relevant
KdeV5no3-l0,hi,वर्धा जिल्ह्यात आज सकाळपासून सुरू असलेल्या मुसळधार पावसामुळे,highly_relevant
IWrMKmoCQ34,hi,गंगापूर धरणातून विसर्ग सुरुच गोदावरी नदीला पूर Gangapur Dam At Godavari River,not_relevant
bWf5f7Iq778,hi,जळगावच्या पाचोऱ्यातील हिवरा नदीला पूर Jalgaon News Jalgaon flood news Pachora heavy,highly_relevant
bckCT4qYPB4,hi,SangliFlood सांगलीमध्ये आतापर्यंत चार महापूर येऊन,highly_relevant
PVWNmFT8TXE,hi,पूर्णा नदीला पूर प्रशासनाकडून खबरदारीच्या सूचना Buldhana Poorna River Flood,highly_relevant
yHqxhMDGZLw,hi,Nanded River Flood नांदेडमध्ये पुराच्या पाण्यात तरुणाची स्टंटबाजी tv9,highly_relevant
#NAME?,hi,प्रमुख नद्यांना सलग ४ दिवस पूर पिके गेली वाहून Washim Rivers Flood News,highly_relevant
IOUqx6uKxRc,hi,MumbaiRains,highly_relevant
AuQau7IjyEI,hi,GulabCyclone उत्तर महाराष्ट्रात मुसळधार पाऊस नद्यांना पूर,highly_relevant
v6VYyfpsWi0,hi,भुती नाल्याला पूर ब्रम्हपूरी वडसा मार्ग पुन्हा ठप्प Bramhapuri Wadsa road,not_relevant
p3E5xMV6EKA,en,Rainupdate Mumbai Rains Local Train LIVE News Updates,highly_relevant
LQpoC4tGRzM,en,pudharinews pandharpur flood chandrabhaga river flood like situation heavy rainfall monsoon impact water,highly_relevant
gr90wTbyrAE,hi,नांदेड जिल्ह्यात दमदार पावसाने आसना नदीला पूर Nanded News मागील दोन,not_relevant
x9siAcyXITM,hi,लॉग इन करा मुंबईसह,highly_relevant
IuDGkhtcOLg,hi,NandedRain नांदेड जिल्ह्यात जोरदार पाऊस सुरू आहे,highly_relevant
mUshw4Vvjrg,en,HPNMarathiNews ुफान_पाऊस तुफान पाऊस ।,highly_relevant
bmiKdxvxkSY,hi,चिपळूण शहराला आज दिवसभर पुराच्या पाण्यानं वेढा दिलेला होता शिवनदी,highly_relevant
jWc9qNa3Ync,hi,रायगड जिल्ह्यामध्ये सर्व सहाही तालुक्यांना मुसळधार पावसानं,highly_relevant
fimzLu7MC40,en,Maharashtra rain news Heavy rains lash Vashi taluka flooding rivers and streams Chandani River overflows submerging,highly_relevant
2DkbCQKzGHs,hi,Subscribe जळगाव जिल्ह्यातील नागझरी नदीला पूर जळगावात,not_relevant
9B67AsxI0Gw,hi,Rainupdate Mumbai Rains Local Train LIVE News Updates,highly_relevant
Nb-PjIbY4o8,hi,लॉग इन करा बीड,highly_relevant
pehtoS1tKRI,en,Good news for Nashik residents The flood situation in Nashik is gradually improving as water levels start receding However,highly_relevant
#NAME?,hi,,not_relevant
ma_8r8cisL4,en,Follow us for latest updates on official pages,not_relevant
OIsUSqbw6UQ,hi,HPNMarathiNews ुफान_पाऊस तुफान पाऊस ।,highly_relevant
lj2918CNNCg,hi,राज्यभरात अनेक ठिकाणी जोरदार पाऊस झाला आहे यामुळे नद्या आणि नाले,highly_relevant
plGmcdMtVqU,hi,MumbaiRains,highly_relevant
oZ8mgKqw3hI,hi,raigad,highly_relevant
b4qVfuklJ3k,hi,महाराष्ट्रात मुसळधार पावसामुळे धरणांचे दरवाजे उघडले नद्यांना,highly_relevant
Jp3SDvCxaYw,hi,सिक्कीममध्ये ढगफुटीमुळे तीस्ता नदीला पूर,highly_relevant
0YFp86C58GA,hi,abpmajha ाझा,highly_relevant
8afY4DlQ_uw,hi,rainupdate,highly_relevant
OLiV755mlsc,en,Two farmers were trapped in the Painganga river in Pedgaon in Risod taluka of Washim Both farmers went to the fields while the,relevant
6aqyIiHeqOY,hi,Buldhana Flood Video समृद्धी महामार्गावर शिरलं पुराचं पाणी काय घडलं,highly_relevant
Pqs9ChvX_1w,en,pudharinews Pudhari News बुलढाणा,highly_relevant
IdZkMpklM6Y,hi,abpमाझा Maharashtra Rain Loss अवकाळीचा जोर,highly_relevant
tLTI2XATvmY,hi,Nashik News गिरणा नदीला पूर नदीकाठच्या गावांना सतर्कतेचा इशारा Maharashtra,not_relevant
_rJ079BpHKw,hi,pudharinews,not_relevant
I5VRxDH7m6w,hi,rainupdate,highly_relevant
Au9V1Rt_sEk,hi,वर्धा जिल्ह्यामध्ये आज पावसाचा Red Alert जारी करण्यात आला आहे Lal Nala,highly_relevant
2HekbwnLeLY,en,Maharashtra has been reeling under heavy rains and floods Several districts have been affected due to rainfall Hundreds of,highly_relevant
SsWDIMD42h0,en,वैनगंगा नदी महाराष्ट्र पूर 2023 Wainganga Rivar Maharashtra Flood 2023 wainganga river,highly_relevant
HDl-svhI5hg,en,is a 24 7 Marathi language News Channel based in Mumbai Maharashtra that launched in 2009,not_relevant
UZD3qBFVJE4,hi,राज्यभरात सुरू असलेल्या मुसळधार पावसामुळे अनेक ठिकाणी पूरस्थिती,highly_relevant
QGGdR0qkKs0,hi,Satara Rain News साताऱ्यात जोरदार पाऊस धरणाच्या पाणीपातळीत वाढ प्रशासन,highly_relevant
A2EOxG2AuLM,hi,Maharashtra Rain News राज्यभरात दिवसभर पावसाचा हाहा कार नदीनाल्यांना पूर,highly_relevant
72JTTty34Lo,hi,Launch of Mumbai Climate Action Plan मुंबई वातावरण कृती आराखडा अहवाल लोकार्पण,not_relevant
zifDvFVLIJ4,en,is a 24 7 Marathi language News Channel based in Mumbai Maharashtra that launched in 2009,not_relevant
ctrFd89rIP0,hi,LIVE TV playlist TV9 Marathi is a 24 7,highly_relevant
y1bcWRMlPW0,en,Stormsurge,highly_relevant
b1JW0FpVDkE,hi,वडराई समुद्रात बोट अडकली १३ जण या बोटीत असल्याची माहिती,not_relevant
X3GTGohiJfs,en,चक्रीवादळतील तो दिवस Cyclone that Day The eye of the storm narrowly missed the city while nearby coastal,highly_relevant
pgtqEELHcFc,hi,US madhe कुठेही गेलात तर अमेरिकन लोक कमी आणि टूरिस्ट लोक किव्वा पर,not_relevant
nT9Zgi_JK9g,en,Weekly Current Affairs Top 60 MCQs 9 Aug to 15 Aug by Rohit Sir Unacademy IBPS PO Championship Free Mocks for,not_relevant
MVIqHCCxm-w,en,Polity by Lakhmikant English Polity by Lakhmikant Hindi,not_relevant
PWy2wx8S2Uk,en,Daily Current Affairs of 7 August 2020 by Priyanka Mam are explained in this video The current affairs are in bilingual nature i e,not_relevant
0ckHN4sprx0,en,This channel is for all types of competitive exams About OM Library is a YouTube Channel for Educational videos Daily,not_relevant
09DDFkLGcKg,en,Current Affairs Quiz 2020 by Bhunesh Sir 7 August 2020 Current Affairs Questions 2020 Current Affairs Today Welcome to,not_relevant
u6TeA2Aqf8M,en,KVS PGT TGT NET AP Exam Practice Classes 2022 2023 Geography By Abhishek Kumar Jha Join our Free Telegram,not_relevant
51qW5ZLt7Sk,en,Haye Haye Yeh Majboori Full Song Lata Mangeshkar Manoj Kumar Zeenat Aman 70s Hit Song Movie album Roti Kapda Aur,not_relevant
SZZcceE19H4,hi,मुंबईजवळील अरबी समुद्रामध्ये उच्च समुद्राच्या लाटा दिसतात गेट वे,not_relevant
aqbVd5bZVac,en,Movie Kachche Dhaage 1973 Music Director Laxmikant Pyarelal Singers Lata Mangeshkar Director Raj Khosla Enjoy this,not_relevant
wJ1mqmbngO0,en,Movie Samadhi 1972 Song Kaanta Laga Bangle Ke Peechhe Starcast Asha Parekh Singer Lata Mangeshkar Music,not_relevant
xWdCmQxaysY,en,We all know how successful Kishore Kumar was and how hardworking he was Once Lata ji could not come for the song due to,not_relevant
s5F5o8yLsHM,en,Listen to the song Haye Haye Yeh Majboori हाय हाय ये मजबूरी starring Zeenat Aman sung by,not_relevant
t5wpdRDhZ_Y,en,Listen to the timeless classic Haye Haye Yeh Majboori from the iconic 1974 film Roti Kapda Aur Makaan This soulful song sung,not_relevant
8OyKETT5pAc,en,we r provide online yoga class weightloss strength bodytoning fitness Personal Training Therapeutical Yog contact 9998921379,highly_relevant
LZYO5nZ29LE,en,Lata Mangeshkar Main Tere Ishq Mein Old 70s Song Romantic Hits Song Main Tere Ishq,not_relevant
KOT0j-B8Ktk,hi,पाएं अपने सवालों के जवाब इस विडियो के माध्यम से आप,not_relevant
8kJq0iS2Fnk,en,Saiyaara Full Song Lata Mangeshkar Kishore Kumar Saiyaara Old Version Hai main Mar Hi Jau Saiyaara Original What if,not_relevant
byDiwLWnOpw,hi,समुद्राच्या लाटा पासून दुर रहा,not_relevant
u42ZpTwCgi4,en,00 28 Sheesha Ho Ya Dil Ho Aasha 04 26 Pardesiya Yeh Sach Hai Piya Mr Natwarlal 09 03 Tere Bina Zindagi Se Koi Shikwa,not_relevant
NHlBYvIMyOI,en,bloodpressureproblems ch12 Related Keywords बीपी लक्षण हाई बीपी लक्षण,not_relevant
jXV-me-UAI0,en,top 5 best iconic songs of Lata Mangeshkar aye mere watan ke logo dekha ek Khwab,not_relevant
az3Dhx1LdI8,hi,हाई डिमांड पर रिलीज हुआ ये Video झुमका लाना ऐ बलम antra Singh Priyanka sona ka,not_relevant
uxBpZ6bSzOY,en,लाटा parking,not_relevant
aHnmN_HSv5o,en,Opening a 60 year old can of Grape Hi C from a Fallout Shelter I was surprised by the brown color and the smell It smelled like,not_relevant
yP7OoWMR5Uw,en,Remembering the queen of melody and her contribution to Indian music industry Listen to old Hindi songs sung by Lata Ji and,not_relevant
r5S1ZqNzmA4,en,Saiyaara Original Lata Mangeshkar Kishore Kumar Saiyaara Old Version Hai main Mar Hi Jau What if the emotional hit,not_relevant
8I8iWDQfQ2M,hi,हाई डिमांड पर रिलीज हुआ ये झुमका लाना ऐ बलम Singh Priyanka Sona Ke,not_relevant
1JoblEzytSA,en,hy dekho lata mangeshkar k u daily vloge song,not_relevant
lWnA2deaDmo,en,In this video we have discussed important symptoms of high blood pressure,not_relevant
4BfXgOmmR2k,hi,सबसे उच्च श्रेणी का जप जो शीघ्र परमात्मा के करीब लाता है।,not_relevant
q_X56QruzUc,en,,not_relevant
aXe-Dt1GBVg,hi,,not_relevant
QNsOGT3mn1M,hi,बैंगलोर से माधवी लता दुनिया का सबसे ऊंचा रेलवे पुल डिजाइन किया उनकी,not_relevant
c4Nf2rsnx-o,hi,कह सीता सुनु जति गोसाई।,not_relevant
6UEiTefFO-U,en,,not_relevant
o7S6Z0aJCY4,hi,ज्वालामुखी का लावा लाना अत्यंत कठिन और खतरनाक कार्य है। इसके कई,not_relevant
XacEdgWD4uw,hi,,not_relevant
pNO8bIxRKn4,hi,,not_relevant
lI1FczgshD0,hi,,not_relevant
uCxuxSooeYk,hi,बीमारी रोधक क्षमता हमारे बीज रोगों से लड़ने में सक्षम। आकर्षक,not_relevant
8neF5PNjzdQ,hi,,not_relevant
a9isB_fzh38,en,लो बीपी के लक्षण BP Low Symptoms निम्न रक्तचाप के लक्षण Symptoms of Low Blood,not_relevant
pXt_yYarJ64,hi,Running में Speed लाना है तो ये 4 Exercise जरूर करें।,not_relevant
yZe7tA08jrs,hi,हाइपरटेंशन Hypertension या हाई ब्लड प्रेशर High blood pressure एक बहुत ही आम,not_relevant
e39rFLmeZUo,hi,,not_relevant
ojyjMzMlxLY,hi,,not_relevant
wWnoLv0-cRU,en,The ghost,not_relevant
O8psOkTO7Gc,hi,तुम्ही माझ्या युट्यूब चैनलला भेट दिल्याबद्दल धन्यवाद असाच सर्पोट,not_relevant
xiMPSyK_C8M,en,super jaychand Yadav comedy video,not_relevant
8GvvEUOGCow,hi,funny ॉर्ट्स,not_relevant
eIfC_2jgu9Q,hi,10th बोर्ड का परीक्षा Vs बिहारी स्टूडेंट,not_relevant
Nlcs0hzv4AA,hi,शीला देवी नवादा शॉर्ट वीडियो देखकर दोस्तों सब्सक्राइब कीजिए,not_relevant
cYyMzStSLL0,hi,Hindi Chapter 64 डर उच्च स्तर की जागरूकता लाता है,not_relevant
812a6vjtFD8,en,,not_relevant
vYiG4rPYSWM,hi,ईद के दिन भी रिकॉर्डिंग पर Mohammed Rafi स्रोत पुष्टि,not_relevant
tz8kmuG9zEY,en,,not_relevant
9iWube_DGy0,en,Me VS Maa At Lunch Break,not_relevant
16ORyVTwrlo,hi,,not_relevant
pFfjsKVH5Lc,hi,,not_relevant
uWTsNTsogbw,hi,,not_relevant
pgCqE1phCkg,en,jhupat jhupat aabe dai kuwari mata kuwarimata kuwari mata ka ghar bhakto ki bhid kuwarimata kuwari mata kuwari mata,not_relevant
8DGy5nogjcc,en,Hello Everyone welcome back to my channel I hope you will be good happy if You want to watch my video regularly please,highly_relevant
rBStjRDHdqw,hi,cholesterol,not_relevant
VdrjWFKEiJw,hi,,not_relevant
CQ0DoEFv0x8,en,RPF SI Constable physical test rpf ki physical long jump high jump chest running rpf physical rpf physical me kya,not_relevant
xsZojWvdEB8,en,Saiyaara,not_relevant
okVAfAFA954,en,Alka Yagnik Shreya Ghoshal Singing Pucho Zara Pucho,not_relevant
UbDiLMsKmQQ,en,Sathyam shivam sundaram सत्यम शिवम सुंदरम 1978 Singer लता मंगेशकर Lata Mangeshkar विवाद,not_relevant
JovIWPl4RUg,hi,,not_relevant
klKUnO62hyE,en,funny Motu Patlu stop the high speed train,highly_relevant
cpwVKhCbD7M,hi,,not_relevant
YT1o1xAR8TI,en,,not_relevant
6pYO__qYzSc,hi,बोर्ड परीक्षा पास होने के लिए कितना नंबर चाहिए,not_relevant
LyzuRhCH48o,hi,चींटी खाने की जगह चप्पल उठा लाई,not_relevant
9VpgCIuE054,hi,पाएं अपने सवालों के जवाब हमारे दिमाग में आने वाले,not_relevant
vZvM2V7pZz0,hi,थार की असली पावर,not_relevant
ZCI2Vzlp2r4,en,Its an emotional track very well sung by Lata Mangeshkar the song Rasik Balma from the movie Chori Chori 1956 starring,not_relevant
yC08kR_0D_U,hi,,not_relevant
dpUi2X5w6-o,en,JANA GANA MANA NATIONAL ANTHEM INDIAN FLAG creative,not_relevant
hmUsavDdpBI,en,been craving SALTY FRESH lately what do you think I m having or What s on my plate Tuna avocado cucumber,not_relevant
IhvSCNhNwb0,en,High jump कैसे करें Delhi police high jump kaise kare high jump ke liye Best Exercise your ques Is video se aapke,not_relevant
UHHcDbNnMDQ,hi,बोर्ड परीक्षा पास होने के लिए कितना मार्क्स चाहिए,not_relevant
Wx_qfgAueYg,en,Laka Gaming Vs Raistar Tonde Gamer shortsyt,not_relevant
f63cZgEczyc,en,Shahjahanpur laat sahab julus holi 2025 बड़े लाट साहब का जुलूस शाहजहांपुर,not_relevant
tJcsxXV-LyY,hi,YouTube Description घर में पानी की सप्लाई कमजोर है अब टेंशन खत्म इस वीडियो,not_relevant
iLvr2AdNqaM,en,highbp,not_relevant
BaGUPKAL96c,en,90 S Old Hindi Songs 90s Love Song Udit Narayan Alka Yagnik Kumar Sanu songs Hindi Jukebox songs,not_relevant
l9FO49hiFAU,hi,कर्मा हेल्थकेयर एक हेल्थकेयर स्टार्ट अप है जिसका उद्देश्य ग्रामीण,not_relevant
wCukphGweKU,en,,not_relevant
_4b5sTLWdFw,hi,Sreema Feeds लाता है उच्च गुणवत्ता वाला कैटल फीड जो देता है बेहतर दूध,not_relevant
CcC-BuqbBds,hi,भूलेबिसरेगीत ईचक दाना बीचक दाना Ichak Dana Bichak Dana Mukesh Lata,not_relevant
rJr-fhhWpXU,en,high voltage generator high voltage generator unboxing diy high voltage generator high voltage generator circuit how to make,not_relevant
vOzR_o0htEs,hi,सच्ची घटना लता खरे एक प्रेरणा ा प्रतिभा ा खरे,not_relevant
a5t0Wes-KrI,hi,जीवन में हर अनुभव कुछ न कुछ सिखाता है चाहे वो सुखद हो या कठिन।,not_relevant
0U_iKsWpgMs,hi,superhitgaane,not_relevant
JaV1P7TwGH0,en,if you re like my video s then please please kar lena Khmer Famer Subscribe to our,not_relevant
iu8LlZdrOek,hi,Portulaca Plant Care In Winter सर्दियों में पोर्टुलाका प्लांट की देखभाल,not_relevant
K0TzqfWj0C4,en,Today trending shorts video village family fun motivational shorts video cute girl shorts viral funny prank humanity shorts video,not_relevant
KjMy0ZXmB3k,en,Hello Friends welcome to my another video about how to see youtube shorts video in high quality you can control the,not_relevant
3qpO5Og3rJc,en,Seize the day sing the heart warming song Khayi Hai Re Humne Kasam from the movie Talash 1969 starrer Rajendra,not_relevant
NhrGdwY21Dc,hi,निशु देशवाल के ट्रैक्टर की सॉरी सच्चाई स्वराज 855 मैं यह गलती,not_relevant
KUic5ED9TKs,en,Listen to the super romantic song Meghaa Re Meghaa Re Mat Parades Jaa Re मेघा रे मेघा रे मत परदेश,not_relevant
5sxe2BPS8-w,hi,जिला रिपोर्टर शक्ति उदय मधुकर प्रगतिशील छ ग सतनामी समाज जिला,not_relevant
ZzDpYgjq-Vc,hi,,not_relevant
nD1pTzhbaaI,hi,,not_relevant
GoDzTluitoo,kn,ಬಕಾಸುರನಂತೆ ಬಾಯ್ತೆರೆದು ಬಂದಿದೆ ದೈತ್ಯಾಕಾರದ ಧೂಳು ನೂರಾರು ಜೀವಗಳನ್ನ,not_relevant
Ol5xZCDfQhA,en,TV9 Kannada Website Subscribe to Tv9 Kannada Like us on,highly_relevant
EaKTo6jUp-o,kn,ಕೊಡಗು ಜಿಲ್ಲೆಯಲ್ಲಿ ಮಳೆಯ ಅಬ್ಬರ ಕೊಂಚ ತಗ್ಗಿದ್ದರೂ ಪ್ರವಾಹದ ಸಂಕಷ್ಟ,highly_relevant
vkLfyVPiEPM,kn,Kodagu floods,highly_relevant
7IqCX2Z9X6c,kn,ನೀರಿನ ವಿಕೋಪಕ್ಕೆ ನಾಶವಾದ ಮನಗಳು ಶಾಲೆಗಳು ಇತ್ಯಾದಿ ಕಾಯ೯ಲಯಗಳ ಮರು,not_relevant
rFmzABMbsrE,en,Kodagu Floods ಕೊಚ್ಚಿ ಹೋಗಿದೆ ಬದುಕು TV5 Kannada TV5 Kannada now captures Karnataka every inch and,highly_relevant
rbJlfh0j5mU,en,Rivers are overflowing bridges are submerged ಮಳೆಗೆ ಉಕ್ಕಿದ ನದಿಗಳು ಸೇತುವೆ ಮುಳುಗಡೆ,not_relevant
7dava-SbTQ8,kn,LIVE Heavy rain India ಮಳೆಗೆ ಉಕ್ಕಿದ ನದಿಗಳು ಸೇತುವೆ ಮುಳುಗಡೆ,highly_relevant
ViItRFnJirw,en,,not_relevant
wLw6ku8I0VA,kn,ಮತ್ತೆ ಮುಂಗಾರು ಆರ್ಭಟ ಕರಾವಳಿ ಭಾಗಕ್ಕೆ ರೆಡ್ ಅಲರ್ಟ್ ಜನತೆ ಎಚ್ಚರ ರೆಡ್,highly_relevant
0DwMZQpUkJM,kn,297 ಅತ್ತಿವೇರಿ ಪಕ್ಷಿಧಾಮ ಯಾವ ಜಿಲ್ಲೆಯಲ್ಲಿ ಕಂಡು ಬರುತ್ತದೆ 1 ಶಿವಮೊಗ್ಗ 2,not_relevant
QxB-6R2pmTY,kn,KAS_PSI_PC_FDA_SDA ಇತರ ಸ್ಪರ್ಧಾತ್ಮಕ ಪರೀಕ್ಷೆಗಳಿಗೆ ಉಪಯೋಗವಾಗುವ ವಿಷಯಗಳು ಈ,not_relevant
a0h5r6xW4xY,en,,not_relevant
JM8Nug8Us1g,kn,ಹ,not_relevant
xGqKwQngUwc,kn,,not_relevant
kqoPAt9HMl0,en,,not_relevant
BvwISVMg1n8,en,PSI Physical Exam 2021 in Karnataka Hall Ticket or Admit Card Download Link,not_relevant
Y9xl7BOvuVE,en,57 ಬಂಗಾಳ ವಿಭಜನೆ 1905 Oct 16,not_relevant
m5VSfbdRJZA,en,,not_relevant
BtSFCUZ_O6w,kn,,not_relevant
4eslGdu5L3c,kn,,not_relevant
o3iIwa2eHGc,en,,not_relevant
knQQfnYwwnc,en,PSI Physical Exam 2021 in Karnataka Hall Ticket or Admit Card Download Link,not_relevant
rdeLr_ss96s,en,,not_relevant
QN5rsjAJwms,kn,,not_relevant
3Ul6kHhw9gg,en,To Join Our Telegram Channel Click Below Link ನಮ್ ಟೆಲಿಗ್ರಾಮ್ ಚಾನಲ್ ಗೆ ಸೇರಲು ಕೆಳಗೆ,not_relevant
vK_qaPmuSzM,en,,not_relevant
OeNF-XUwR1A,en,,not_relevant
YVv8r8CgwG8,kn,,not_relevant
NlHaFOSy8aA,kn,KAS_PSI_PC_FDA_SDA ಇತರ ಸ್ಪರ್ಧಾತ್ಮಕ ಪರೀಕ್ಷೆಗಳಿಗೆ ಉಪಯೋಗವಾಗುವ ವಿಷಯಗಳು ಈ,not_relevant
sqLCP7IraA4,en,,not_relevant
kI4Z8Q00nGU,kn,ನಮ್ಮ ಸ್ಪರ್ಧಾಕ್ರಾಂತಿ ಅಪ್ಲಿಕೇಶನ್ ನ್ನು ಡೌನ್ಲೋಡ್ ಮಾಡಲು ಕೆಳಗಿನ ಲಿಂಕ್,not_relevant
4WIXQieInMU,en,See all my vifdeo s See my all videos in this link,not_relevant
_oYFjRF5nEw,kn,1 ಸ್ಪರ್ಧಾಕ್ರಾಂತಿ ಯೂಟ್ಯೂಬ್ ಚಾನಲ್ ಗೆ ಜಾಯಿನ್ ಆಗಲು ಮತ್ತು ಸ್ಪರ್ಧಾತ್ಮಕ,not_relevant
FzUV0CaIeho,en,GK Questions in Kannada All Videos,not_relevant
zBgbLC_cS9M,en,Information technology act 2000 Kannada Bare ACT,not_relevant
kJPATvnq6TM,en,ಇವತ್ತಿನ ವಿಶೇಷ ತರಗತಿ ಬೆಳಕು KSP KPSC TEACHER recruitment Important Class,not_relevant
qUB0rNsDAuM,en,,not_relevant
6LP3wO7QEyQ,en,Spardha kranthi kranthi kranti in kannada questions and answers kannada constable exam,not_relevant
9_iUMj32sZ8,en,ಕನ್ನಡ ಸಾಹಿತ್ಯ ಪ್ರಮುಖ ಪ್ರಶ್ನೆಗಳು chapter wise pdo and vao exam ವಿಶೇಷಾಂಕ,not_relevant
mRr53gnIaPQ,en,Model paper 1 biology,not_relevant
lrDuwtcAe5E,en,To Join Our Telegram Channel Click Below Link ನಮ್ ಟೆಲಿಗ್ರಾಮ್ ಚಾನಲ್ ಗೆ ಸೇರಲು ಕೆಳಗೆ,not_relevant
z8t__7rGylg,en,DMO DMO Murarji Lecturere solved question paper Exam held on 16 12 2018 Kannada GK,not_relevant
ecOcAYjEMGo,en,Created by VideoShow,not_relevant
XXjOCoP_ZBE,en,Like ಮಾಡಿ share ಮಾಡಿ subscribe ಆಗಿ Model paper 2 Model paper 3,not_relevant
N0lqwXdpBeU,en,Simple tricks Sk is live psi and pc previous year questions,not_relevant
yfbWlHb0pUQ,kn,ದಿನಾಂಕ 18 10 2015 ರಂದು ನಡೆದ kpsc ದ್ವಿತೀಯ ದರ್ಜೆ ಕಿರಿಯ ಸಹಾಯಕರು,not_relevant
1bbxmBS8WuA,kn,1 ಸ್ಪರ್ಧಾಕ್ರಾಂತಿ ಯೂಟ್ಯೂಬ್ ಚಾನಲ್ ಗೆ ಜಾಯಿನ್ ಆಗಲು ಮತ್ತು ಸ್ಪರ್ಧಾತ್ಮಕ,not_relevant
kT_4Jj8nwUg,en,Instagram ಲಿಂಕ್ Telegram ಲಿಂಕ್,not_relevant
aV-Mw8M_Cvs,en,Key Answers Paper 01 KAS Prelims Exam 2024 Exam Date 27 08 2024,not_relevant
ZMGW3NqCXlE,kn,TET LIVE ಸಮಾಜ ವಿಜ್ಞಾನ ಕೊನೆ ಕ್ಷಣದ ತಯಾರಿ ಕಳೆದುಕೊಳ್ಳುವುದನ್ನು,not_relevant
zkJOAYW1AnQ,en,,not_relevant
a3dxRHipx_M,en,Complete your full preparation of the FDA SDA CRASH COURSE with Priyanka Rathod through this Batch Course In this video,not_relevant
lEimzaVRu8k,en,,not_relevant
5EhDVaauUmI,ml,ഏറ്റവും പുതിയ വാർത്തകൾക്കായി സന്ദർശിക്കുക,highly_relevant
VCOXBmQQSw0,en,Reporter Live Reporterlive com is the cyberface of Reporter TV the first journalist driven news channel in Malayalam With the,highly_relevant
TIRsXWOyGyw,ml,Kerala Rain 2023 അറബിക്കടലിൽ Arabian Sea രൂപപെട്ട Cyclone Biporjoy ഇന്ന് തീവ്ര,highly_relevant
Kqm6OZMeQOs,en,The official YouTube channel for Manorama News Subscribe us to watch the missed episodes Subscribe to the,relevant
1j8d6hRFJWo,ml,Cyclone Mocha may bring more rains in Kerala ബംഗാള് ഉള് ക്കടലില് ചുഴലിക്കാറ്റ്,highly_relevant
e4FfJDPPZqI,ml,ക്യാർ ചുഴലിക്കാറ്റ് ശക്തിപ്രാപിച്ചു കേരളം കനത്ത ജാഗ്രതയിൽ,highly_relevant
CwXv4JkXL3w,en,Cyclone Titli hits Odisha shore bringing with it strong winds and heavy rain in the regions Wind speed will be gusting up to 165,highly_relevant
Dr8-VZ_heZI,ml,ചൈനാ കടലിൽ രൂപംകൊണ്ട വിഫാ ചുഴലിക്കാറ്റ് ഇന്ത്യൻ ഭാഗത്തേക്ക്,highly_relevant
HkKk_BUg9oQ,ml,ബംഗാൾ ഉൾക്കടലിൽ ചുഴലിക്കാറ്റ് രൂപപ്പെടാൻ സാധ്യത സംസ്ഥാനത്ത്,highly_relevant
DCZAnTyQJsA,ml,ഏറ്റവും പുതിയ വാർത്തകൾക്കായി സന്ദർശിക്കുക,highly_relevant
xoG-gN7UYzY,ml,ഏറ്റവും പുതിയ വാർത്തകൾക്കായി സന്ദർശിക്കുക,highly_relevant
Qng8sh8P1vA,ml,ബംഗാള് ഉള് ക്കടലില് ആന്ധ്രാഒഡിഷ തീരത്തിനു സമീപം പുതിയ ന്യൂനമര് ദം,highly_relevant
zGovOYGE_YU,en,Cyclone Biporjoy hits Gujarat What s happening Should Kerala be afraid,highly_relevant
f8uf7-Y-F0g,ml,മണിക്കൂറിൽ 204 മില്ലീമീറ്റർ വരെ ലഭിക്കുന്ന പെരുമഴയാണ്,highly_relevant
iimHiO4hFDg,en,cyclone nisarga may hit tomorrow Subscribe to Asianet News YouTube Channel here,highly_relevant
tiLGwNGdX8s,ml,asianetnews ബുറേവി ചുഴലിക്കാറ്റ് അതീവ ജാഗ്രത വേണം നേരിടാൻ,highly_relevant
5IowZndq2UI,ml,ബുറെവി ചുഴലിക്കാറ്റ് കേരള തീരത്തോട് അടുക്കുന്നു വാർത്തകൾ,highly_relevant
4DVo-pEb1ac,ml,Cyclone Biparjoy ബിപോർജോയി ചുഴലിക്കാറ്റ് Gujarat തീരത്തേക്ക് മണിക്കൂറിൽ 150,highly_relevant
tWUsLo_xmp0,ml,തെക്കൻ കേരളത്തിൽ അസാധാരണമായ ചുഴലിക്കാറ്റ് രൂപപ്പെടുന്നു,highly_relevant
D42RLTkJAhw,ml,മനുഷ്യന്റെ സമനില തെറ്റുന്നു കോവിഡിന് പിന്നാലെ ചുഴലിക്കാറ്റ്,highly_relevant
tt1DWi4W-8M,ml,ഏറ്റവും പുതിയ വാർത്തകൾക്കായി സന്ദർശിക്കുക,highly_relevant
e2s_G3ukKo8,en,Cyclone Mokha Should Kerala be worried Will the rain be heavy,highly_relevant
boIOVCWFSCo,en,The official YouTube channel for Manorama News Subscribe us to watch the missed episodes Subscribe to the,highly_relevant
ASmtm44wD3c,ml,ബുറേവി ചുഴലിക്കാറ്റ് ഇന്ത്യന് തീരത്തിന് 120 കിലോമീറ്റര് അടുത്ത്,highly_relevant
xvYGQ1xMxbc,ml,ബംഗാൾ ഉൾകടലിൽ പുതിയൊരു ചുഴലിക്കാറ്റിന് കൂടി സാധ്യതയെന്ന്,highly_relevant
mk5AwMipbmM,ml,ബംഗ്ലാദേശിൽ അടിച്ചുവീശി സിത്രംഗ് ചുഴലിക്കാറ്റ് ഇതിന്റെ,highly_relevant
CIDLt-Ma47o,ml,സംസ്ഥാനത്ത് അതിശക്തമായ മഴ തുടരുന്നു അടുത്ത 24 മണിക്കൂറിൽ ടൗട്ടേ,highly_relevant
Ex4zOFBND3s,ml,rainalert ബംഗാൾ ഉൾക്കടലിൽ മോക്ക,highly_relevant
x9yJ_1O3guo,en,The official YouTube channel for Manorama News Subscribe us to watch the missed episodes Subscribe to the,highly_relevant
Ht0r9OLShQc,ml,malayalamnewslive Watch Manorama News Channel Live Stream,highly_relevant
bb7QKgeRfw0,ml,kairalinews ഫെയ്ഞ്ചൽ ചുഴലിക്കാറ്റ് കേരളത്തിൽ,highly_relevant
U-5Nu4Lq88E,ml,അംഫാൻ ചുഴലിക്കാറ്റ് അറിയേണ്ട കാര്യങ്ങൾ Amphan Cyclone Kerala Iam Razeen Latest,highly_relevant
ryS_DG4Xmq0,ml,കേരള തീരത്ത് കനത്ത മഴ പെയ്യിച്ച് മഹാ ചുഴലിക്കാറ്റ് കനത്ത മഴയില്,highly_relevant
QimsfLMV0Cg,ml,60 വർഷത്തിന് ശേഷം അറബിക്കടലിൽ അസ് ന ചുഴലികാറ്റ് രൂപപ്പെടുന്നു,highly_relevant
U9hlWWrBJSo,ml,Cyclone Mocha intensifies Kerala likely to witness heavy rainfall for next 5 days ബംഗാള് ഉള് ക്കടലിലെ മോഖ,highly_relevant
Fhgny1rXPto,ml,മോക്ക ചുഴലിക്കൊപ്പം കേരളത്തിന് വമ്പൻ ചാകര ലഭിക്കുമെന്ന്,highly_relevant
5cfL2p5m86g,ml,kairalinews ബംഗ്ലാദേശ് മ്യാൻമർ എന്നീ,highly_relevant
qNGs9aluKJM,ml,കേരളത്തില് കനത്ത മഴ പെയ്യുമെന്ന് പ്രവചനം യാതൊരു,highly_relevant
JbryGOa7df4,en,The Prominent Malayalam News Television channel with value based journalism Widely and popularly known among Malayalee,not_relevant
Wfj9QBHVKdA,en,What if a Category 5 cyclone slammed into Kerala We explore the devastating potential impact of such a catastrophic event,highly_relevant
VGbEN6QofYs,ml,കേരളവും കരുതിയിരിക്കണം ഫിൻജാൽ ബാധിക്കുന്ന ഇടങ്ങളറിയാം Cyclone Fengal,highly_relevant
ljLebzHdamE,ml,Cyclone Ockhi Latest updates കൊടുങ്കാറ്റ് കന്യാകുമാരിയിൽ നാശം വിതക്കുമെന്ന്,highly_relevant
ybd4ugGyGeU,en,ikonesolutions,highly_relevant
0wMDRUJlWXE,ml,ആൻഡമാൻ കടലിലെ ന്യൂനമർദം നാളെ പുലർച്ചെയോടെ സിത്രംഗ്,highly_relevant
7cAEwUFLHdA,ml,Ockhi cyclone Maharashtra and Gujarat on high alert ചുഴലിക്കാറ്റ് മഹാരാഷ്ട്രയിലും,highly_relevant
M-0_Kgior-4,en,why don t we have tornadoes in Kerala whats is tornado how tornadoes are formed malayalam evening journey,not_relevant
gjpbPmK2Lj8,en,chuzahlikattu in kerala burevi cyclone in kerala ്ലാവർക്കും,highly_relevant
iA_9y3f3mD8,en,Asani Cyclone Chance of heavy rain in Kerala Yellow alert in four districts സംസ്ഥാനത്തെ വിവിധ,highly_relevant
DUx4zuiu59g,ml,മോക്ക ചുഴലിക്കാറ്റ് ശക്തി പ്രാപിക്കുന്നുവെന്ന് കേന്ദ്ര,highly_relevant
_0eKZO93MM0,en,The official YouTube channel for Manorama News Subscribe us to watch the missed episodes Subscribe to the,highly_relevant
ybEw5ahWEKQ,ml,കോഴിക്കോട് വെള്ളയിൽ ഹാർബറിൽ ചുഴലിക്കാറ്റ് വീശി വൻ നാശനഷ്ടം,highly_relevant
CtnR2aelXoE,en,ചുഴലിക്കാറ്റ് തീരത്തേക്ക് Kerala rain Chennai Rain weather Fengal Cyclone Tamilnadu rain,highly_relevant
0Ao2JyEs1b4,ml,FOCUSKERALA ചുഴലിക്കാറ്റ് റെഡ് മെസ്സേജ് കേരളത്തിൽ കനത്ത മഴ,highly_relevant
NW4ozrqUmaA,ml,Kerala Rain 2023 സംസ്ഥാനത്ത് കാലവർഷം ദുർബലമായി തുടരുന്നു ഇന്ന് നാല്,highly_relevant
Q-wBIf9R2jw,ml,സംസ്ഥാനത്ത് മലയോര മേഖലയില് ഇന്നും നാളെയും ഒറ്റപ്പെട്ട കനത്ത,highly_relevant
E8ce2mhaflQ,en,Kerala Cyclone Live Tracker അറബിക്കടലില് ചുഴലിക്കാറ്റ് Red Alert in 3 Districts,highly_relevant
TXgpCVMqFds,en,asianetnews Cyclone Burevi Kerala updates Subscribe to Asianet News YouTube Channel here,highly_relevant
xdSc9CuH-X0,en,The official YouTube channel for Manorama News Subscribe us to watch the missed episodes Subscribe to the,highly_relevant
NGMsULPZPKk,ml,,highly_relevant
xTSqQsoEJkA,en,Join Astrophysics Course Use Promo code ADVANCE for 50 discount,not_relevant
LVPYR8dtXzc,ml,ഈ വർഷത്തെ ഏറ്റവും ശക്തിയേറിയ ചുഴലിക്കൊടുങ്കാറ്റ് ഹിന്നനോർ,highly_relevant
02ldNfNNPB8,ml,Kerala Rains 2023 മഴ കനക്കും മോക്ക ചുഴലിക്കാറ്റ് കേരളത്തെ നേരിട്ട്,highly_relevant
OQgBCno9k9M,en,Wheather department warns of the cyclone in Kerala Asianet News Kerala s No 1 News and Infotainment TV Channel Check out,highly_relevant
JqUClSsJdr8,ml,വടക്കുപടിഞ്ഞാറ് ദിശയിലേക്ക് നീങ്ങുന്ന ചുഴലിക്കാറ്റ് പിന്നീട്,highly_relevant
PAu2bd_l570,ml,Hurricane Okhi Hits Lakshadweep Kerala rains to continue for next 24 hours Subscribe to People TV,highly_relevant
iR28O0Y-CW4,ml,ബംഗാൾ ഉൾക്കടലിൽ ശക്തിപ്പെട്ട ന്യൂനമർദം ചുഴലിക്കാറ്റ് ആകുകയും,highly_relevant
EKLye6kYJxw,ml,rain Subscribe to Asianet News YouTube Channel,highly_relevant
GoFphxKmJZw,en,The official YouTube channel for Manorama News Subscribe us to watch the missed episodes Subscribe to the,not_relevant
ywDILH1v5gQ,ml,വടക്കന് കേരളത്തില് കനത്ത മഴ ശക്തമായ കാറ്റില് വീടുകള് ക്ക് മേല്,highly_relevant
fjJbThp0CUI,ml,കേരളത്തിൽ വീണ്ടും കാലവർഷം ശക്തമാകുന്നു അടുത്ത 7 ദിവസം വ്യാപക,highly_relevant
OQjxdZm1L4w,en,FOCUSKERALA SHAHEEN Cyclone,highly_relevant
7xYhiRbZIvY,ml,കേരള തീരത്തെ ബുറേവി ചുഴലിക്കാറ്റ് ഭീഷണി ഒഴിയുന്നു വാർത്തകൾ,highly_relevant
kqiBWoHjYAA,en,Subscribe Now Official Website For advertising business enquiries Email,not_relevant
aV0Eckq1JWA,ml,ബംഗാൾ ഉൾക്കടലിലെ ന്യൂനമർദം അതിതീവ്ര ന്യൂനമർദമാകുന്നു കൂടുതൽ,highly_relevant
IQ6-mQ1aDwY,ml,കേരളത്തിലേക്ക് കാലവർഷത്തെ തടയുന്നത് ബിപോർജോയ് ചുഴലിക്കാറ്റ്,highly_relevant
0oGee6FBZRs,en,ന്യൂനമര് ദ്ദം അതിതീവ്രമഴ rain in kerala kerala rain RAIN WITH THUNDERSTORM Latest,highly_relevant
u1UDWc5cwys,ml,മഴ കനക്കുന്നു വേണം ജാഗ്രത,highly_relevant
P3DxEmQkQGA,en,ടൗട്ടേ ചുഴലിക്കാറ്റ് Tauktae cyclone kerala lockdown free kit may month kit distribution apl bpl ration,highly_relevant
Cn-Mc4a5HVE,en,Touktae cyclone attacking in Kerala shore,highly_relevant
rk40JStDGp8,en,ചുഴലിക്കാറ്റ്Kerala Rain News Malayalam Tej Cyclone Kerala Weather News Today Oman Yemen Cyclone,highly_relevant
2MrjIbKOuHU,en,burevi chuzahlikattu in kerala burevi cyclone in kerala ്ലാവർക്കും ബുറേവി,highly_relevant
dRCXAWXfZ-U,ml,FOCUSKERALA ചുഴലിക്കാറ്റ് 200mph യെല്ലോ അലർട്ട് വീണ്ടും മഴ kerala news weather,highly_relevant
r2PDURLVbRg,ml,കേരളത്തിൽ അതിതീവ്ര മഴയ്ക്ക് സാധ്യത ജാഗ്രത നിർദേശം,highly_relevant
LADyNcI8jKY,ml,malayalamnewslive വാര് ത്തകള്,highly_relevant
_9IJb0q-pMA,en,asanicyclone asani cyclone news malayalam cyclone asani malayalam news kerala weather news,highly_relevant
ZgEH0mOGNyM,ml,ബംഗാൾ ഉൾക്കടലിനും ആൻഡമാൻ കടലിന് മിലുകളിലുമായി സഞ്ചരിക്കുന്ന,highly_relevant
JKh8WNv2HwE,en,FOCUSKERALA Gulab hurricane Gulab chuzhali kattu Gulab chuzhalikkattu Hurricane GULAB kerala rain news,highly_relevant
WwWUIB2AjOg,ml,കേരള തീരാത്തെ ബുറെവി ചുഴലിക്കാറ്റ് ഭീഷണി ഒഴിയുന്നു വാർത്തകൾ,highly_relevant
c_ODnjvWOpw,ml,ടൗട്ടേ ചുഴലിക്കാറ്റ് കൂടുതൽ ശക്തിയിലേക്ക് അതിതീവ്ര,highly_relevant
aaId2M7Ur2I,ml,ബംഗാൾ ഉൾക്കടലിൽ ന്യൂനമർദം ശക്തിപ്രാപിക്കുന്നു തിങ്കളോടെ,highly_relevant
RHL8AsuabpA,ml,ബംഗാൾ ഉൾക്കടലിൽ മണിക്കൂറുകൾക്കകം മൂക്കാ ചുഴലിക്കാറ്റ്,highly_relevant
FCuQ32toykc,ml,yellow alert in six states of kerala ബംഗാള് ഉള് ക്കടലില് രുപം കൊണ്ട ഉം പുന് സൂപ്പര്,highly_relevant
538Mwd6bNnM,ml,കോഴിക്കോട് വെള്ളയിൽ ചുഴലിക്കാറ്റ് 15 07 2022 വെള്ളയിൽ ഹാർബറിൽ,highly_relevant
yDam97Ca3ms,en,weathermankerala,highly_relevant
f31t0eVIzWg,ml,ഗുജറാത്ത ്തീരത്ത് ഈമാസം 13 ന് 135 കിലോമീറ്റര് വേഗതയില് വായു,highly_relevant
vPgtyS6eh7c,ml,Cyclone alert in Kerala ജനങ്ങളെ സുരക്ഷിതരാകുക കേരളത്തിൽ ചുഴലിക്കാറ്റ് Oneindia,highly_relevant
Otq5IjBh_2U,ml,ബംഗാൾ ഉൾക്കടലിൽ രൂപംകൊണ്ട ന്യൂനമർദ്ദം ചുഴലിക്കാറ്റായി,highly_relevant
CgZF8Eu53FI,en,Reporter Live Reporterlive com is the cyberface of Reporter TV the first journalist driven news channel in Malayalam With the,not_relevant
B0A09DaRguc,ml,ഫെയിൻജൽ ചുഴലിക്കാറ്റ് തമിഴ് നാട്ടിൽ കരതൊട്ടതിന് പിന്നാലെ,highly_relevant
PElYzI0z5ho,en,KeralaFloods2019 MediaOne on its mission of exploring the unexplored and representing the unrepresented has already made,relevant
CUp86jtEtQM,ml,കൊല്ലത്തെ മുക്കി കൊന്ന് കൊടും മഴ വീടും റോഡുകളും തോടുകളായി മാറി,highly_relevant
3KHa1QodYH4,ml,കൊല്ലത്തെ കനത്ത മഴ,highly_relevant
Ts9M_SC_AOM,ml,കൊല്ലം ജില്ലയിൽ ഇരുനൂറോളം വീടുകളിൽ വെള്ളം കയറി,highly_relevant
3wwrfqZXgao,ml,,highly_relevant
p2h-BrVOlCc,ml,Keralaflood ഇതുപോലെ ഒരു വെള്ളപ്പൊക്കം ജീവിതത്തിൽ ആദ്യം,highly_relevant
HMKsVSb5nnU,ml,,not_relevant
4Qdj5QqV528,ml,Rain Subscribe to Asianet News,highly_relevant
RE6iZTG_CwI,ml,,highly_relevant
07daQGGopis,en,Flood In kerala State DISTRICT ALAPPUZHA Thumpoly,highly_relevant
Wf71CpVQRSA,ml,ആലപ്പുഴ മാന്നാര് ചെന്നിത്തല പുഞ്ചയില് വേനലിലും വെള്ളപ്പൊക്കം,highly_relevant
CsTZft0GXcI,ml,കേരളതീരത്ത് കപ്പൽ മുങ്ങിയതുമായി ബന്ധപ്പെട്ട് പ്രചരിക്കുന്ന,highly_relevant
Bf_IwfAjoMg,ml,കൊല്ലം ചവറയിൽ പെയ്ത മഴ,highly_relevant
p8p2lD8fP70,ml,,not_relevant
3K-CHdqVL5o,ml,കൊല്ലത്ത് ഇന്നത്തെ ശക്തമായ മഴ Heavy Rain in Kollam,highly_relevant
ZbwAC0y7Prw,en,,highly_relevant
aQBEI1HVw20,ml,,highly_relevant
raws35KExk0,en,,not_relevant
vDyK-F7wZ-4,en,thekeralastory,highly_relevant
l4qup5vSAl4,ml,കൊല്ലം കൊട്ടിയത്ത് നിർമ്മാണം നടക്കുന്ന ദേശീയപാതയില്,not_relevant
UmSJcJ6wn7s,ml,കൊല്ലം ടൗണില് ഒരിക്കലും വെള്ളപ്പൊക്കം ഉണ്ടാവില്ല 75 വർഷം,highly_relevant
EeFsyFBPCPw,en,Video from Bithin,highly_relevant
RmcGBaqPY8Y,ml,കൊല്ലം കൊട്ടിയത്ത് ഇന്നത്തെ കാറ്റും മഴയും,highly_relevant
Wczv2NMk8xs,en,ഇന്ന് ആലപ്പുഴ ചങ്ങനാശേരി റോഡ് നെടുമുടി നസ്രത്ത് ഭാഗം 26 O7 18 Alappuzha,highly_relevant
2NQ4HZWCUFI,ml,rain വെള്ളപ്പൊക്കം കൊല്ലം ജില്ലയിലെ നിലവിലെ,highly_relevant
30AbpHhousU,en,A terrifying looking sea,not_relevant
5GUw3lDi2Pw,ml,കഴിഞ്ഞ ദിവസം മുതൽ പെയ്ത മഴയിൽ കൊല്ലം ചാത്തന്നൂർ NH ൽ ഉണ്ടായ,highly_relevant
fHB4TCv74mU,en,,not_relevant
_r1_-7nEEbQ,ml,78 ലെ വെള്ളപ്പൊക്കം പോലെ നീറമൺകര വെള്ളത്തിലാകുമോ എന്നാണ് ആശങ്ക,highly_relevant
UjvOHj80qhc,en,Kerala Floods 19 rat fever reported in Kollam District Asianet News Kerala s No 1 News and Infotainment TV Channel Check,highly_relevant
VfFkyafKNiI,en,,not_relevant
26U0b6x1a1A,en,The official YouTube channel for Manorama News Subscribe us to watch the missed episodes Subscribe to the,not_relevant
RfxmTmJlHmc,en,2018 ലെ പ്രളയം കൊല്ലം ജില്ലയിൽ The 2018 Flood in Kollam District,highly_relevant
nZoX2eyYOCs,ml,കൊല്ലം കൊട്ടിയത്ത് ഇന്ന് വൈകിട്ടുണ്ടായ കാറ്റും മഴയും,highly_relevant
t7thpr7wWVI,en,flood in kuttanadu,highly_relevant
#NAME?,en,,highly_relevant
s43dAWLok4g,ml,Rain causes havoc at Trivandrum കനത്ത മഴയില് മുങ്ങി തിരുവനന്തപുരം കഴിഞ്ഞ ദിവസം,highly_relevant
ko_VsrC4VGY,ml,തിരുവനന്തപുരം അട്ടകുളങ്ങര,not_relevant
1l9eWHZe14U,ml,കൊട്ടിയത്ത് വാട്ടർ മെട്രോ,not_relevant
8SNOhZQaiaA,en,,highly_relevant
rAkrIk6HFCE,ml,ചാത്തന്നൂരിൽ ദേശീയപാത നിർമ്മാണത്തിനിടെ ജല വിതരണ പൈപ്പ്,not_relevant
w2ijUPqerzs,ml,Subscribe Kollam Stories കൊല്ലം സ്റ്റോറീസ്,highly_relevant
uiEr_Fi415c,en,,highly_relevant
MttuQFr9CYQ,en,,not_relevant
ghLjQzl-LII,ml,,not_relevant
ZmCkI3gjO8M,en,,highly_relevant
bun93eb8vYg,ml,,not_relevant
uTcetIpfrbQ,en,കൊല്ലം ജില്ലയിൽ കനത്തമഴ തുടരുന്നു Heavy rains continue in Kollam district Malayalam News,highly_relevant
Oh2SIEVK9cY,en,Alappuzha As the floods at Kuttanad continues to wreck havoc the natives here are in desperate situation as they have not got,highly_relevant
_Gh1dv3n6hw,ml,Thiruvananthapuram Residents of Kazhakoottam and Anturkonam are in dire straits due to floods തിരുവനന്തപുരം,highly_relevant
t5tJ8DjDSAA,ml,ആശങ്കയുടെ തീരവും മനുഷ്യരും ജീവനും ജീവിതവും കടല് കവരുമോ എന്ന്,not_relevant
n6L7ZtK_4hk,ml,സമുദ്ര നിരപ്പിലും 2 2 മീറ്റർ താഴെ സ്ഥിതി ചെയ്യുന്ന ആലപ്പുഴയെ,not_relevant
FSg9lLYW5VQ,ml,In the flood 20018 Instagram,highly_relevant
cbHrrYUWPq0,en,skyline brother s,highly_relevant
HFt3FyE8VoM,en,,highly_relevant
I0Hp3i_UyJ8,ml,,highly_relevant
Ixmwrk4eaOc,ml,കാലവർഷക്കെടുതിയെ തുടർന്ന് കൊല്ലം ജില്ലയിലെ നിരവധിപ്പേർ വിവിധ,highly_relevant
ZNnYmhB8pgg,ml,kollam,highly_relevant
UTwaAxNmsxU,en,kollam punalur heavy rain and some of the place has flood and kallada river over flow,highly_relevant
6ehIcs0-QDs,ml,Kollam,highly_relevant
_9uNM-XhCHc,ml,,highly_relevant
tCjT7NmasDw,en,Keralamonsoonroadrainflood2025Alappuzharoad,highly_relevant
O93oam9SHBQ,en,,not_relevant
2PGFCqrXE7A,ml,കൊല്ലം ജില്ലയിൽ കനത്ത കാറ്റിൽ വ്യാപക നാശം ഒരു മണിക്കൂറോളമായി,highly_relevant
Ol44MpdTM8o,ml,കുണ്ടറ ചീരാങ്കാവിൽ വൈദ്യുതി ലൈനിന് മുകളിൽ മരം വീണു,highly_relevant
B_NYHT7QB70,en,Kuttanad is one of the most beautiful places in Kerala Once upon a time Kuttanad rice was given to fill the stomachs of Kerala,relevant
86iHzB4lIIs,en,,highly_relevant
_Sxu-Y4t9RM,en,kerala,highly_relevant
5EepKaedxRQ,ml,,not_relevant
O4_FXrvZlBY,en,,not_relevant
kwc1BQYoi6c,en,PAMAPURAM,not_relevant
1PEr0l6qxeM,ml,ആലപ്പുഴയുടെ മഴക്കാലത്തെ അവസ്ഥ,highly_relevant
wquzx0LqH7I,ml,,highly_relevant
9OWtWLW7VxU,en,Alappuzha chungam,not_relevant
hKMQPZaDoc0,ml,,highly_relevant
JRIYbGEkprM,en,Keralamonsoonroadrainflood2025Alappuzharoad,highly_relevant
50EaO3QJZk4,ml,heavyrain,highly_relevant
t0fQPYHZrWM,ml,കൊല്ലം നീണ്ടകര അഴിമുഖത്ത് ബോട്ട് ശക്തമായ തിരയിൽപ്പെട്ടു,not_relevant
oh8-rMiPWeY,ml,നിങ്ങൾ കൊല്ലത്തെ എത്ര വേണേലും ആട്ടികൊ ആപത്തു വല്ലതും ഉണ്ടേൽ,not_relevant
Lo3ZegPIcgQ,ml,,not_relevant
rUpRf5A1gGI,en,,highly_relevant
SfoQ_xXfZAQ,ml,വെള്ളപ്പൊക്കം കാരണം വണ്ടി വഴിയിൽ ആയപ്പോൾ FLOOD KERALA ALAPPUZHA,highly_relevant
MGcG2OuJgFs,ml,കുട്ടനാട് മഴക്കാലത്ത് അതൊരു പ്രത്യേകത തന്നെ,highly_relevant
69rPnffraZA,ml,തിരുവനന്തപുരം നെടുമങ്ങാട്ടെ വെള്ളപ്പൊക്കം 22 05 2020 70 120 95624,highly_relevant
TJew9LM512Y,ml,vamanapuram river,highly_relevant
_5gs6Twn-x0,ml,omg കൊല്ലം പ്രളയത്തിന്റെ കാഴ്ചകൾ,not_relevant
PNNP-4ywjk8,ml,ആലപ്പുഴ അമ്പലപ്പുഴ തിരപ്രേദേശങ്ങളില് മഴ ശക്തി പ്രാപിച്ചതോടെ,highly_relevant
PLoKbFE6YMI,ml,Kerala big rain കേരളത്തില് മഴയും കാറ്റും കടൽ കര കയറി വൻ നാശനഷ്ടങ്ങള്,highly_relevant
n771kF9AuZg,ml,,highly_relevant
QWKTFWpNdGo,en,,highly_relevant
zn9Caubbztg,ml,,highly_relevant
2_mf8LHNheY,en,,highly_relevant
DNaS2S5HaOc,ml,,highly_relevant
dLxgNKt9Q0Y,ml,കൊല്ലത്ത് കനത്ത മഴയിൽ അച്ചൻകോവിലാർ കരകവിഞ്ഞു അലിമുക്ക് പ്രധാന,highly_relevant
gPG-I1r-rtE,ml,VIJIN BLOG channel LIKE FACEBOOK PAGE LIKE VIJIN BLOG,highly_relevant
NeGn-wDQZuc,en,PaddyFieldsTurnIntoLakes,highly_relevant
Pi_U_j3zh6A,en,,highly_relevant
VuzK65YJRBQ,en,Youtube Subscribe,highly_relevant
04yJHe7V3Ac,ml,alappuzha Amrita news Live,not_relevant
vYC2Ih8_N8c,ml,ഉയർന്ന തിരമാലകൾ High Tide Waves,highly_relevant
0eNVpQxd4Ls,ml,വിഴിഞ്ഞത്ത് ഉയർന്ന തിരമാലകൾ കാണാതായ ഒമ്പത്,highly_relevant
R5eVXw9yqb0,ml,കേരള തീരത്ത് ഉയര് ന്ന തിരമാല 50 കി മീ വേഗതയില് കാറ്റ്,not_relevant
GhVSeGo9Cr8,ml,കേരളതീരത്ത് ഉയർന്ന തിരമാലകൾക്ക് സാധ്യത,highly_relevant
6OOjaVY4xLA,ml,indiatodaymalayalam കേരളതീരത്ത് ഉയർന്ന തിരമാല,not_relevant
Qt_1fqeYM7U,ml,,not_relevant
smEyg3AlX-8,ml,കേരള തീരത്ത് കടലാക്രമണത്തിനും ഉയർന്ന തിരമാലയ്ക്കും സാധ്യത,not_relevant
t_qzVKZw5Oo,ml,,highly_relevant
RiUDjO709iY,ml,തരംഗങ്ങൾ എങ്ങനെ ഉണ്ടാകുന്നു സത്യം Truth ചന്ദ്രനും സൂര്യനും,not_relevant
e84vWdpXlr8,ml,ശക്തമായ തിരമാലകൾ നിങ്ങളുടെ സമീപമുള്ള തീരങ്ങളെ ബാധിച്ചേക്കാം,not_relevant
O-4IodzxAaI,ml,കടലിൽ ഉയർന്ന തിരമാല സംസ്ഥാനത്ത് കാറ്റ് ആഞ്ഞ് വീശുന്നു FOLLOW US ON,not_relevant
rrs61jhr0Y0,ml,Sea Attack കള്ളക്കടൽ പ്രതിഭാസത്തിന്റെ ഭാഗമായി കേരളതീരത്ത് ഇന്നും,not_relevant
6V09RkryiQk,ml,കള്ളക്കടൽ പ്രതിഭാസം ഉയർന്ന തിരമാലക്ക് സാധ്യത സംസ്ഥാനത്ത് ചൂട്,not_relevant
osf3KQ_ptYA,ml,ഉയർന്ന തിരമാലകൾക്ക് സാധ്യത കേരള തീരത്ത് ജാഗ്രതാ നിർദേശം Potential for,highly_relevant
423mubEnHmU,ml,സംസ്ഥാനത്തെ ഉയർന്ന ചൂടിന് ആശ്വാസമായി വേനൽ മഴയെത്തുമെന്ന്,highly_relevant
wam4HmZZ_XA,ml,സംസ്ഥാനത്ത് കുറച്ച് ദിവസങ്ങളായി കടലാക്രമണം വാർത്തകളിൽ ഇടം,not_relevant
5NG2Balt7BM,ml,keralam,not_relevant
4pS0RK19wis,ml,Kallakadal ഉയർന്ന തിരമാലയ്ക്കും കടലേറ്റത്തിനും സാദ്ധ്യതയുള്ളതിനാൽ,not_relevant
SI_wD4q9q8k,ml,Kerala Sea Attack കള്ളക്കടൽ പ്രതിഭാസം തുടരുന്നു കേരള തീരത്ത്,not_relevant
OZi0IBEXz8w,ml,bigwavesurfing,not_relevant
UAM9Li00tFo,ml,Heat Wave സംസ്ഥാനത്ത് ഇന്ന് കൂടുതൽ ജില്ലകളിൽ ഉയർന്ന താപനിലയ്ക്ക്,not_relevant
P5vPCuAYQVk,ml,കേരളത്തിൽ അതിതീവ്ര മഴയ്ക്ക് സാധ്യതയെന്ന് കേന്ദ്ര കാലാവസ്ഥ,highly_relevant
j0qae6S2wTc,en,ANANDTV Europemalayalee Channel UK The official YouTube channel for Anand TV Language,not_relevant
zbPxAJknH9s,ml,Weather Updates തീരപ്രദേശത്തെ ജനങ്ങളെ മാറ്റി പാര് പ്പിച്ചതിനാല്,highly_relevant
zWXDDwgCNbo,ml,kerala കേരളതീരത്ത് ഇന്ന് അര് ദ്ധരാത്രി വരെ ഉയര് ന്ന,not_relevant
yQ9TGE0ZC5c,ml,keralarain വെള്ളിയാഴ്ച രാത്രി വരെയാണ് നിരോധനം,highly_relevant
lu6J_xlLO14,ml,കള്ളക്കടൽ പ്രതിഭാസത്തിൻ്റെ ഭാഗമായി കേരള തീരത്ത് റെഡ് അലർട്ട്,not_relevant
XLPjGJvN5qw,ml,,highly_relevant
7kKuFMACBSA,ml,സംസ്ഥാനത്തിന് റെ തീരപ്രദേശത്ത് കടലാക്രമണത്തിന് സാധ്യത,highly_relevant
mlt6v7IygWk,ml,keralavisionnews കേരള തീരത്ത് ഉയര് ന്ന തിരമാലയ്ക്ക്,not_relevant
vWGGZenZeoY,ml,കേരള തീരത്ത് മൂന്നു മുതൽ 3 3 മീറ്റർ വരെ ഉയരത്തിൽ തിരമാലയ്ക്കും,not_relevant
Zw7adLg2Yek,ml,കേരളത്തിൽ അതിതീവ്ര മഴയ്ക്ക് സാധ്യതയെന്ന് കേന്ദ്ര കാലാവസ്ഥ,highly_relevant
34zB2_A-Hnk,en,fifteen years of tsunami kerala kerala,highly_relevant
mIT3Z7M9CrI,ml,malayalamnewslive വാര് ത്തകള്,highly_relevant
22iA9PQH3D8,ml,,not_relevant
ZZKN7lj8DTs,en,The Kerala coast is expected to experience high waves and sea surges making beach areas extremely dangerous Due to this,relevant
y1Yp5KGSZtQ,ml,malayalamnewslive വാര് ത്തകള്,not_relevant
QO6UhfH3H_4,en,Hurricane Erin made a devastating impact on Buxton Rodanthe a vulnerable coastal area in North Carolina Giant waves driven,highly_relevant
l0ASwZVTC8k,ml,ഇന്ന് സംസ്ഥാനത്ത് ഒറ്റപ്പെട്ട മഴ തുടരുമെന്ന് കേന്ദ്ര കാലാവസ്ഥ,highly_relevant
ithsrOKcswA,ml,കള്ളക്കടൽ പ്രതിഭാസത്തെ തുടർന്ന് ദേശീയ സമുദ്ര സ്ഥിതി പഠന ഗവേഷണ,not_relevant
xbJQS09znmw,ml,സംസ്ഥാനത്ത് ചൂടിന് കുറവില്ല ഇടുക്കി വയനാട് എന്നീ ജില്ലകൾ ഒഴികെ,highly_relevant
FKpA9kD3lpM,ml,കേരള തീരത്ത് ബുധനാഴ്ച രാത്രി പതിനൊന്നരവരെ 1 5 മുതല് 2 3 മീറ്റര് വരെ,not_relevant
YNixkegrk0E,en,Orange alert in northern Kerala Reports say the rains will continue for four more days An orange alert has been issued for,highly_relevant
9KgjCX0VP9Q,ml,കേരളത്തിൽ കഴിഞ്ഞ ദിവസമുണ്ടായ ശക്തമായ കടലാക്രമണത്തിന് കാരണം സ്വൽ,highly_relevant
MjgQcRjYOsQ,ml,കള്ളക്കടൽ പ്രതിഭാസത്തെ തുടർന്ന് ജില്ലയിൽ കടലാക്രമണത്തിന്,highly_relevant
fuphVupIp9Q,ml,കേരളാ തീരത്ത് ജാഗ്രത നിർദ്ദേശം രാത്രി വരെ ഉയർന്ന തിരമാലയ്ക്കും,not_relevant
H_jGuJJBz20,en,,not_relevant
Akd952jIA64,ml,കള്ളക്കടൽ പ്രതിഭാസത്തിന്റെ ഭാഗമായി സംസ്ഥാനത്ത് പ്രത്യേക,not_relevant
NxRep_kX7O4,ml,കണ്ണൂർ ജില്ലയിൽ കനത്ത മഴ തുടരുന്നു താഴ്ന്ന പ്രദേശങ്ങളിൽ,highly_relevant
Rx5g7iR9HVI,en,Weather Update High waves along the coast of Kerala and Tamil Nadu Malayalam Latest News കേരള തമിഴ്നാട്,highly_relevant
PD5JWliXYuw,ml,കള്ളക്കടൽ പ്രതിഭാസത്തിന്റെ ഭാഗമായി കേരള തീരത്തും തെക്കൻ,not_relevant
8_3fKSi8U14,ml,കേരളം ചുട്ടുപൊള്ളുന്നു വരും ദിവസങ്ങളിൽ താപനില ഉയരുമെന്ന്,not_relevant
hoOFCVxi0bk,ml,പാലക്കാട് കോഴിക്കോട് തൃശൂർ കൊല്ലം ജില്ലകളിൽ ഇന്നും ഉയർന്ന,not_relevant
4CDHMbXZ9Hk,ml,ഒരു വീടുപോലും ബാക്കിയില്ലാതെ തൂത്തെറിഞ്ഞു തിരുവള്ളുവർ,highly_relevant
8VuZ-LGo2HY,ml,കള്ളക്കടല് പ്രതിഭാസത്തിന്റെ ഭാഗമായി പ്രത്യേക ജാഗ്രതാ നിര് ദേശം,not_relevant
ysRpyTex8mM,ml,കേരള തീരത്ത് ഇന്ന് രാത്രി 11 30 വരെ 1 9 മുതൽ 2 3 മീറ്റർ വരെ ഉയർന്ന,highly_relevant
J9_LeeSorWQ,en,Created by VideoShow,not_relevant
Ih8i90SNCVg,ml,സംസ്ഥാനത്ത് ഇന്ന് കള്ളക്കടല് പ്രതിഭാസത്തിന് സാധ്യത,not_relevant
#NAME?,ml,Sea Attack In Kerala സംസ്ഥാനത്ത് ഇന്നും കടലാക്രമണത്തിനു സാധ്യതയെന്ന്,not_relevant
yFCPinTYoKU,ml,കേരള തീരത്ത് ഉയർന്ന തിരമാലകൾക്കു സാധ്യതയുണ്ടെന്നു ദേശീയ സമുദ്ര,highly_relevant
CSv5w2j-6yI,ml,ക്ലിവ്ചേവ്സ്കോയ് അഗ്നിപർവതം പൊട്ടിത്തെറിച്ചു ജപ്പാനിലെ,not_relevant
WE7PyGmJkq8,ml,വെള്ളിയാഴ്ച കടൽ വീടുകളിലേക്ക് ഇരച്ചു കയറിയപ്പോൾ,not_relevant
UttWGHjO6i8,ml,Sea Attack In Kerala സംസ്ഥാനത്ത് ഇന്നും കടലാക്രമണത്തിനു സാധ്യതയെന്ന്,not_relevant
2BAhhGZtNdc,en,Slow motion video,not_relevant
7f24_FP4Sqg,ml,Cyclone Biporjoy ബിപോർജോയ് ചുഴലിക്കറ്റിൻറെ തീവ്രതയിൽപ്പെട്ട് കേന്ദ്ര,highly_relevant
eTLXbB_giOI,ml,കേരളത്തില് ഇന്നും താപനില ഉയരാന് സാദ്ധ്യതയെന്ന് കേന്ദ്ര,not_relevant
Vq9v9aOPGUw,ml,കള്ളക്കടൽ ്ളക്കടൽപ്രതിഭാസം,not_relevant
Bt7RiR5NV_4,ml,സംസ്ഥാനത്ത് ഇന്നും കടലേറ്റ മുന്നറിയിപ്പ് കടലാക്രമണത്തിനും,highly_relevant
9zTUE5Ax7vw,ml,അതിശൈത്യം കാരണം റഷ്യയിലെ കടലിലെ ഉപരിതലം ഐസ് രൂപം പ്രാപിച്ച,not_relevant
9ZJp5EukkBI,ml,,not_relevant
e0d2AwbwdtE,ml,സംസ്ഥാനത്ത് ചൂട് തുടരുന്നു ഏപ്രില് 3 വരെ സംസ്ഥാനത്ത് ഉയര് ന്ന,not_relevant
KeGcUCjBbDE,ml,sea waves തിരമാല sound of waves,not_relevant
useUjIyAk90,ml,സംസ്ഥാനത്ത് വേനല് അതിതീവ്രമായി മാറിക്കൊണ്ട് ഇരിക്കുക ആണ്,not_relevant
tE3Bt6nT0kA,ml,സംസ്ഥാനത്ത് കള്ളക്കടൽ പ്രതിഭാസത്തിന് സാധ്യത കേരള തീരത്ത് ഒന്നര,not_relevant
yO7DRyx--eY,ml,,not_relevant
W_xD5Aehazo,ml,psc പരീക്ഷകളിൽ ആവർത്തിക്കുന്ന ചോദ്യങ്ങൾ ഇവിടെ നിന്ന് CLASS 10,not_relevant
vQof6S4Gb2Q,ml,സംസ്ഥാനത്ത് മഴയ്ക്ക് ശമനം ഉണ്ടെങ്കിലും കള്ളക്കടല്,highly_relevant
hePTS7bGjUo,ml,വരും മണിക്കൂറുകള് ചൂടിന് ആശ്വാസം വരുന്നുണ്ടെടാ രക്ഷകന് മഴ,highly_relevant
_j-kxy_CfW4,ml,StayHome,not_relevant
#NAME?,ml,ഷിക്കാഗോ കടലിനടിയിലെ അഗ്നിപര് യത സ് ഫോടനത്തില് നിന്ന് പസഫിക്കിന്,highly_relevant
FwZOy1mtOo0,ml,LDC സിലബസ് അനുസരിച്ചുള്ള SCERT ക്ലാസുകൾ ഡിസംബർ 25 മുതൽ ഏപ്രിൽ 15 വരെ,not_relevant
KbsD3t4eC0c,en,Music എം എസ് വിശ്വനാഥൻ Lyricist മങ്കൊമ്പ് ഗോപാലകൃഷ്ണൻ Singer എസ് ജാനകി Film,not_relevant
qBr04Bnn668,ml,Film തിരകൾ എഴുതിയ കവിത Music എം എസ് വിശ്വനാഥൻ Lyricist മങ്കൊമ്പ്,not_relevant
Xf2cF8m9ogQ,ml,പ്രധാനമായും ദൂരെയുള്ള കടലിൽ രൂപപ്പെടുന്ന ശക്തമായ കാറ്റുകളാണ്,not_relevant
vMwd0zkFjZ4,en,Mission Village Extension Officer VEO2019 free course in Unacademy by Bibi Mohanan,not_relevant
oInp4B_xvyk,ml,കോവിഡ് വാക് സിനെടുത്ത ശേഷം വരുന്ന രോഗത്തെ പറ്റി ആശങ്കപ്പെടാനില്ല,not_relevant
LMbdSaH5ySA,ml,ഡ്രോണുകള് പകര് ത്തിയത് 28 അടിയ്ക്ക് മുകളില് ഉയര് ന്ന തിരമാലകളെ കര,highly_relevant
47t7NP7uPEE,en,,not_relevant
enUlMZ6wXnw,ml,ഉയർന്ന തിരമാലയും കടൽവെള്ളത്തിന്റെ അടിവലിവും ചെറായി ബീച്ചിൽ വൻ,not_relevant
JphMDyhynMo,ml,പസിഫിക് സമുദ്രത്തില് സ്ഥിതി ചെയ്യുന്ന ടോംഗ ദ്വീപരാഷ്ട്രത്തിനു,highly_relevant
ZengWTGcgXU,en,The official YouTube channel for Manorama News Subscribe us to watch the missed episodes Subscribe to the,not_relevant
0EdlUGskL5c,ml,രാജസ്ഥാനിലും ഹിമാചലിലും ഛത്തിസ്ഗഡിലും ധൈര്യമുണ്ടോ Subscribe Share,not_relevant
2J7z0Me65NU,ml,,highly_relevant
GsduNUceHb0,ml,ഇളകി മറിയുന്ന കടൽ കനത്ത കാറ്റും തുടർച്ചയായ മഴയും തുടരുന്നു ROUGH,highly_relevant
V_qBQPJnxRY,en,Chapter 19 Popular resistance to company rules ബ്രിട്ടീഷ് ഭരണത്തിനെതിരെയുള്ള,not_relevant
khu1E033LGI,en,കേരളത്തിൽ ദൃശ്യമായ പച്ച തിരമാലയും കാരണവും quires solved green waves kerala kerala,not_relevant
HlRZOhffqiE,ta,சின்னத் திரையின் சினிமா ிமே_இப்படித்தான் Click,not_relevant
J9niKEqzSxE,ta,Malaimurasu மதுரை மாட்டுத்தாவணி தனியார் பேருந்து,not_relevant
DfT7HogNIX8,ta,சின்னத் திரையின் சினிமா ிமே_இப்படித்தான் Click,not_relevant
v-Wc1m2uVj4,ta,சின்னத் திரையின் சினிமா ிமே_இப்படித்தான் Click,not_relevant
PSIv8r2uupk,ta,சின்னத் திரையின் சினிமா ிமே_இப்படித்தான் Click,not_relevant
33vUrxJe9bQ,ta,shorts மெரினாவில் திடீரென கிளம்பிய சுழல் காற்று Marina Beach,not_relevant
0dd46tWGOPE,ta,சின்னத் திரையின் சினிமா ிமே_இப்படித்தான் Click,not_relevant
QyV_vLg4Xqo,ta,cyclonemandous மாண்டஸ் புயல் மெரினாவில் கடல் சீற்றம் கலைஞர்,highly_relevant
pNq0LydJT14,ta,பொன்னியின் செல்வன் இரண்டாம் பாகம் சுழற்காற்று அத்தியாயம் 5 6,not_relevant
DVpXTutuOvg,ta,சின்னத் திரையின் சினிமா ிமே_இப்படித்தான் Click,not_relevant
ERtohOMziN0,ta,பொன்னியின் செல்வன் இரண்டாம் பாகம் சுழற்காற்று அத்தியாயம் 9 10,not_relevant
x8T7dy9mvac,ta,பொன்னியின் செல்வன் இரண்டாம் பாகம் சுழற்காற்று அத்தியாயம் 7,not_relevant
cego3mYBTfk,ta,chennai Voice of ThamizhNadu,not_relevant
1h2aB2HUNg4,ta,chennairain இது மரம் ஆ இல்ல பூதம் ஆ மலைத்து போன மக்கள் Tamil News Chennai,highly_relevant
brL53YhCGwU,en,Tamil Nadu weather news today Cyclone fani to approach Tamil Nadu coast in 4 days Tamil news live latest Tamil news,relevant
xIkS787m7so,ta,PonniyinSelvan ொன்னியின்செல்வன் இரண்டாம் பாகம் சுழற்காற்று,not_relevant
WBnlZniHWAc,ta,காணும் பொங்கலுக்கு ஆண்டுதோறும் களைக்கட்டும் சென்னை மெரினா,not_relevant
0A__o2keqNk,en,,highly_relevant
fYU6vO_6BJw,en,PonniyinSelvan ொன்னியின்செல்வன் ோடியக்கரை Those who are familiar with Kalki s,not_relevant
EHtEYlS0G-E,ta,Mandous Cyclone சென்னை மெரினாவில் தாண்டவமாடிய மாண்டஸ் புயல் குளமாக,highly_relevant
eqFxe_zim-Q,en,Watch NewsTamil 24x7 Live for the latest news updates அண்ணா,highly_relevant
oCAfKDnYnyU,en,Chennai Heavy Rain மழை நீடிக்கும் Website,highly_relevant
xJ7x_PjUImo,en,Subscribe to Sun News Channel to stay updated Hit Bell Icon to get alerted when videos are released,not_relevant
RiXxbv4C534,en,Tamil Subtitle also added Enable subtitle and enjoy the story பொன்னியின் செல்வன் கல்கி எழுதிய,not_relevant
sgkpf17_xpU,en,puthiyathalaimuraitv Puthiyathalaimurai TV Puthiyathalaimurai News Puthiyathalaimurai News Live,not_relevant
#NAME?,ta,சின்னத் திரையின் சினிமா ிமே_இப்படித்தான் Click,highly_relevant
X2PwbyGyaU8,ta,சின்னத் திரையின் சினிமா ிமே_இப்படித்தான் Click,not_relevant
rSLiMdFEvTw,en,Watch NewsTamil 24x7 Live for the latest news updates கோடை,not_relevant
qqxBsPDtIN4,ta,Nagai kadan thallupadi news Gold loan thallupadi Agricultural loan thallupadi நகை கடன் தள்ளுபடி follow on,not_relevant
aUStGvoeWm4,en,,highly_relevant
dNxGamGRbdo,ta,கொரோனா உலகம் முடங்கிக் கொண்டிருக்கிறது தினசரி,not_relevant
LTXJdi2k-_U,ta,1 2 3 4 5 6 7 8,highly_relevant
mz4VI09A1p0,en,பிற்பகல் விரைவுச் செய்திகள் Noon Express18 Headlines News18 Tamil Nadu 21 05 2020,not_relevant
KqapNjo7_NM,en,LIVE Super 60 News 60 நிமிடங்களில் 60 செய்திகள் 13 JULY 2023 Express News செய்திகளை,not_relevant
GIBuCEANtJg,en,puthiyathalaimuraitv Puthiyathalaimurai TV Puthiyathalaimurai News Puthiyathalaimurai News Live,not_relevant
vF-7L4ybiSE,ta,கொட்டித் தீர்த்த கனமழை வெள்ளத்தில் மிதக்கும் ஸ்பெயின் நகரம்,highly_relevant
QZoh4JGPVJQ,en,FUNNY NEWS Voice over AadthitamizanGokul SS Edit RAJINIRAGAVAA,highly_relevant
sQrfN6kNvdM,ta,சின்னத் திரையின் சினிமா ிமே_இப்படித்தான் Click,not_relevant
VlDoDQn5_6o,ta,சின்னத் திரையின் சினிமா ிமே_இப்படித்தான் Click,not_relevant
P7xF9D0p7Ow,ta,மெரினா கடற்கரையில் திடீரென மணல் சூறாவளி சிதறி ஓடும் மக்கள்,highly_relevant
L5nn5BgbkBI,en,,not_relevant
ec8iJaf2Swg,en,WATCH PUTHIYATHALAIMURAI NEWS LIVE HERE,not_relevant
_xtlHKMqhIk,ta,சின்னத் திரையின் சினிமா ிமே_இப்படித்தான் Click,not_relevant
XPMW_CzvCnI,ta,WATCH PUTHIYATHALAIMURAI NEWS LIVE HERE,not_relevant
k_PomlEekVw,ta,தமிழகத்தின் பொருளாதாரத்திலும் தொழில் உற்பத்தியிலும் முக்கிய,not_relevant
cWwh7K-h7Tg,en,whirlingwind கிரிக்கெட் வீரர்களை தடுமாற வைத்த சுழற்காற்று,not_relevant
U2q2tO4r49I,ta,TN Rains Live Update கனமழைக்கு வாய்ப்பு உச்சக்கட்ட எச்சரிக்கை MET Weather,highly_relevant
8viY6dn3GJE,en,The Federal brings you a live ground report on cyclone Mandous from the Marina beach in Chennai,highly_relevant
DEBTt4YyJ_g,ta,WATCH PUTHIYATHALAIMURAI NEWS LIVE HERE,not_relevant
3_UWfAEH5Ao,ta,1 டில்லி ஓட்டல் தீ 17 பேர் பலி 2 பெஞ்ச் மேல ஏறி நில்லு 3 வாட்ரா,not_relevant
1hBCZ2M_a30,en,For More Local News Breaking News Kollywood Movie News updates and videos from Tamil Nadu Puducherry India and,relevant
rrjOA8zN8yY,ta,சின்னத் திரையின் சினிமா ிமே_இப்படித்தான் Click,not_relevant
z4Ej4mSGWOI,ta,சின்னத் திரையின் சினிமா ிமே_இப்படித்தான் Click,not_relevant
IoOlIH5fka0,ta,சின்னத் திரையின் சினிமா ிமே_இப்படித்தான் Click,not_relevant
mHDFDVyBwlY,ta,சின்னத் திரையின் சினிமா ிமே_இப்படித்தான் Click,not_relevant
QXWHYKFfJlQ,ta,சின்னத் திரையின் சினிமா ிமே_இப்படித்தான் Click,not_relevant
YgBvz2oSlk8,ta,சின்னத் திரையின் சினிமா ிமே_இப்படித்தான் Click,not_relevant
siQGiXrGEjQ,ta,சின்னத் திரையின் சினிமா ிமே_இப்படித்தான் Click,not_relevant
2tjauJrAK0U,ta,சின்னத் திரையின் சினிமா ிமே_இப்படித்தான் Click,not_relevant
a1s3uGNN95c,en,puthiyathalaimuraitv Puthiyathalaimurai TV Puthiyathalaimurai News Puthiyathalaimurai News Live,not_relevant
MTrpB6NdZOs,en,Confused about important decisions Stop guessing get expert advice at Boss Wallah,not_relevant
12SfXriSx2I,ta,tamilnadu,highly_relevant
wEsw9rRvOw8,ta,Marina Beach மெரினாவில் ராட்சத மணல் சுழல் பொதுமக்கள் பீதி Chennai Sand,not_relevant
xy7ybp3ohQw,en,puthiyathalaimuraitv Puthiyathalaimurai TV Puthiyathalaimurai News Puthiyathalaimurai News Live,not_relevant
kunXM-tIqq0,ta,சின்னத் திரையின் சினிமா ிமே_இப்படித்தான் Click,not_relevant
2ks7YpeLGig,ta,01 தனுஷ்கோடி கொந்தளிப்பு 02 காதலை எதிர்த்ததால் பெண் கொலை 03,not_relevant
mm0tpzkpFXg,ta,சின்னத் திரையின் சினிமா ிமே_இப்படித்தான் Click,not_relevant
HRPJjLXhGGg,ta,PuthiyaThalaimuraiTV LIVE Nerpada,not_relevant
cPYN0BSlwVM,ta,சின்னத் திரையின் சினிமா ிமே_இப்படித்தான் Click,highly_relevant
pIjnD_GJ_gc,ta,சின்னத் திரையின் சினிமா ிமே_இப்படித்தான் Click,not_relevant
#NAME?,ta,சின்னத் திரையின் சினிமா ிமே_இப்படித்தான் Click,not_relevant
MfhvKhq7-KQ,ta,சின்னத் திரையின் சினிமா ிமே_இப்படித்தான் Click,not_relevant
yAa7v1-afkA,ta,சின்னத் திரையின் சினிமா ிமே_இப்படித்தான் Click,not_relevant
aTgSbmG1n6c,ta,சின்னத் திரையின் சினிமா ிமே_இப்படித்தான் Click,highly_relevant
rgSc6P2ybZI,ta,சின்னத் திரையின் சினிமா ிமே_இப்படித்தான் Click,not_relevant
yuzSsM09OLQ,ta,அந்திமாலை நேரத்தில் அலறியடித்து ஓடவைத்த சுழல் பொதுமக்கள்,highly_relevant
Ey4xWA4adPU,ta,சின்னத் திரையின் சினிமா ிமே_இப்படித்தான் Click,not_relevant
AZE8J1wJdg0,ta,சின்னத் திரையின் சினிமா ிமே_இப்படித்தான் Click,not_relevant
JMr-uJol04w,ta,சின்னத் திரையின் சினிமா ிமே_இப்படித்தான் Click,not_relevant
bV5knPR-M1w,ta,சின்னத் திரையின் சினிமா ிமே_இப்படித்தான் Click,not_relevant
IQZ5qJflyNY,ta,சின்னத் திரையின் சினிமா ிமே_இப்படித்தான் Click,not_relevant
a0OLGKlvV5I,en,today morning puthiya thalaimurai tamil live news relationship couple latest tamil short film 2017 yoyo news yoyo tv tamil,not_relevant
UbUl2Ehqlrc,ta,சின்னத் திரையின் சினிமா ிமே_இப்படித்தான் Click,not_relevant
#NAME?,ta,சின்னத் திரையின் சினிமா ிமே_இப்படித்தான் Click,not_relevant
B8hsmcnnCZ0,ta,சின்னத் திரையின் சினிமா ிமே_இப்படித்தான் Click,not_relevant
XZrmTHbI-Zw,ta,சின்னத் திரையின் சினிமா ிமே_இப்படித்தான் Click,not_relevant
s9PZsiHkDkM,ta,சின்னத் திரையின் சினிமா ிமே_இப்படித்தான் Click,not_relevant
SkKhPz-sGK8,ta,சின்னத் திரையின் சினிமா ிமே_இப்படித்தான் Click,highly_relevant
KMNU8V17TGw,ta,சின்னத் திரையின் சினிமா ிமே_இப்படித்தான் Click,not_relevant
gPp1f_wwaFo,ta,சின்னத் திரையின் சினிமா ிமே_இப்படித்தான் Click,not_relevant
RxkvPtG8-6Y,ta,சின்னத் திரையின் சினிமா ிமே_இப்படித்தான் Click,not_relevant
V07IaxOk1iY,ta,சின்னத் திரையின் சினிமா ிமே_இப்படித்தான் Click,not_relevant
kJH_MklI5CM,ta,சின்னத் திரையின் சினிமா ிமே_இப்படித்தான் Click,not_relevant
VHyzlADlwAg,ta,ChennaiFloods மெரினாவில் உள்ள தலைவர்கள்,highly_relevant
p4-cPQonFtM,ta,சின்னத் திரையின் சினிமா ிமே_இப்படித்தான் Click,not_relevant
FXa0hWIlu3M,ta,சின்னத் திரையின் சினிமா ிமே_இப்படித்தான் Click,not_relevant
7k7Ibn9NdOw,ta,சின்னத் திரையின் சினிமா ிமே_இப்படித்தான் Click,not_relevant
Hpv4WJiKoHY,en,Partnership 29 மாவட்டத்தில் அடித்து ஊற்றும் கனமழை tn heavy rain alert chennai weather imd,highly_relevant
EX8IVSino9g,en,Chennai Sun News சன் நியூஸ் brings to you the latest Information on Sports,highly_relevant
xDL2uTn9qy0,ta,பசுமை இல்ல வாயுக்களை அதிகம் வெளியேற்றுவதால் சென்னையில் மீண்டும்,highly_relevant
a6ifYhcmLNg,ta,தொடர் கனமழையால் செம்மஞ்சேரியில் வெள்ளப்பெருக்கு ஏற்பட்டுள்ளது,highly_relevant
oROvoU7HqNQ,ta,சென்னையில் அடித்து ஊற்றிய மழை ரோட்டையே மூழ்கடித்த வெள்ளம்,highly_relevant
#NAME?,ta,வீடுகளுக்குள் புகுந்த வெள்ளம் படகு மூலம் மக்கள் மீட்பு,highly_relevant
iT5NivqF8TM,ta,Chennai,highly_relevant
tl3vJGD1d4I,ta,Flood கரைபுரண்டோடும் வெள்ளம் மரத்தில் ஏறி ஆற்றைக்,highly_relevant
_rBYSG1LvKU,ta,சென்னை வெள்ளம் 2021 காரணங்களும் தீர்வுகளும் Mu Ramanathan Chennai Floods,highly_relevant
HjoKpT3eXF8,en,flood Subscribe to Sun News Channel to stay updated Hit Bell Icon to get alerted,highly_relevant
h42TBmx6Cqk,en,ChennaiRains Sun News சன் நியூஸ் brings to you the latest Information on Sports Business,highly_relevant
J1nWipOyha4,ta,ChennaiRains வடியாத வெள்ளம் குடியிருப்புகளில் இருந்து,highly_relevant
Rg-NK8SZjWE,en,Chennai Rains Sun News சன் நியூஸ் brings to you the latest Information on Sports Business,highly_relevant
s8sPwlFN9Ug,ta,சென்னையில் நேற்று இரவு பெய்த மழையால் ஆங்காங்கே வெள்ளம்,highly_relevant
t-lo6YycxdQ,en,chennairains Become A Mojo Story Member Now,highly_relevant
2a8FA34vvDc,ta,பெருங்களத்தூரில் அடையாறு ஆற்றை ஒட்டியுள்ள தாழ்வான பகுதியான,highly_relevant
GvJRwUONWI8,ta,கடந்த காலங்களில் வெள்ளத்தில் பாதித்த இடங்களின் நிலை என்ன,highly_relevant
31wpWhmjiNc,ta,சென்னை மாம்பலம் ரங்கராஜபுரம் உள்ளிட்ட பகுதிகளில் மழை வெள்ளம்,highly_relevant
44Sb9iAtgWQ,en,WATCH PUTHIYATHALAIMURAI NEWS LIVE HERE,highly_relevant
iHfDgDLhq9Q,ta,வடகிழக்கு பருவ மழை எதிரொலியாக சென்னையில் விடிய விடிய கனமழை,highly_relevant
2mc2-FxUNFc,ta,shorts சென்னை வெள்ளம் எதிரொலி ஹெலிகாப்டர்,highly_relevant
kHlP4FIKScI,ta,chennairain ஸ்தம்பிக்கும் சென்னை வீடுகளுக்குள்,highly_relevant
QN0noPh-Dcw,ta,Chennai கனமழையால் மிதக்கும் சென்னை புறநகர் சாலைகளில்,highly_relevant
Mllkx52sEdw,ta,Click here to watch Live updates on election results சென்னை நகர் முழுவதும்,highly_relevant
X656_vlam2M,ta,ChennaiRains சென்னையில் மழை வெள்ளம் அரசுக் கு உயர்நீதிமன்றம்,highly_relevant
QIfE3rBuQ2w,ta,சென்னையில் இந்த 3 இடங்களில் வெள்ளம் சூழ்ந்தது தீவிரமாக,highly_relevant
7tOxdOoQo9k,en,Chennaifloods For the first time since 2015 the Chembarambakkam lake has,highly_relevant
ObKDv8_Bohw,ta,மும்பை மாநகரம் பெரும் தவிப்புக்குள்ளாகியுள்ளது எப்படி 2015ம்,highly_relevant
7EsXE6axs6E,en,Heavy Rain Chennai Rain Rain Update Today Rain News Rain News Velachery Flood Flood Alert Chennai Rain Flood,highly_relevant
anDjYY79Txk,ta,ChennaiHeavyRain சுண்ணாம்பு கொளத்தூரில் சாலைகள்,highly_relevant
dF1ldteo_QQ,ta,சென்னை கீழ்ப்பாக்கத்தில் வெள்ளம் போல் காட்சியளிக்கும் மழை நீர்,highly_relevant
30E8SC8-gyo,en,Kannammapet Sun News சன் நியூஸ் brings to you the latest Information on Sports Business,highly_relevant
c1g8xVQrd24,ta,சென்னை சாலைகளில் ஆறு போல் ஓடும் வெள்ளம் Chennai Rain Flood Fenjal Cyclone,highly_relevant
txqIxlMSy4M,ta,அடுக்குமாடி குடியிருப்புகளை சூழ்ந்தத மழைநீர் 4 நாட்களாகியும்,highly_relevant
8O1rUFEQ1xo,en,chennairains Subscribe to Sun News Channel to stay updated Hit Bell Icon to get,highly_relevant
oBYdqL9DXG4,en,cyclonemichaung Cyclone Michaung Impact சென்னை,highly_relevant
3E5jdq54QzE,en,Periyamet Sun News சன் நியூஸ் brings to you the latest Information on Sports Business,highly_relevant
BKoQqLBTuNs,ta,shorts சென்னை வெள்ளம் மக்களுக்கு,highly_relevant
F4HyZCtmDsA,en,Nityanand Jayaraman is a writer and researcher based in Chennai He investigates and reports on corporate abuses of,highly_relevant
D94rtf53RAw,ta,நிரம்பி வழியும் சென்னையின் முக்கிய ஏரி ரோட்டில் ஆறாக ஓடும்,highly_relevant
Cc0pE6IsXmA,ta,Chennai Rain Updates Pattalam Strahans சாலையில் பெருக்கெடுத்த வெள்ளம் வாகன,highly_relevant
z0apktkabu0,ta,அடையாற்றில் வெள்ளப்பெருக்கு கரையோர மக்களுக்கு எச்சரிக்கை Adyar,highly_relevant
kXv_Wo_wF7g,en,ThyagarayaNagar Sun News சன் நியூஸ் brings to you the latest Information on Sports,highly_relevant
h8CxY0KdpyE,ta,சென்னையில் நொடிக்கு நொடி ஏறும் வெள்ளம் பீதியில் வாகன ஓட்டிகள்,highly_relevant
UfFELZ6YsX4,ta,News18 Special ஒரு நாள் மழைக்கே சென்னை தி நகரில் தேங்கிய வெள்ளம் இதனால்,highly_relevant
ze7RqmIW7Aw,en,Newstamil24x7,highly_relevant
8f1SYw4ywEw,ta,Chennai Floods சென்னையை புரட்டிப்போட்ட வெள்ளம் இதிலிருந்து நாம்,highly_relevant
ZXIImpmX9Q8,ta,மழை நின்றும் வடியாத வெள்ளம் விடியாத துயரம் Chennai Rain Flood Tamil News,highly_relevant
mBegBNmzmz0,ta,சின்னத் திரையின் சினிமா ிமே_இப்படித்தான் Click,highly_relevant
bEPUpJWAADc,ta,சென்னை வெள்ளம் ஸ்டாலின்செய்த சம்பவங்கள் தலை குனிந்த ஊடங்கங்கள்,highly_relevant
7OrJyfjCWQQ,ta,shorts அடுத்த வெள்ளம் 10,highly_relevant
rI4cq1Qfq5w,ta,சென்னை நகர் புறநகர் பகுதிகளில் தொடர் மழையால் வெள்ளம் சாலைகளில்,highly_relevant
zvgpQxEE2pk,ta,சென்னையில் கனமழை சாலைகளில் பெருக்கெடுத்து ஓடும் வெள்ளம்,highly_relevant
iRJ7122xcNs,ta,chennai MGRRroadrain சென்னையில் வெளுத்து வாங்கும் கனமழை,highly_relevant
HAgHqFauNLk,ta,Chennai Flood சென்னையில் புயல் பாதிப்பினால் குடியிருப்பு பகுதிகளில்,highly_relevant
1lNTqfon1bI,ta,TnRainfall கோடை மழைக்கு மிதக்கும் வாகனங்கள் சென்னை சாலையில்,highly_relevant
zRBLONu7CKg,ta,சென்னை பெரு வெள்ளம் முதல்வரின் சொந்த தொகுதி கொளத்தூர் எப்படி,highly_relevant
WHoU1JWK3T0,ta,LIVE Chennai Rain Flood சென்னையில் முக்கிய ஏரியாவில் ஓடும் வெள்ளம் Heavy Rain,highly_relevant
yNKRdF9hqsI,ta,சென்னையில் மழை நின்று 2 நாள் ஆகியும் வடியாத வெள்ளம் Chennai Rain Chennai,highly_relevant
BvQKUy_90SU,en,rainupdate திடீரென வெளுத்து வாங்கிய கனமழை,highly_relevant
Tb5kX1dnxuY,ta,Partnership சென்னை பூண்டி புழல் ஏரிகளில் இருந்து வெளியேற்றப்படும்,highly_relevant
I8X_nZxoavc,en,heavyrain Subscribe to Sun News Channel to stay updated Hit,highly_relevant
H8VrKxhVypc,ta,2015 ம் ஆண்டு திடுப்பென்று சென்னை நகரத்தைச் சூழ்ந்த வெள்ளத்தால்,highly_relevant
ndekjqkE2uE,ta,சென்னை திருச்சி தேசிய நெடுஞ்சாலையில் பெருக்கெடுத்த வெள்ளம்,highly_relevant
SEbCLzxL7sU,en,Remembering Chennai flood Tamil,highly_relevant
mLZDQHuv0MY,ta,shorts சுனாமி மாதிரி வெள்ளம்,highly_relevant
NKsdSlezUFk,ta,செப்டம்பர் மாத மழைக்கே தாங்காத சென்னை சாலையில் ஆறு போல ஓடிய,highly_relevant
ON4ZTQCq4OE,ta,சென்னையை அடுத்த தாழம்பூரில் சாலையில் வெள்ளம் முழங்கால்,highly_relevant
p0qcNBdH09k,en,Chennai Rain or Flood is not a new one But the disaster and suffering is a Man made drama What is the source of it What done,highly_relevant
_ZIDGtnynYc,ta,சென்னை வெள்ளம் பார்ட் 2 உறுதி சமூக வலைதளங்களில் பரவும் செய்தி,highly_relevant
_UneADXVImA,ta,Newstamil24x7 நாலாபுறமும் சூழ்ந்த வெள்ளம் செய்வதறியாது தவித்த,highly_relevant
2AR8a0-ZAHA,ta,Chennai,highly_relevant
kxQcuoMJw5U,ta,Chennai பூதம் போல் கிளம்பி வரும் வெள்ளம் மொத்தத்தையும்,highly_relevant
6sObLeopIZk,en,For Business Enquiry zhagaramcontact com Follow us on Youtube,highly_relevant
Jl18M7scJm8,ta,ChennaiRains சென்னையில் 6வது நாளாக தேங்கியுள்ள மழை வெள்ளம் நீரை,highly_relevant
9Lg5GiX_XA8,ta,சென்னை டூ மதுரை செல்லும் தேசிய நெடுஞ்சாலையில் வெள்ளப்பெருக்கு,highly_relevant
USGdblKn7Gg,ta,சென்னை வெள்ளப்பெருக்கு காரணம் சைதை துரைசாமி மு க ஸ்டாலின்,not_relevant
LuNEVijcHsY,ta,ChennaiRains வெள்ளம் சூழ்ந்துள்ள காவலர் குடியிருப்பில்,highly_relevant
ItZxl07bZhE,ta,Chennai Sun News சன் நியூஸ் brings to you the latest Information on Sports,highly_relevant
leOnUTFS7PM,ta,சென்னை கோடம்பாக்கத்தில் சாலைகளில் பெருக்கெடுத்து ஓடும் வெள்ளம்,highly_relevant
ArJQl-lQbtU,ta,NorthChennai வட சென்னை பகுதிகளில் மீண்டும் குடியிருப்புகளை,highly_relevant
35Kvp8GVJLE,ta,mandouscyclone மாண்டஸ் புயல் காரணமாக,highly_relevant
HA93CyNjz_A,ta,ChennaiHeavyRains மார்க் கெட் பகுதியை சூழ்ந்துள்ள வெள்ளம்,highly_relevant
X2LJG83YVBk,ta,சென்னையில் தொடர் கனமழையால் பிரதான சாலைகளில் மழைநீர்,highly_relevant
W_bcqNn5_Zo,ta,ChennaiRain பூதம் போல் கிளம்பி வரும் வெள்ளம் நேரடியாக களத்தில்,highly_relevant
SsE2KI7Es2Y,ta,WATCH PUTHIYATHALAIMURAI NEWS LIVE HERE,highly_relevant
LYcvDucOxuc,en,Watch NewsTamil 24x7 Live for the latest news updates,highly_relevant
kTQNvYWt6aA,ta,தண்ணீரில் மிதக்கும் சென்னை சிட்டி எங்கு பார்த்தாலும் வெள்ளம்,highly_relevant
YmktY93aUZM,en,heavyrain Subscribe to Sun News,highly_relevant
e_44Erqs6XM,ta,,highly_relevant
8LmjpsnZmoQ,ta,PuthiyaThalaimuraiTV நம்ம சென்னையா இது மூழ்கிய சாலைகள் ஆறாக ஓடும்,highly_relevant
zVJC2zuSYuo,en,Watch NewsTamil 24x7 Live for the latest news updates தொடர்,not_relevant
UNYtrjdKy4g,ta,Newstamil24x7 வடியாத வெள்ளம் பொதுமக்கள் அவதி,highly_relevant
ATxKO_71HBw,ta,JUSTIN மிக்ஜாம் புயல் வெள்ளம் சென்னை மெட்ரோவுக்கு ரூ 210 கோடி சேதம்,highly_relevant
xbu8muLIV-4,ta,To Book Tickets for KICK Click இடி,highly_relevant
4MfQ2OHmI6w,en,cyclonemichaung Condition of,highly_relevant
GoKAsdJPopU,ta,ChennaiFlood கனமழையால் வெள்ளக் காடான,highly_relevant
vDW01D0PqJg,ta,ChennaiRains வீடுகளை சூழ்ந்த வெள்ளம் இயல்பு வாழ்க்கை,highly_relevant
koUrSYy7OXg,ta,chennaifloods தவறாமல்,highly_relevant
vJhsvQCm-dw,ta,tamilnaduweathertoday,highly_relevant
KC-1rP2VApA,ta,Visit for more news Subscribe us,not_relevant
TAggvuzAmBI,en,Listen to the Jukebox of the Musical Superhit Movie Alaigal Oivathillai composed by Isaignani Ilaiyaraaja Directed by,not_relevant
9uMb3PJJeFk,en,janakihits விழியில் விழுந்து பாடல் vizhiyil vizhunthu song Ilaiyaraaja,not_relevant
P94DTVHKA4U,en,spbhits ஆயிரம் தாமரை மொட்டுகளே பாடல் aayiram thamarai mottukkale song,not_relevant
XjfmKMfoFAE,ta,இந்தோனேசியாவில் பயங்கர நிலநடுக்கம் 6 அடிக்கு உயர்ந்த கடல் அலை,highly_relevant
FKPqxNH6ebU,en,,not_relevant
a5bJm_ubDk0,en,NIVARPUYAL PUYAL Deepam 24hrs News is an online news channel You can get all the,not_relevant
uHZxmtgh87Y,en,,not_relevant
cyfG_4b5tRM,en,Membership Join this channel to get access to perks,not_relevant
LBsqnUZ8BZU,ta,தியானத்தில் நாம் எடுக்க வேண்டிய உயர் மின் காந்த அலை எண்ணத்தைக்,not_relevant
Ughyw2JnS1o,ta,உலக அரங்கில் உயர்ந்த இந்தியர்கள் செவ்வாய் கிரகத்தின் தனி அலைகள்,not_relevant
vXnD-Jr_o8I,en,அலைகள் Vs ஓதங்கள் Waves Vs Tides,not_relevant
D4DcyAl_tiM,en,,not_relevant
KdZ4R5GxIDI,en,Kadhal Oviyam song by Ilaiyaraaja and Jency Anthony from the movie Alaigal Oivathillai அலைகள் ஓய்வதில்லை,not_relevant
MBznUp93XhI,en,alaska,not_relevant
WmnU_sFUVps,en,Alaigal Oivathillai All Songs Ilayaraja Melody Songs 80s All Songs in Pen drive,not_relevant
XawFAfca860,ta,SrilankaCurrentSituation,highly_relevant
LiYQY3iwuUI,en,Watch NewsTamil 24x7 Live for the latest news updates 7 அடி வரை உயர்ந்த,not_relevant
WbghVemhDug,ta,Video from FAZIL 5CELL S,not_relevant
nCDRRHITfMM,ta,NivarCycloneUpdate,highly_relevant
t98ONUsu5xU,ta,best life quotes ிறந்த வாழ்க்கை தத்துவம் பிரச்சினைகள் கடல் அலைகள்,not_relevant
x9Usk1CBrq0,ta,விண்வெளிக்கப்பல் சிக்கியது ஒரு மறைமுக சிக்னல் தாக்குதலுக்கு,not_relevant
BB5vrfzP-No,ta,2 மடங்காக உயர்ந்த கொரோனா 4 வது அலை அதிதீவிரம் Raj News,not_relevant
v-hi6SlkDkc,ta,,not_relevant
8Y9CAu3G43s,en,Vizhiyil Vizhundhu song by Ilaiyaraaja and B S Sasirekha from the movie Alaigal Oivathillai அலைகள் ஓய்வதில்லை,not_relevant
igD-pHuFHn0,ta,,not_relevant
OhSRABw_DEg,en,wave noise is one of the best sounds,not_relevant
M3dhFjPeY_0,en,Alaigal Oivathillai transl Waves never cease is a 1981 Indian Tamil language romance film written and directed by Bharathiraja,not_relevant
dtYvTsEpZO8,en,Nice video,not_relevant
ZOxhMbX8LwQ,en,shortsfeed TOILET paper Revelation,not_relevant
V-KgfLUwF50,ta,,not_relevant
oiypPQArvkM,ta,,not_relevant
PXAPnuodQ9Q,ta,அலைகள் ஒய்வதில்லை கிளைமேக்ஸ் எழுதியது மறைந்த இயக்குனர் மணிவண்ணா,not_relevant
qUpRtuakUx0,en,Best Sky Blue Short Video Best Creativity Camera,not_relevant
eLNnjuAZrQk,en,மாமல்லபுரம் கடற்கரை இளையராஜா இனிய பாடலுடன் ஓய்வு கடல் அலை,not_relevant
gZWIDCJz9Ck,ta,,not_relevant
m9Ca0HooCrw,en,A perfect day at Side Beach begins with a morning when the turquoise waters of the Mediterranean change the shore the golden,not_relevant
4dXE0kxjzS8,ta,,not_relevant
7gJUw5C7Ago,ta,,not_relevant
FixmejFOuE0,en,We had a great day at Balneario beach today The sky was deep blue and the sun was shining generously throughout the day,not_relevant
YC0K9qhIPYk,en,அலைகள் ஒலியுடன் சிறந்த கடற்கரை காட்சி Best beach view Awesome wave s sound,not_relevant
CcoRdJGJ19A,ta,,not_relevant
ABbtN6LmkZ8,en,I have found one of my best relaxing place,not_relevant
by3a3FQneXU,en,TheGolden_Clover,not_relevant
aozHkTBYy7o,en,Sailing The High Seas Safety first Safety Always,not_relevant
#NAME?,ta,20 ஆதம் அலை தடையை மீறினார் மறைக்கூறும் இறைத்தூதர்கள் 36,not_relevant
eMm9CbEqS30,ta,ஒரு தொலை நோக்கு விஷன் மனித சிந்தனையின் பேராற்றலைப் பயன்படுத்தி,not_relevant
P_WWNspxLvA,en,Just being an Aquaholic,not_relevant
Hm9Xqv6LvtM,ta,காசிமேட்டில் மிரட்டும் கடல் தூக்கி அடிக்கும் அலைகள்,not_relevant
xXczVR3dl0A,en,பழைய கடல் புதிய அலை Erode Magesh Motivation Speech,not_relevant
#NAME?,ta,,not_relevant
rpgSzu9ONas,en,world,not_relevant
3ZOFOng3oFo,ta,,highly_relevant
3MIkzxpXcLY,ta,மௌலானாகேஏநிஜாமுத்தீன்மன்பஈ,not_relevant
paL6x_fJnTA,en,மாமல்லபுரம் Mahabalipuram அருகே அமைந்துள்ள அழகிய Sunny Beach,not_relevant
ZWWOm7jKuaM,ta,,not_relevant
ocSPEH29XbY,ta,ஹிதாயத் hidayah Feel free to repost ிதாயத் இந்த உலகத்தில் உயர்ந்த,not_relevant
xORcBbLt0QM,ta,வீர தமிழனின் பெருமை இந்திய பெருங்கடலின் அரசன் ராஜேந்திர,not_relevant
22Kj3J_ppj0,ta,ஆதம் அலை அவர்கள் அல்லாஹ்விடம் கேட்ட சிறந்த பாவமன்னிப்பு துஆ,not_relevant
s_4HQnCki4o,en,Listen to the Evergreen song from the Block Buster Tamil Movie Alaigal Oivathillai composed by Isaignani,not_relevant
fJnIHRs_csY,ta,,not_relevant
8xSRjTPFwHw,ta,,not_relevant
XqNDRMO2X0o,ta,,not_relevant
7ivFuK1SHXk,ta,என் இறைவா என்னைத் தனியாளாக விட்டு விடாதே நீ மிகச் சிறந்த,not_relevant
le1rERXt0Io,ta,,not_relevant
A5SanDwB3Pk,ta,ஒரு தொலை நோக்கு விஷன் மனித சிந்தனையின் பேராற்றலைப் பயன்படுத்தி,not_relevant
0o2fypdOQ0s,ta,அலை أ ل ى வலியுறுத்தும் வினாவுக்கான அரபு சொல் அலை என்பது,not_relevant
MumVzhZSqRw,ta,இப்ராஹீம் அலைஹிஸ்ஸலாம் நெருப்பில் எரியாத நபி இஸ்லாத்தின்,not_relevant
LL1HwsWz7Tw,en,Kalai Music box movie songs and meditation Music exercise Music sleep music Drive Music Relaxing Music Stress Relief,not_relevant
qVu2BgYHvcw,en,Elliots Beach near Besant Nagar in Chennai had unusually high that scared the birds and morning joggers on the,not_relevant
d7JxaOfPoNo,ta,ஒரு தொலை நோக்கு விஷன் மனித சிந்தனையின் பேராற்றலைப் பயன்படுத்தி,not_relevant
1msQkgmKrlY,ta,,not_relevant
AYGCsNRB55I,ta,130 5 நபி ஷுஐப் அலை வரலாறு மறைக்கூறும் இறைத்தூதர்கள் ஷுஐப் அலை,not_relevant
irU0HiB7v9A,en,socialtalkies SOCIAL TALKIES,not_relevant
BgcgnWKfT-4,ta,சூரியன் உதிக்கும் நாட்களில் வெள்ளிக்கிழமையே மிகவும் சிறந்த,not_relevant
2CJr2ajKxXY,ta,,not_relevant
UvoTDLGkIGc,ta,senthilbalaji,not_relevant
GsTBu77gzIc,ta,ஜெட் வேகத்தில் உயர்ந்த ரஜினி ஆதரவு அலை அரசியல் தலைவர்களை அதிர,not_relevant
hUng7sJIRGc,ta,,not_relevant
01_2HgIhAvE,ta,,not_relevant
DlYY1jtJi8c,ta,,not_relevant
KB3a4ahQWdM,ta,devotionaltamil ்மிகம் ிபாடு JOIN NOW,not_relevant
eGuGh1rPRYk,en,Balneario Beach is an oasis surrounded by the peaceful beauty of nature Its wide and clean beach allows for long walks and,not_relevant
wbAiQFBjNEk,ta,109 19 நபி யூஸுஃப் அலை வரலாறு மறைக்கூறும் இறைத்தூதர்கள் 76 அவரது,not_relevant
OI37t8YT8YI,ta,,not_relevant
5oiVO4SzpCY,ta,திருக்குர்ஆன் 40 36 37 இந்த வசனங்களில் ஃபிர்அவ்னின் தற்பெருமையும்,not_relevant
bHv7nRGCgY0,ta,,not_relevant
EEVkZlzC_XA,en,Thank you for watching Surfing is the sport of riding waves in an upright or prone position In the ocean wave riders stand up on,not_relevant
a05CQNyrv6g,ta,அஸ்ஸலாமு அலைக்கும் வரஹ்மத்துள்ளாஹி வபரக்காத்துஹூ தலை சாய்த்து,not_relevant
Ur_E6JAtZpU,en,In this short video watch how we carefully time the launch of a fishing boat during high waves on a windy day at the beach,relevant
Yj_7msY3SlQ,ta,நல்லாட்சி அமையுஆ்லாஹ் ரஹ்மத்ிறந்த ஆட்சிிறந்த,not_relevant
P_b6QkKl_G4,ta,News Prayer கேரளாவுக்கு உயர் அலை எச்சரிக்கை விடுப்பு இந்த,not_relevant
z0xqTTQrk_Q,ta,111 21 நபி யூஸுஃப் அலை வரலாறு மறைக்கூறும் இறைத்தூதர்கள் 87 என்,not_relevant
E_ZZIMhBfyQ,ta,பேச்சாளர் மவ்லவி ஆலிம் அல்ஹாஜ் M சதீதுத்தீன் ஃபாஸில் பாகவி,not_relevant
FD-W78gc0LI,ta,shorts பிள்ளைகள் வளர்ப்பில் லட்சியமும் அலட்சியமும்,not_relevant
mpXQV5-FGh8,ta,shorts Join this channel to get access to perks,not_relevant
ElqzvzqIhao,ta,அஸ்ஸலாமு அலைக்கும் வரஹ்மத்துள்ளாஹி வபரக்காத்துஹூ தலை சாய்த்து,not_relevant
FGwW_KCOtvo,ta,,not_relevant
pE_RvVGhgUQ,ta,sssvragam நடிகர் கார்த்திக்,not_relevant
CHQ4jCBti90,en,Melodious Title Track of Chakravakam Telugu Daily Serial is here for you The song is written by Balabhadra Patruni Madhu,not_relevant
SXXrToI6iz8,en,Please do Subscribe our channel thank you,not_relevant
S99Hh60EEWA,en,ఏపి తెలంగాణాకు చక్రవాత తుఫాను RAVI REPORTS Cyclonic Storm Brings Heavy Rainfall to Telangana,highly_relevant
BKLMWcWEtcA,en,Disaster Management Disaster Management Class 9 Natural Hazards and Disasters An Disaster Management,not_relevant
xQLrV9vOhXE,en,GROUP_2 JOSH_STUDY_CLUB DOWNLOAD OUR APP,not_relevant
nT3rlm-p82A,te,Andhrapradesh_Geography Telegram Group link,not_relevant
BjWDSFmm4MY,te,ఈ ఛానల్ నందు ఎప్పటికప్పుడు లేటెస్ట్ విద్యాఉధ్యోగ సమాచారం,not_relevant
nDgpdcHWumg,en,AP Grama Ward Sachivalayam Recruitment 2019 Syllabus information in telugu Latest Important Current Affairs in Telugu,not_relevant
5remzMNG-ZE,en,AP Grama Ward Sachivalayam Recruitment 2019 Syllabus information in telugu Latest Important Current Affairs in Telugu,not_relevant
Ty-PmCAlwB8,en,SoFNET T SAT TRT SGT Social Geography శీతోష్ణస్థితి వాతావరణ పీడనం G N Giridhar,not_relevant
AnUicPpfeEo,te,ఈ వీడియోలో మనం 9th class లోని వాతావరణం unit లో చివరిబాగం గా ఆర్ద్రత అవపాతం,not_relevant
CW_wNMsKKY8,en,TET and Dsc social studies ప్రకృతి సిద్ధ మండలాలు,not_relevant
rws85XjU8fM,en,Free Test PDF Free Monthly Yearly Current Affairs Free Pdf,not_relevant
QpU6PyDNNVQ,en,aphighcourtmodelpapers,not_relevant
sCMxRa0dsow,te,Desireminds వాట్సాప్ అప్ channel,not_relevant
ViV4eH4CA8M,en,Palaka Balapam Tech 2 1 Introduction Linear Equations in One,not_relevant
hG6d_t3c43A,en,AP DSC TET and TRT Special,not_relevant
6R2d0MwUqwc,en,GROUP_2 JOSH_STUDY_CLUB DOWNLOAD OUR APP,not_relevant
cuBVx4A2BXk,en,Follow this link to join my WhatsApp group Panchayat secretary Mains 60,not_relevant
ucjEzQoLwcc,en,Please do Subscribe our channel thank you,not_relevant
uc1jEkPck2I,en,Climate Academy Geography dsc 2025 latest news today dsc dsc 2025 2025 Climate Telugu,not_relevant
I_gmdyHlLUA,en,చక్రవాతాలు cyclones sure గా చదవండి Ap Dsc social studies classes Intergeography,highly_relevant
bmPzQmTTW0o,en,Ap grama sachivalayam catageri 1 Model paper in Telugu 150 Marks Live Exam Final Test Ap grama sachivalaya Jobs Live,not_relevant
Umxkxhh4zXg,en,గ్రామ సచివాలయం ముఖ్యమైన మోడల్ పేపర్ bits grama sachivalayam important bits Grama,not_relevant
B4u92iKBQiw,en,DSC social studies previous question paper explanation useful for all AP and TS aspirants,not_relevant
#NAME?,en,disaster Most expected bits for ap grama ward sachivalayam notification Previous bits for ap grama ward,not_relevant
OsupSOmdG7s,en,Indian Geography State Central Government Schemes Latest Current Affairs AP Panchayat Secretary Recruitment 2019,not_relevant
vYc9788AhSc,en,shine_india_disaster_management_classes,not_relevant
7RdYEExvoYs,te,అన్ని కోర్సుల పై ఆఫర్ 24 hourse లో క్లోజ్ అవుతుంది మిత్రమా మీరు మన యాప్,not_relevant
#NAME?,en,AP Grama Sachivalayam Practice Bits Indian Geography 2 by Aditya Today PDF,not_relevant
B5bpodKrUkY,en,,not_relevant
z7vzJDJbrko,en,ap dsc latest news today kings dsc ts dsc telugu academy geography text book inter education dsc latest news today,not_relevant
K8nZoiDAzWE,en,apforestbeatofficerModelpaper2025 AP App link,not_relevant
MAmstb7ioXE,en,New Batches Starting Every Wednesday Use Code SRTUTORIAL Get 10 Discount on Every Subscription Want to test your,not_relevant
8my43rd-bdg,en,Indian Geography Monsoon State Central Government Schemes Latest Current Affairs AP Panchayat Secretary Recruitment,not_relevant
ydA7xjwXFhA,te,తెలుగు రాష్ట్రాలకు మరో అల్పపీడనం ఉంది ఏపీ తెలంగాణ వాతావరణం శాఖ,not_relevant
#NAME?,en,G S pdf link 179 Online Exam link గ్రామీణ,not_relevant
3hYldpt4PEU,en,SUNANDASTUDYCIRCLE tet social classes in telugu bed social methodology in telugu social methodology classes in telugu sa,not_relevant
Rq5wwI-FOMU,en,For admission related queries Please Call 7678257460 Mahapack AP and TS Mega Pack 24 Month,not_relevant
ZHgSXl0XxEc,en,Atmosphere ap dsc 2021 ap dsc latest news today 9th class social 4th lesson atmosphere IIkings dsc dsc,not_relevant
PfwjET0NIkI,en,To Avail 10 Disc Use My referral Code Subscription Link Join the Elite group,not_relevant
lAvBXH4uJP8,en,Please do Subscribe our channel thank you,not_relevant
SjYuiaNPbjM,en,ap dsc latest news today kings dsc telugu academy geography inter education ts dsc appsc tspsc dsc latest news today,not_relevant
RsyoXiUv-dQ,en,Telegram Group link our web site,not_relevant
tQMphYBHkdI,en,Questions in Indian Geography Part 3 General Studies For All Competitive Exams Students Feedback form,not_relevant
4H8oa_5j42Y,te,భారత దేశ చరిత్ర సంస్కృతి part1 భారత దేశ చరిత్ర,not_relevant
ESWJh1jOgj8,en,Please do Subscribe our channel thank you,not_relevant
6uaKHWsRqX0,en,All competition exams important topic,not_relevant
BmYW_gmzsQ8,en,తెలుగులో ప్రతిరోజు కరెంట్ అఫైర్స్ వీడియోస్ కోసం విజిట్ చేయండి,not_relevant
9AH-imjCvqk,en,Notification Apply Link,not_relevant
9ndLzNdt4NI,en,Watch this video AP Panchayat Secretary Screening test 2019 Important Questions APPSC Group3 Important Questions AP,not_relevant
docIJAx01XM,en,Competative_Exam_Quiz,not_relevant
oJzlLtBQ5Ks,en,2 updates app and get 100 paytm free cash back For,not_relevant
_FC4LmWf2wA,en,SoFTNET T SAT TSPSC Police Geography Shithishnasthithi Vathavarana Peedanam G n Giridhar Subscribe,not_relevant
4cTxiRX9NWo,en,GROUPS CHANNEL join our telegram group ఏపీపీఎస్సీ గ్రూప్ 1 గ్రూప్ 2 ఇతర,not_relevant
1Tkrz7Ha3Sg,en,IQ and GK Education latest 10 unknown general knowledge questions and answers in telugu gk bits in telugu latest general,not_relevant
gNokbZCuiqQ,en,Indian Economy in Telugu Important Questions and Answers Indian Economy Venugopal Kemburu Jobs భారత,not_relevant
Qrx3XNsffCs,te,ఇండియన్ జాగ్రపీ లోని ఇంపార్టెంట్ నేషనల్ హైవేస్ మరియు పర్వతాలు,not_relevant
W6ohQ6JAY-Y,te,Telgram group డైలీ టెస్ట్ PDF కోసం ఇక్కడ క్లిక్ చెయ్యండి,not_relevant
NLBwZB38Jmc,en,Disaster Management APPSC,not_relevant
dqcSn0VOiWQ,en,Thank You for watching Do not forget to Like Comment Share Subscribe తెలంగాణ,not_relevant
j1Lbv7eXVuI,en,upttakejobs,not_relevant
vlFYOo2Fdr0,en,ap dsc latest news today kings dsc ts dsc inter education telugu academy geography text book dsc latest news today,not_relevant
5Qf9Mhlb_Oo,en,General_Studies K Telegram Group link,not_relevant
mHB25_bgsfE,te,,not_relevant
IGGfQu0sniQ,en,RRB ్ సైన్స్ GUDUVANDHULA,not_relevant
iw6ALkut54k,en,General_Studies Telegram Group link,not_relevant
E3tbDPPVeSs,en,Watch this video Indian Geography Important Questions for all Competitive exams in Telugu General Studies Daily Current,not_relevant
GtJG98qJFL4,en,Indian_Geography,not_relevant
X8WbhoD0JSs,en,AP DSC social studies 2006 previous question paper explanation useful for all AP and TS aspirants,not_relevant
DcAckEQ6BgM,en,Indian Geography Bits in Telugu VRO SI Constable Group 4 Study Material in Telugu పోలీస్ కానిస్టేబుల్,not_relevant
NAkVB8Ncv34,en,For Latest Updates PDF s Join on Telegram Subscribe for Videos on Multiple Choice,not_relevant
jok7nk3krv8,en,Shine india RK Tutorial,not_relevant
m9xXdrtgLJo,en,World Geography Indian Geography Bits in Telugu VRO Constable SI Group 4 Model Papers in Telugu పోలీస్,not_relevant
OluyCm5B1Mc,en,Shine india RK Tutorial,not_relevant
58hEZS5zvj8,te,అన్న గా ఒక ఫ్రెండ్ గా రాఖీ మరియు స్వతంత్ర దినోత్సవ,not_relevant
2FHkXYzFOeM,en,For Latest Updates PDF s Join on Telegram Subscribe for Videos on Multiple Choice,not_relevant
oY02SSrsqCI,en,Download Way2News App Way2News India s No 1 Hyperlocal Short News App is one of the,not_relevant
#NAME?,en,Dsc_2020 Pdf DSC 2020 DSC online classes in,not_relevant
DMpseYCXg0c,en,group_2 ఈ లింక్ ద్వారా app డౌన్లోడ్ చేసుకోండి,not_relevant
#NAME?,en,shine_india_disaster_management_classes,not_relevant
juhVAjZonUg,en,For Latest Updates PDF s Join on Telegram Subscribe for Videos on Multiple Choice,not_relevant
Yvu7_e0FlC8,en,,not_relevant
ZQlHqegk77M,en,GROUP_2 JOSH_STUDY_CLUB DOWNLOAD OUR APP,not_relevant
rqNJT9fFUr8,en,Dsc_2020 Pdf DSC 2020 DSC online classes in,not_relevant
8p9Z5nd3vxM,en,World Geography Special for TSPSC Group 2 వాతావరణంలోని పీడనం ప్రభావాలు,not_relevant
kAhLB7V6YPk,en,,not_relevant
Gag6Vip6INQ,en,AP Endowment executive officer Group 4 exams జనరల్ స్టడీస్ టెస్ట్ 8,not_relevant
x2YcLM7j7rI,en,For Latest Updates PDF s Join on Telegram Subscribe for Videos on Multiple Choice,not_relevant
U7v9yPFsEa8,en,,not_relevant
Gkb5LhK81jM,en,APPSC New batches starting every Wednesday on Unacademy Use my code RKT10 to avail additional 10,not_relevant
hFyyfaLWG_E,en,IIPhysical geography IIAtmosphere IIAp dsc latest news today IIClimatology IIKings dsc in telugu geography,not_relevant
EjextZ_8YlY,en,A tsunami struck Vizag Beach showcasing the immense and terrifying power of nature The once serene coastline was,highly_relevant
u-S-bDR0obM,en,A stunning natural phenomenon Watch as the iconic Victory at Sea 1971 War Memorial in Visakhapatnam stands strong against,not_relevant
MviI31nl0gs,en,,not_relevant
A5aIdfn2FFs,en,,not_relevant
hgZMJPy70Ow,en,Cordelia Cruise full tour in telugu Vizag to Chennai ship journey in Sea How to book tickets,not_relevant
5BxYnKq-MGk,en,,not_relevant
bAqhveuREpw,en,Ramakrishna Beach RK BEACH Visakhapatnam Andhra Pradesh Follow Us Our Facebook Page,not_relevant
3xn54X7j7vg,en,Vizag submarine moving into the sea part 1 ai created video just for entertainment,not_relevant
oxW9T1pnRGg,en,,not_relevant
b3AkxwsnBlw,en,Visakhapatnam Beach R K Beach Vizag Indian Beach,not_relevant
3U1Vyoa54Vc,en,Natural Rock Arch in Visakhapatnam Watch Ntv Live Here Watch for all latest,not_relevant
ZSgiSMzYYBI,en,TeluguNews,not_relevant
KfOudEcPMDA,en,follow us on instagram video credits yathin harsha,not_relevant
FHeTKjgw7UA,en,Sirivennela Sitarama Sastry Last Conversation Sirivennela Jagamantha Kutumbam Series Episode 6,not_relevant
lljIEskx0bc,te,,highly_relevant
x0q3-hr67Z0,te,సముద్ర తీరంలో పెళ్లి వేడుక జరుగుతోంది 6 మీటర్ల కంటే ఎత్తైన అలలు,highly_relevant
9qwE9ZZZIHE,te,,not_relevant
SkSMzGG1Ao0,te,సముద్ర తీరంలో పెళ్లి వేడుక జరుగుతోంది 6 మీటర్ల కంటే ఎత్తైన అలలు,highly_relevant
FgXEw3LPIg8,te,ఎపీ కుడిగట్టు విద్యుత్ కేంద్రము తరుపున ఈ ఎడాది కేవలం 6 మిలియన్ల,highly_relevant
mieTfgmBljw,te,తౌక్తే తుపాను తీవ్రతకు అరేబియా సముద్రంలో పపా 305 అనే బార్జ్,not_relevant
xynLGfc8QIM,te,ఎమీ చేస్తున్నావు కోడలా అంటే ఉలుగోసుకోనీ ఎత్తు కుంటున్నాను అనీదీ,not_relevant
xhcYOq1z4HI,te,100 అడుగులు ఎత్తు నుంచి దూకి కాసేపటికి అలా తేలాడు Jharkhand Teen 100 Foot Jump,not_relevant
USGyEy9bFDg,te,అంటార్కిటిక్ మహాసముద్రంలో ఎత్తైన అలలు ఓడను ఢీకొట్టే భయానక,highly_relevant
eHEMgkdQk4c,en,Chiranjeevi says he loves Radhika because of her versatile acting The song used in this short is from the movie Shivudu Shivudu,not_relevant
dE6ZmZY3ISE,te,సముద్రంలో జరుగుతున్న వింత సంఘటనలు ప్రజలను ఆశ్చర్యపరుస్తున్నాయి,not_relevant
9u0_y7bLgr0,te,ఏడు అలలు ఒక ప్రకృతి శిల్పం కియాంటాంగ్ నది బోనో టైడల్ బోర్,not_relevant
nK13lI-F5fw,en,వంశీ తరంగిణి Thank You For Watching మన అన్నీ ఒకే చోట,not_relevant
ZuQwhlS14zo,te,Watch అలా ఉండడం వల్లే మీకు క్రౌన్ వచ్చిందా,not_relevant
76czTbAx7jg,te,చరిత్రలోనే 8వ అతిపెద్ద భూకంపం వీడియో Jul 30 2025 రష్యా సముద్రతీరంలో,not_relevant
PfuXW8qA8fo,te,ఇది ఇటలీలో ఉన్న బ్లూ గ్రోటో Blue Grotto అనే ప్రసిద్ధ సముద్ర గుహ,not_relevant
dAQmedRdTEM,te,క్రూయిజ్ షిప్పుని వనికించిన 40 అడుగుల ఎత్తైన భారీ అలలు,not_relevant
TjbNdA93r-s,en,కృష్ణమ్మ అలలు ఉప్పొంగి రైల్వే వంతెనల కింద 7 మీటర్ల ఎత్తు వరకు,not_relevant
3Rdn1BfL2eg,en,,not_relevant
9e0damCT1zM,te,రష్యాలోని కమ్చట్కా తీరంలో భూప్రకంపనలు కలకలం రేపాయి రిక్టర్,highly_relevant
nvG4qOSGPXU,te,రష్యాలో భారీ భూకంపం రిక్టర్ స్కేల్ పై 8 7 తీవ్రతగా నమోదు,highly_relevant
_cmBPylGIlc,te,Watch హైట్ అంటే అలా జుట్టు అంటే ఇలా,not_relevant
wVUTDEcSuNQ,te,రష్యాలో భారీ భూకంపం సంభవించింది రిక్టర్ స్కేలుపై 8 7 తీవ్రత,highly_relevant
nKiTElCN9T8,te,అంత ఎత్తు ఎదిగాక కూడా అలా ఎలా నిరాడంబరత ఆధ్యాత్మికత లో ఒక గొప్ప,not_relevant
MZk1BOlop_8,te,రష్యా తీరంలోని కమ్చట్కా ద్వీపకల్పం వద్ద 8 7 తీవ్రతతో భూకంపం,highly_relevant
K-NCUcNmMWc,te,కారు ఎత్తు బంగారం మొక్కుకున్న,not_relevant
UYB6dfRc7_Q,en,అలలు Waves అంటే T SAT,not_relevant
2ziIR4UBoyQ,te,,not_relevant
tDIpGA_VGa0,te,చూడ్డానికి మీ బావగారు అలా గుమ్మడికాయ లాగా ఉన్నారు కానీ ఒంట్లో,not_relevant
sH-gThI2_Kg,te,chenabrailwaybridge,not_relevant
16-VN5K23-c,te,,not_relevant
E6mF26rE1rY,en,shorts short comedy shorts funny shorts yt shorts viral shorts school shorts youtube shorts you tube shorts trending shorts sejal,not_relevant
F_D8-TwmbXM,te,Moksham Telugu మరింత భక్తి,not_relevant
aQ9MXKS09MY,en,trendingshorts Thanks to all audience and many others who made,not_relevant
QOru2WMEwIc,te,,not_relevant
b-9GE-a3xms,en,Biggest Height Khairatabad 2025 69Ft Hyderabad అలా చూస్తూనే ఉండాలనిపిస్తుంది,not_relevant
9uMuH_8zo0w,te,,not_relevant
F9hOcbyKCsA,en,Moksham Telugu మరింత భక్తి,not_relevant
UpxN8C3E9YU,te,అడివి శేష్ Adivi Sesh మీనాక్షి చౌదరి ప్రధాన పాత్రల్లో దర్శకుడు,not_relevant
WEVzNK2Z7XM,en,High flyer pigeon,not_relevant
8MX74wO5RtE,te,,not_relevant
zGgf2xSKWfc,te,,not_relevant
e6MXsh3E-vM,te,మహా గణపతి ఎక్కడ ఉందో తెలుసా అవంచలో కొలువుదీరిన ఈ గణపయ్య,not_relevant
VxGEGtbNdo4,en,As News Telugu నాగర్ కర్నూల్ జిల్లావ్వల press meetయంకర్ తెలంగాణ కాంగ్రెస్,not_relevant
Jfx_Y9HKES4,en,,not_relevant
rDyr2iu5iso,te,vastutips,not_relevant
#NAME?,te,,not_relevant
p4B62BljHsY,te,ప్రపంచ చరిత్రలోనే అత్యంత శక్తివంతమైన భూకంపం పసిఫిక్ తీర,highly_relevant
yAZWDyZ-dZw,te,vastu tip_98 ప్రహరీ గోడలు ఎంత ఎత్తు వరకు నిర్మించవచ్చు,not_relevant
d49TDohK6Gk,en,Al Capone ruled Chicago s underworld with ruthless efficiency controlling bootlegging gambling and extortion His rise and fall,not_relevant
Xcj8uokGkdE,te,రష్యా తీరంలోని కమ్చట్కా ద్వీపకల్పం వద్ద 8 7 తీవ్రతతో భూకంపం,highly_relevant
4btzLWRtpD8,en,Here is quick tutorial on how to drape a Saree watch the video and let know in the comments if you have tried it Subscribe to my,not_relevant
nyhKJLpEEns,te,Q ఈ వీడియోలో గురువుగారు చెప్పినది దండమా ధనమా A దండం గురించి,not_relevant
vHoqALMKwOM,en,Rigger tools with name rigger ka kya tools hota hai,not_relevant
1qX2pGBLN14,te,వీడియోలో పొరపాటున 1315 మీటర్లకు కిలోమీటర్లు అని చెప్పడం జరిగింది,not_relevant
IYuHjmJT_iY,en,,not_relevant
C3FV_NNE0Q0,en,Hi friends Welcome to our channel Mystery facts science Technology facts Puzzles Riddles మీకు మేం చేసే,not_relevant
VEexfUTEoIU,en,,not_relevant
lYupHg0fVoE,te,జపాన్ తీరప్రాంతాలను సునామీల నుంచి రక్షించడానికి ఈ భారీ గోడలు,highly_relevant
9W8bGF8enzQ,en,beeruva vastu telugu beeruva ekkada pettali,not_relevant
F0vmh3o5fbg,en,,not_relevant
2ssBuu4Wm6k,en,Subscribe to my channel pooja room decoration ideas pooja room designs latest pooja room design decoration,not_relevant
O7_1TsvIiX4,en,Computer Shortcut Key for increase font size Your queries Ms office shortcut,not_relevant
gUkXU6IsIkE,te,బ్రెయిన్ COMPUTER కంటే వేగంగా పని చేయాలంటే,not_relevant
Zs6W2cxyNiU,en,Crazy Fandom For Jagananna CM Jagan is Building A Temple in The Hearts of AP People,not_relevant
uQV0Avp7tcE,te,arunachalam,not_relevant
pcUUpquApNQ,en,shorts Thanks to all audience and many others who made this projects sucessful please do,not_relevant
Jd7xJ0T9cuI,en,,not_relevant
SxKkEAaQUxc,en,,not_relevant
a44tMWb0k1U,en,powerofmuslim,not_relevant
qQqxnNhQoic,en,,not_relevant
D_RPkTtTtQk,en,How to make kite news paper,not_relevant
obtMkM4o4kE,en,VijayasTeluguCorner For VTC Membership Click on JOIN button Become a member to get,not_relevant
UNKQ1OqkVsk,en,Dr C Suvarchalaa Scientific Director Masters in Clinical Embryology Australia UK PhD Genetics Topic 5 Signs Of,not_relevant
6GQbeboCI28,en,,not_relevant
P_s_uK1SsnA,en,trendingshorts Thanks to all audience and many others who made this projects sucessful,not_relevant
zZbUyCbNOM4,en,,not_relevant
-sq-3j1lPN8,en,Please subscribe to my channel for more interesting and amazing videos,not_relevant
R7f-SJ3GSfE,te,,not_relevant
xVxP33IHmHg,en,Watch DISCLAIMER The information provided on this channel and its videos is for general purposes only and should not be,not_relevant
5rR3Oreom7U,te,అమెరికా లో అలా సరదాగా Time sqare లో,not_relevant
oXPXbQb0xuY,en,By Dr Murali Manohar Chirumamilla M D Ayurveda Raksha Ayurvedalaya Plot No 13 H No 16 2 67 13 Ramamurthy Nagar,not_relevant
7gq_Xn71rFM,en,The ground shakes the rocket roars into the sky A breathtaking moment of power and speed Don t blink,not_relevant
Zufu92vllEc,en,HomemadeCerelac,not_relevant
6bL2pjam8HQ,te,,not_relevant
f0_OwSdDLzw,en,Like and Subscribe to my channel,not_relevant
d_1UpWdv744,en,wood stool home useful How to make a wooden ladder Tutorial,not_relevant
GSV_lnAkAmY,en,amla candy for good health hair skin dry amla candy amla candy in Telugu,not_relevant
_KEBSzQG-YQ,en,HilessoHilessa,not_relevant
pJGpAfNk2zQ,en,,not_relevant
BXsKGby7mD8,en,Juicer links Hestia Appliances Nutri Max Cold Press Juicer with Warranty 240 Watts Powerful Motor Powerful Auger for,not_relevant
MD4XbHPsdgo,en,,not_relevant
y7IIPtGOJ3Q,or,ସାବଧାନ ଓଡ଼ିଶା ସାଇକ୍ଲୋନ ଆସିଛି ବଜ୍ରପାତ ବର୍ଷା ବନ୍ୟା ସାବଧାନ ଓଡ଼ିଶା,highly_relevant
GzJgwWQCrDY,en,Cyclone News ଦାନାକୁ ଦୁର୍ବଳ କଲା ଆଣ୍ଟି ସାଇକ୍ଲୋନ Odisha Cyclone News Odia News Cyclone,highly_relevant
i69QZIzcILI,or,IMD DG Mrutyunjay Mohapatra ସାଇକ୍ଲୋନ ମ୍ୟାନ ଡକ୍ଟର ମୃତୁଞ୍ଜୟ ମହାପାତ୍ରଙ୍କ ଗାଁ ରେ,highly_relevant
u4e8l3-sfsI,or,cyclone ବେଳକୁ ବେଳ ଭୟଙ୍କର ରୂପରେ ଆସୁଛି ବାତ୍ୟା । ବ୍ୟାକ ଟୁ,highly_relevant
qSb6XniyrFk,en,Cyclone News ଦାନାକୁ ଦୁର୍ବଳ କଲା ଆଣ୍ଟି ସାଇକ୍ଲୋନ Cyclone Dana Odisha Cyclone News Odia,highly_relevant
A0HEurOMlsQ,en,Odisha batya news huduhudu mahabatya funny cyclone odia batya news of cyclone odisha big news of cyclone odisha,highly_relevant
7p1DRBBJysQ,en,Odishaweatheralerte warning Odisha Cyclone Update ଓଡିଶା ଛାରଖାର ଡବଲ,highly_relevant
S9VTU3WzHpQ,en,Kalinga TV is the fastest growing television channel in Odisha Kalinga TV being one of the most trusted channels in the state is,not_relevant
0uxsTvIrRYo,or,ସାରା ଦିନର ଖବର ଦେଖନ୍ତୁ ଆମସହ। Odisha Reporter is one of the,highly_relevant
u7N0f6Jf5XA,en,,highly_relevant
VrfQwrCL7Wo,en,କେଉଁ_ଜିଲ୍ଲାରେ_ଲ୍ୟାଣ୍ଡଫଲ୍_କରିବ_ବାତ୍ୟା କେଉଁ ଜିଲ୍ଲାରେ ମାଡ଼,highly_relevant
Dz8q4D8UTQI,en,subscribe to Our Channnel Official website https like us on facebook,not_relevant
UM1Xm243_tE,en,subscribe to Our Channnel our youtube handel Official,not_relevant
sNo3VQaffp0,or,Nagen News ପ୍ରସ୍ତୁତ ଏହି ଭିଡିଓଟି ଯଦି ଭଲଲାଗିଥାଏ ତେବେ ଆମ channel କୁ Like ଏବଂ,highly_relevant
1ogq_PGzFD8,or,ସ୍ଥଳଭାଗ_ଛୁଇଁଲା_ବେଳେ_ପବନର_ବେଗ_୧୦୦ରୁ_୧୨୦_କିମି_ରହିପାରେ ବାତ୍ୟାକୁ,highly_relevant
168bYAVRAoU,or,ହେ ପ୍ରଭୁ ମାଡି ଆସୁଛି ଭୟଙ୍କର ବର୍ଷା ପବନ ସୁପର ସାଇକ୍ଲୋନ ଭାଭିତ ନୁହେଁ,highly_relevant
FvjkdpTpJFM,or,ସୃଷ୍ଟି_ହେଉଛି_ ବାତ୍ୟା ସାବଧାନ୍ ହେବ ପ୍ରବଳ ବର୍ଷା ବଙ୍ଗୋପସାଗରରେ,highly_relevant
MaKisJOedDA,en,,highly_relevant
72afGGztPIM,en,ଦେଖନ୍ତୁ ସାଇକ୍ଲୋନ ଫୋନି ସମ୍ବନ୍ଧୀୟ ସମସ୍ତ ବଡ଼ ଖବର ସର୍ବପ୍ରଥମେ News18,highly_relevant
DL1hWC6Pg1A,or,ଦେଖନ୍ତୁ ସାଇକ୍ଲୋନ ଫୋନି ସମ୍ବନ୍ଧୀୟ ସମସ୍ତ ବଡ଼ ଖବର ସର୍ବପ୍ରଥମେ News18,highly_relevant
ZOK1EK3OCpY,en,ଦେଖନ୍ତୁ ସାଇକ୍ଲୋନ ଫୋନି ସମ୍ବନ୍ଧୀୟ ସମସ୍ତ ବଡ଼ ଖବର ସର୍ବପ୍ରଥମେ News18,highly_relevant
iGp6oNJ6WBs,or,22th October Cyclone Update ସାଇକ୍ଲୋନ ଦାନା କୁ ନେଇ ଆସିଲା ବଡ଼ ଅପଡେଟ୍,highly_relevant
Pc6s7letsxY,en,ଦେଖନ୍ତୁ ସାଇକ୍ଲୋନ ଫୋନି ସମ୍ବନ୍ଧୀୟ ସମସ୍ତ ବଡ଼ ଖବର ସର୍ବପ୍ରଥମେ News18,highly_relevant
rk5BxREDRY0,en,ଦେଖନ୍ତୁ ସାଇକ୍ଲୋନ ଫୋନି ସମ୍ବନ୍ଧୀୟ ସମସ୍ତ ବଡ଼ ଖବର ସର୍ବପ୍ରଥମେ News18,highly_relevant
wpdoXQzMG2M,en,ଦେଖନ୍ତୁ ସାଇକ୍ଲୋନ ଫୋନି ସମ୍ବନ୍ଧୀୟ ସମସ୍ତ ବଡ଼ ଖବର ସର୍ବପ୍ରଥମେ News18,not_relevant
JnRZUL7FNaQ,en,No respite from heat wave till June 15 in Odisha ୁ_୨୦_ତାରିଖ_ସୁଦ୍ଧା_ଆସିପାରେ_ମୌସୁମୀ,not_relevant
ljk5wQts_yM,or,ପ୍ରାକୃତିକ ବିପର୍ଯ୍ୟୟ ପରିଚାଳନାର ଗୁରୁ ପୂର୍ବତନ ମୁଖ୍ୟମନ୍ତ୍ରୀ ଶ୍ରୀ,highly_relevant
DsiVHhuQf7Y,en,ଦେଖନ୍ତୁ ସାଇକ୍ଲୋନ ଫୋନି ସମ୍ବନ୍ଧୀୟ ସମସ୍ତ ବଡ଼ ଖବର ସର୍ବପ୍ରଥମେ News18,not_relevant
qaU5NEYTSX0,en,ଦେଖନ୍ତୁ ସାଇକ୍ଲୋନ ଫୋନି ସମ୍ବନ୍ଧୀୟ ସମସ୍ତ ବଡ଼ ଖବର ସର୍ବପ୍ରଥମେ News18,highly_relevant
7itZwrD3GZk,en,ଦେଖନ୍ତୁ ସାଇକ୍ଲୋନ ଫୋନି ସମ୍ବନ୍ଧୀୟ ସମସ୍ତ ବଡ଼ ଖବର ସର୍ବପ୍ରଥମେ News18,not_relevant
n_Hkhc9JzcU,or,,highly_relevant
UPq-7SRouuU,or,୧୨ଘଣ୍ଟା ମଧ୍ୟରେ ଘନୀଭୂତ ହୋଇ ଭୀଷଣ ବାତ୍ୟାରେ ପରିଣତ ହେବାର ସମ୍ଭାବନା,highly_relevant
JYaDxfznV1E,en,Odisha Bhaskar is one of the leading Daily Newspaper and Digital Platforms of the state and is coming up with various objectives,not_relevant
wPIlCmcTJSg,or,ଖାରବେଳ ଭବନ ଠାରେ ବିଭାଗୀୟ ପ୍ରସ୍ତୁତିର ସମୀକ୍ଷା କଲେ ନଗର ଉନ୍ନୟନ ମନ୍ତ୍ରୀ,highly_relevant
FK6LfyBLBao,or,ଆମକୁ Subcribe କରିବା ପାଇଁ ଏବଂ ୱେବସାଇଟ ଓ ସୋସିଆଲ ମିଡିଆରେ ଫଲୋ କରିବା ପାଇଁ,highly_relevant
2G0ZZapTz8U,en,Gopalpur_seabeach gopalpursea one day before,not_relevant
nYjqEDoeOlw,or,ବାତ୍ୟା ଆସିଲେ ମନେ ପଡ଼ନ୍ତି ସାଇକ୍ଲୋନ ହିରୋ ନବୀନ,highly_relevant
iG5t9KOZ7_c,or,ଓଡ଼ିଶାରେ PMGY ଅଧୀନରେ ସାଇକ୍ଲୋନ ଫୋନି ପୁନର୍ବାସରେ ବିଳମ୍ବ ହେଉଥିବା କଥା,highly_relevant
H_ZBaiqgCMo,or,ଆସନ୍ତା10 ଓ 11 ତାରିଖ ବେଳକୁ ପୂର୍ବ କେନ୍ଦ୍ରୀୟ ବଙ୍ଗୋପସାଗରରେ ଏକ ଲଘୁଚାପ,highly_relevant
uir6mFnz1H0,en,ଦେଖନ୍ତୁ ସାଇକ୍ଲୋନ ଫୋନି ସମ୍ବନ୍ଧୀୟ ସମସ୍ତ ବଡ଼ ଖବର ସର୍ବପ୍ରଥମେ News18,not_relevant
PkNsKVJCRhY,or,0 05 ବାଜିଲା ସାଇକ୍ଲୋନ ସାଇରନ 0 23 ବାତ୍ୟା ମୁକାବିଲା ପାଇଁ ଯୁଦ୍ଧକାଳୀନ,highly_relevant
w6bllGsNnZQ,or,ଆମକୁ Subcribe କରିବା ପାଇଁ ଏବଂ ୱେବସାଇଟ ଓ ସୋସିଆଲ ମିଡିଆରେ ଫଲୋ କରିବା ପାଇଁ,highly_relevant
o3cO_9W1MGo,en,ଦେଖନ୍ତୁ ସାଇକ୍ଲୋନ ଫୋନି ସମ୍ବନ୍ଧୀୟ ସମସ୍ତ ବଡ଼ ଖବର ସର୍ବପ୍ରଥମେ News18,highly_relevant
HEpNuXwt3aA,or,୧୯୯୯ର ସୁପର ସାଇକ୍ଲୋନ ଠାରୁ ୨୦୨୨ର ସିତ୍ରଙ୍ଗ ଯାଏ ଅନେକ ବାତ୍ୟାର ସାମ୍ନା,highly_relevant
Rzs1KXOCxY8,or,Halchal Dhamal Link Odisha Bhaskar is one of the leading,highly_relevant
hgcxND-0CEA,en,ଦେଖନ୍ତୁ ସାଇକ୍ଲୋନ ଫୋନି ସମ୍ବନ୍ଧୀୟ ସମସ୍ତ ବଡ଼ ଖବର ସର୍ବପ୍ରଥମେ News18,highly_relevant
cCDwA4Zq5nU,or,ଆମକୁ Subcribe କରିବା ପାଇଁ ଏବଂ ୱେବସାଇଟ ଓ ସୋସିଆଲ ମିଡିଆରେ ଫଲୋ କରିବା ପାଇଁ,highly_relevant
ciza3CUbQUE,en,ଓଡ଼ିଶାକୁ ଆସିଥିବା ବାତ୍ୟା Cyclones hit in Odisha Dana hits in Odisha 2024 Imp odia gk about cyclone,highly_relevant
AJHAzzLVWWU,en,Prameya News7 is a leading Odia News Channel of Odisha India Prameya News7 provides Fair Unbiased news from Odisha,not_relevant
yy3y2ifvzPQ,en,Cyclone News LIVE ଦାନାକୁ ଦୁର୍ବଳ କଲା ଆଣ୍ଟି ସାଇକ୍ଲୋନ Cyclone Dana Odisha Cyclone News,highly_relevant
oyEyB8pm3hg,or,ସ୍ଥଳଭାଗ ମୁହାଁ ଜୱାଦ ସାଇକ୍ଲୋନ ଜୱାଦର ସମୀକ୍ଷା କଲେ ପ୍ରଧାନମନ୍ତ୍ରୀ,highly_relevant
9nLENAAtL5M,or,ଓଡ଼ିଶାରେ ବାତ୍ୟା ୟାସ୍ କୁ ନେଇ କଣ କହିଲେ ମୁଖ୍ୟମନ୍ତ୍ରୀ ନବୀନ ପଟନାୟକ,highly_relevant
E8AdAsYLek8,or,election ୨୦୨୪ ନିର୍ବାଚନ ପାଇଁ ଫୁଲ୍ ଜୋସରେ କଂଗ୍ରେସ ।,not_relevant
1EGds-x6HPQ,or,QABIL NEWS ଓଡ଼ିଶା,highly_relevant
uWgRnjLYEoQ,en,Plus Two Exam cancelled By Odisha Government । ଚଳିତ ବର୍ଷ ହେବନି ଯୁକ୍ତ ଦୁଇ ପରୀକ୍ଷା ।,not_relevant
0nRQ0VDzpgc,or,ଆମକୁ Subcribe କରିବା ପାଇଁ ଏବଂ ୱେବସାଇଟ ଓ ସୋସିଆଲ ମିଡିଆରେ ଫଲୋ କରିବା ପାଇଁ,highly_relevant
FD07qFBaz7I,or,ପ୍ରତିବର୍ଷ ପରି ଫେବୃୟାରୀ ମାସରେ ଆସୁଛି ବାତ୍ୟା ଓଡିଶାରେ ସିଧା ମାଡ଼ ହେବ,highly_relevant
rnek_IbT3DU,en,Odisha News LIVE Odisha Weather News Today Low Pressure Alert ବଙ୍ଗୋପସାଗରରେ ସୃଷ୍ଟି ହେଲା,not_relevant
GMtMKIScML8,or,For latest Odisha News Follow us ବାତ୍ୟା ରୂପ ନେଲା ତିତିଲି । ଆସନ୍ତାକାଲି ଏହା ସିଭିୟର,highly_relevant
EIoWAxNUjUY,en,Kalinga TV is the fastest growing television channel in Odisha Kalinga TV being one of the most trusted channels in the state is,not_relevant
3Nm_KajsvDY,en,Odishaweatheralerte Odisha Weather Alerts ପୁଣି ଓଡ଼ିଶା ମୁହାଁ ଆଉ ଏକ,highly_relevant
0tzczbScznU,en,Odishaweatheralerte Odisha Weather Alerts ଓଡ଼ିଶା କୁ ଆସୁଛି ବଡ଼ ବର୍ଷା,highly_relevant
Uk-Ah4SLfI0,en,Kalinga TV is the fastest growing television channel in Odisha Kalinga TV being one of the most trusted channels in the state is,not_relevant
AkeLLh6pg2o,en,OdishaReporter । Odisha Reporter is one of the best,not_relevant
Xl8GwtjdZtA,en,Odishaweatheralerte Cyclone Odisha Latest Updates ବଳ ଗୋଟାଇ ଅତି କରାଳ ରୁପ,highly_relevant
JBRjcQ6er8I,or,ପବନର_ବେଗ_ବଢିବା_ସହ_ଢଉର_ଉଚ୍ଚତା_ବି_ବଢିବ ଡପଲର ରାଡାର ରେଞ୍ଜକୁ ଆସିଲେ,highly_relevant
Tng1wG4uxRU,en,ଶୀର୍ଷରେ ଓଡ଼ିଆ Argus News is Odisha s fastest growing news channel having its presence on satellite TV and various,not_relevant
CRJvDF_Xfb0,or,Cyclone Odisha Latest Updates ଭୟଙ୍କର ରୁପ ନେଉଛି ସ୍କୁଲ୍ କଲେଜ ସବୁ ଛୁଟି ଘୋଷଣା,highly_relevant
dwN1AEnfgg8,en,୨୩ରେ_ହେବ_ବାତ୍ୟା େ_କରିପାରେ_ଲାଣ୍ଡଫଲ୍ ୩ ତାରିଖ ସୁଦ୍ଧା,highly_relevant
FXDwp6tOM1M,en,48 New Corona Positive Case found in today at odisha Prameya News7 is a leading,not_relevant
KfhO-7oyPYM,or,ଆଜି ଲ୍ୟାଣ୍ଡଫଲ୍ କରିବ ବାତ୍ୟା ଫେଙ୍ଗଲ। ତାମିଲନାଡୁ ପୁଡୁଚେରୀ ମଝିରେ,highly_relevant
GuNKWk2vSLI,en,Cyclone Michaung Odisha gk General Knowledge odisha knowledge track,highly_relevant
KmrzGiInY0A,or,Cyclone Odisha Latest News ଆଜି ଲଘୁଚାପ କାଲି ବାତ୍ୟା ଓଡ଼ିଶା ଉପକୂଳ ଧ୍ବଂସ,highly_relevant
0KwtwN180pk,en,newsheadlines Headlines 10th september 2022 NandighoshaTV Nandighosha TV is the,not_relevant
PXUWgF3dsv0,en,Kanak News is Odisha s leading 24x7 news and current affairs TV channel from Eastern Media Limited Odisha s largest media,not_relevant
8kkm0Onq3sM,en,ସାରା ଦିନର ଖବର ଦେଖନ୍ତୁ ଆମସହ। Odisha Reporter is one of the,not_relevant
JDoySJysr54,or,ଆମକୁ Subcribe କରିବା ପାଇଁ ଏବଂ ୱେବସାଇଟ ଓ ସୋସିଆଲ ମିଡିଆରେ ଫଲୋ କରିବା ପାଇଁ,highly_relevant
zQJJDL_TG0E,or,,highly_relevant
LQ8PWTp9RMQ,or,Odishaweatheralerte Odisha Weather Alerts କରାଳ ରୂପ ନେଉଛି,highly_relevant
v6sBCdCyuOY,or,ଗତ ୬ ଘଣ୍ଟା ହେଲା ୭ କିଲୋମିଟର ବେଗରେ ଫୋନି ଅଗ୍ରସର ହେଉଛି । ଏବେ ପୁରୀରୁ ଏହା,highly_relevant
wOxhYzpdFQo,en,Odishaweatheralerte Odisha Weather Alerts Cyclone Warning In Odisha Cyclone Odisha,highly_relevant
y_MSDBlNxJo,en,In a shocking incident State government officials were attacked by a mob of locals in Odisha s Jajpur district on Saturday when,not_relevant
Lhtnv9gSaII,or,Odishaweatheralerte Odisha Weather Alerts ପୁଣି ଓଡ଼ିଶା ଉପରେ ମାଡ଼ ହେବ,highly_relevant
FsZqDgw5iR4,or,ସମ୍ଭାବ୍ୟ ବାତ୍ୟାକୁ ନେଇ ଆସିଲା ବଡ଼ ଖବର। ବଙ୍ଗୋପାସାଗରରେ ଦାନା ବାନ୍ଧୁଛି,highly_relevant
kHdghNB2iwI,or,ଆସୁଛି ଭୀଷଣ ବାତ୍ୟା। ମୁକାବିଲା ପାଇଁ ପ୍ରଶାସନିକ ସ୍ତରରେ ପ୍ରସ୍ତୁତି,highly_relevant
sAOpv3iVMqU,or,ପାରାଦୀପ ବାତ୍ୟା ଆଶ୍ରୟସ୍ଥଳୀରେ ଗ୍ରାମବାସୀଙ୍କୁ ଥଇଥାନ ଜରୁରୀ ସାମଗ୍ରୀ,highly_relevant
QHfXxfk0NGQ,or,ସାରା ଦିନର ଖବର ଦେଖନ୍ତୁ ଆମସହ। Odisha Reporter is one of the,not_relevant
JpnqP_hIUV0,en,Kalinga TV is the fastest growing television channel in Odisha Kalinga TV being one of the most trusted channels in the state is,not_relevant
0d2VeGt5KU4,or,Odisha ଅପରାହ୍ନରେ ଲ୍ୟାଣ୍ଡଫଲ୍ କରିବ ଫେଙ୍ଗଲ୍ । ଆଜି ସଂଧ୍ୟା ସୁଦ୍ଧା,highly_relevant
-0KnV4GN5R8,en,Prameya News7 is a leading Odia News Channel of Odisha India Prameya News7 provides Fair Unbiased news from Odisha,relevant
Yt2y2yV66ms,en,traintragedy କେଡେ ନିଷ୍ଠୁର ଏ ଦଇବ ।,highly_relevant
xgzTl58z-lc,or,Odisha Wheather Alerts ପାଣିପାଗ ବିଭାଗ ସୂଚନା ଆସନ୍ତାକାଲିଠାରୁ ଅତି ପ୍ରବଳ ବର୍ଷା,highly_relevant
fHgbi7aq18Q,en,Kalinga TV is the fastest growing television channel in Odisha Kalinga TV being one of the most trusted channels in the state is,not_relevant
p1m1I61XPsU,en,OdishaTV is Odisha s no 1 News Channel OTV being the first private satellite TV channel in Odisha carries the onus of charting a,not_relevant
HuclVg6pRpI,or,Headlines 10am ଭୟଙ୍କର ରୂପ ନେଇ ମାଡ଼ିଆସୁଛି ସାଇକ୍ଲୋନ ୟଶ୍ ସାଇକ୍ଲୋନ,highly_relevant
nbmxFub2c-s,or,ପୁଣି ଆସୁଛି ବାତ୍ୟା 10 କିମ୍ବା 11 ତାରିଖ ବେଳକୁ ସ୍ପଷ୍ଟ ହେବ ଗତିପଥ ।Odisha,highly_relevant
gSQapPL_Dns,en,NandighoshaTV Cyclone Alert After Gulab Now Jawad All Set To Hit Western Odisha NandighoshaTV,highly_relevant
8Hilo0KpgRk,or,Odishaweatheralerte Odisha Weather Alerts ପାଣିପାଗ ବିଭାଗ ସୂଚନା,highly_relevant
mv58QGQvqag,en,Kalinga TV is the fastest growing television channel in Odisha Kalinga TV being one of the most trusted channels in the state is,not_relevant
0mqb-JfBr-s,or,ଆସନ୍ତା କାଲିଠୁ ପ୍ରବଳ ବର୍ଷା ଓଡ଼ିଶା ଛୁଇଁଲା ମୌସୁମୀ Today Cyclone Updates odisha,highly_relevant
5EobaxXzlIE,or,ଦେଖିବାକୁ ଭୁଲିବେନି ମେଗା ଧାରାବାହିକ ଓଢ଼ଣୀ ଆଜି ରାତି ୯ ୩୦ କେବଳ ତରଙ୍ଗ,highly_relevant
E_Yp6z5ezOs,or,ଦେଖନ୍ତୁ ତୋ ରି ପାଇଁ ତୋ ପାଇଁ ଆସନ୍ତାକାଲି ରାତି ୮ଟା କେବଳ ତରଙ୍ଗ ଓ ତରଙ୍ଗ,highly_relevant
GTyzd5mG2Zw,or,,highly_relevant
EaD78WiD6JQ,or,ଦେଖିବାକୁ ଭୁଲିବେନି ମେଗା ଧାରାବାହିକ ଓଢ଼ଣୀ ଆଜି ରାତି ୯ ୩୦ କେବଳ ତରଙ୍ଗ,highly_relevant
GgiznnW9ESA,or,ଦେଖିବାକୁ ଭୁଲିବେନି ମେଗା ଧାରାବାହିକ ଓଢ଼ଣୀ ଆଜି ରାତି ୯ ୩୦ କେବଳ ତରଙ୍ଗ,highly_relevant
-2uZ-rbYLfQ,or,ଦେଖିବାକୁ ଭୁଲିବେନି ମେଗା ଧାରାବାହିକ ଓଢ଼ଣୀ ଆଜି ରାତି ୯ ୩୦ କେବଳ ତରଙ୍ଗ,highly_relevant
ewTzocvYMvA,or,ଦେଖନ୍ତୁ ତୋ ରି ପାଇଁ ତୋ ପାଇଁ ଆଜି ରାତି ୮ଟା କେବଳ ତରଙ୍ଗ ଓ ତରଙ୍ଗ ପ୍ଲସରେ,highly_relevant
sC-TOg9AZoQ,or,ଦେଖିବାକୁ ଭୁଲିବେନି ମେଗା ଧାରାବାହିକ ଓଢ଼ଣୀ ଏଇ ମଙ୍ଗଳବାର ରାତି ୯ ୩୦,not_relevant
HB3_-AVSMdk,or,ଦେଖନ୍ତୁ ତୋ ରି ପାଇଁ ତୋ ପାଇଁ ଆଜି ରାତି ୮ଟା କେବଳ ତରଙ୍ଗ ଓ ତରଙ୍ଗ ପ୍ଲସରେ,highly_relevant
94ek1jCnA9s,or,ଦେଖନ୍ତୁ ତୋ ରି ପାଇଁ ତୋ ପାଇଁ ଆଜି ରାତି ୮ଟା କେବଳ ତରଙ୍ଗ ଓ ତରଙ୍ଗ ପ୍ଲସରେ,highly_relevant
_pViEEvG1BA,or,ଦେଖନ୍ତୁ ତୋ ରି ପାଇଁ ତୋ ପାଇଁ ଆଜି ରାତି ୮ଟା କେବଳ ତରଙ୍ଗ ଓ ତରଙ୍ଗ ପ୍ଲସରେ,highly_relevant
pkrW7en0Q5g,or,ଦେଖିବାକୁ ଭୁଲିବେନି ଅତୁଟ ବନ୍ଧନ ଆସନ୍ତାକାଲି ସନ୍ଧ୍ୟା ୭ ୩୦ କେବଳ ତରଙ୍ଗ ଓ,highly_relevant
t0jvwWVO61o,or,ଦେଖିବାକୁ ଭୁଲିବେନି ଅତୁଟ ବନ୍ଧନ ଆସନ୍ତାକାଲି ସନ୍ଧ୍ୟା ୭ ୩୦ କେବଳ ତରଙ୍ଗ ଓ,highly_relevant
YPh6fwOBR6E,or,ଦେଖନ୍ତୁ ତୋ ରି ପାଇଁ ତୋ ପାଇଁ ଆଜି ରାତି ୮ଟା କେବଳ ତରଙ୍ଗ ଓ ତରଙ୍ଗ ପ୍ଲସରେ,highly_relevant
pzvuaRa52lo,en,ଦେଖନ୍ତୁ ଆପଣଙ୍କର ପ୍ରିୟ ମେଗା ଧାରାବାହିକ ମୋ ସିନ୍ଦୂରର ଅଧିକାର,not_relevant
9al4kGE8ZWA,or,ଦେଖିବାକୁ ଭୁଲିବେନି ମେଗା ଧାରାବାହିକ ଓଢ଼ଣୀ ଆଜି ରାତି ୯ ୩୦ କେବଳ ତରଙ୍ଗ,highly_relevant
CCKsnZdd_sU,en,ଦେଖିବାକୁ ଭୁଲିବେନି ମେଗା ଧାରାବାହିକ ବଡ଼ବୋହୂ ଏଇ ମଙ୍ଗଳବାର ରାତି 9ଟା,not_relevant
5KZiL67_aNs,or,ଦେଖନ୍ତୁ ତୋ ରି ପାଇଁ ତୋ ପାଇଁ ଆଜି ରାତି ୮ଟା କେବଳ ତରଙ୍ଗ ଓ ତରଙ୍ଗ ପ୍ଲସରେ,highly_relevant
PLyjwgHDrdA,or,ଦେଖିବାକୁ ଭୁଲିବେନି ମେଗା ଧାରାବାହିକ ଓଢ଼ଣୀ ଆସନ୍ତାକାଲି ରାତି ୯ ୩୦,not_relevant
xJwqxWOup7s,or,ଦେଖିବାକୁ ଭୁଲିବେନି ଅତୁଟ ବନ୍ଧନ ଆଜି ସନ୍ଧ୍ୟା ୭ ୩୦ କେବଳ ତରଙ୍ଗ ଓ ତରଙ୍ଗ,highly_relevant
bj8nhEVXhvw,or,ଦେଖନ୍ତୁ ତୋ ରି ପାଇଁ ତୋ ପାଇଁ ଆସନ୍ତାକାଲି ରାତି 8ଟା କେବଳ ତରଙ୍ଗ ଓ ତରଙ୍ଗ,highly_relevant
xL6c-NxYeuk,en,ଦେଖନ୍ତୁ ଓଢ଼ଣୀ ରାତି 9 30 ରେ ତରଙ୍ଗ ଓ ତରଙ୍ଗ ପ୍ଲସରେ Full Episode ଦେଖିବା ପାଇଁ,not_relevant
I9UjfjuK3SA,en,ଦେଖନ୍ତୁ ଓଢ଼ଣୀ ରାତି 9 30 ରେ ତରଙ୍ଗ ଓ ତରଙ୍ଗ ପ୍ଲସରେ Full Episode ଦେଖିବା ପାଇଁ,not_relevant
AIN5GmQhZeo,or,ଦେଖନ୍ତୁ ତୋରି ପାଇଁ ତୋ ପାଇଁ ସୋମବାର ରୁ ଶନିବାର ରାତି 8ଟାରେ କେବଳ ତରଙ୍ଗ TV,highly_relevant
VX25cdU_j3o,en,High tides seen in Arabian sea amid approaching cyclone Biparjoy,highly_relevant
KTKyADq8zFw,or,ଦେଖିବାକୁ ଭୁଲିବେନି ମେଗା ଧାରାବାହିକ ଓଢ଼ଣୀ ଏଇ ସୋମବାର ରାତି ୯ ୩୦ କେବଳ,not_relevant
smYPLWxOFvw,or,,highly_relevant
oh2P9asloQw,en,SpecialEpisode ରବିବାର ସଂଘର୍ଷ ମହାଅଧ୍ୟାୟରେ ଦେଖନ୍ତୁ ଆପଣଙ୍କ ପ୍ରିୟ,not_relevant
AeiH4O2WIEI,en,ଦେଖନ୍ତୁ ଓଢ଼ଣୀ ରାତି 9 30 ରେ ତରଙ୍ଗ ଓ ତରଙ୍ଗ ପ୍ଲସରେ Full Episode ଦେଖିବା ପାଇଁ,not_relevant
5Bl_aTgN8bQ,or,ତରଙ୍ଗ ମୁକାବିଲା ରେ ହବା କୁ ଯାଉଛି ଏହି ଦୁହିଁ ଙ୍କର ଟକ୍କର ରାନୀ Vs ଚିକି,highly_relevant
Run35O69qQw,en,ଦେଖନ୍ତୁ ଆପଣଙ୍କର ପ୍ରିୟ ମେଗା ଧାରାବାହିକ ମୋ ସିନ୍ଦୂରର ଅଧିକାର ଆଜି ରାତି,not_relevant
_snkRheICso,or,ତରଙ୍ଗ ର best ଯୋଡି କିଏ,highly_relevant
cB1fyZV_E-Q,en,ଦେଖନ୍ତୁ ତୋ ରି ପାଇଁ ତୋ ପାଇଁ ପ୍ରତି ସୋମ ଶନି ରାତି 8ଟା କେବଳ ତରଙ୍ଗ ଓ,not_relevant
vM9nNlEnT3s,or,,highly_relevant
ygMxyMGxPLk,en,ଦେଖନ୍ତୁ ମୋ ସିନ୍ଦୂରର ଅଧିକାର ସୋମ ଶନି ରାତି 8 30 ରେ କେବଳ ତରଙ୍ଗ TV ରେ,not_relevant
r2Ox_d6z7f8,or,ଦେଖିବାକୁ ଭୁଲିବେନି ମେଗା ଧାରାବାହିକ ଓଢ଼ଣୀ ଆଜି ରାତି ୯ ୩୦ କେବଳ ତରଙ୍ଗ,highly_relevant
jAQ8dL7_46g,en,ଦେଖନ୍ତୁ ଓଢ଼ଣୀ ରାତି 9 30 ରେ ତରଙ୍ଗ ଓ ତରଙ୍ଗ ପ୍ଲସରେ Full Episode ଦେଖିବା ପାଇଁ,not_relevant
nD72Bb9t6F0,or,ନିଶା ମୁଁ କରିବି ସବୁ ସଂପର୍କର ଅନ୍ତ ଚିକି ମୁଁ କରିବି ଆମ ସଂପର୍କର ରକ୍ଷା,not_relevant
oWgJ4kz-vBo,en,ଦେଖନ୍ତୁ ଓଢ଼ଣୀ ରାତି 9 30 ରେ ତରଙ୍ଗ ଓ ତରଙ୍ଗ ପ୍ଲସରେ Full Episode ଦେଖିବା ପାଇଁ,not_relevant
6yVFLpt-ho4,or,ଦେଖନ୍ତୁ ତୋ ରି ପାଇଁ ତୋ ପାଇଁ ଆଜି ରାତି ୮ଟା କେବଳ ତରଙ୍ଗ ଓ ତରଙ୍ଗ ପ୍ଲସରେ,highly_relevant
Qi627syeXgk,or,ଦେଖନ୍ତୁ ତୋ ରି ପାଇଁ ତୋ ପାଇଁ ଆଜି ରାତି 8ଟା କେବଳ ତରଙ୍ଗ ଓ ତରଙ୍ଗ ପ୍ଲସରେ,highly_relevant
3gT_OSaSux8,or,ଦେଖନ୍ତୁ ତୋ ରି ପାଇଁ ତୋ ପାଇଁ ଆଜି ରାତି ୮ଟା କେବଳ ତରଙ୍ଗ ଓ ତରଙ୍ଗ ପ୍ଲସରେ,highly_relevant
6Gdgjveh01o,or,ଦେଖନ୍ତୁ ତୋ ରି ପାଇଁ ତୋ ପାଇଁ ଆଜି ରାତି 8ଟା କେବଳ ତରଙ୍ଗ ଓ ତରଙ୍ଗ ପ୍ଲସରେ,highly_relevant
_4F9NkUt0CQ,or,ଦେଖନ୍ତୁ ତୋରି ପାଇଁ ତୋ ପାଇଁ ସୋମ ଶନି ରାତି ୮ଟା ରେ କେବଳ ତରଙ୍ଗ ଓ ତରଙ୍ଗ,highly_relevant
5DpikHFozz8,or,ତରଙ୍ଗ ସିନେ ଆୱାର୍ଡରେ ଅଭିନେତ୍ରୀ ଏଲିନା ଅନୁରାଗ Tarang Cine Award 2025,highly_relevant
A9-bzBVdSEQ,or,,highly_relevant
QhKUiB8szaY,or,କାବ୍ୟା କଳ୍ପନା କାମ୍ୟା ସିଏ ନିଜ ଦୁନିଆର ସିଏ ରାଣୀ କଳଙ୍କ ପାଇଁ ଅସ୍ପୃଶ୍ୟ,not_relevant
m__FP6vba1k,en,odishavoice24 Odisha Voice24 delivers reliable information across all platforms TV Internet and Mobile Stay tuned for all the,not_relevant
yzLrW5Xw7QE,or,ଦେଖା ହେବା ଖୁବ୍ ଶୀଘ୍ର ଦେଖନ୍ତୁ ତୋରି ପାଇଁ ତୋ ପାଇଁ ସୋମ ଶନି ରାତି ୮ଟା ରେ,not_relevant
jObKerc5mTI,en,ଦେଖନ୍ତୁ ଆପଣଙ୍କର ପ୍ରିୟ ମେଗା ଧାରାବାହିକ ମୋ ସିନ୍ଦୂରର ଅଧିକାର,not_relevant
Uo6t1fw3wBc,or,ଦେଖିବାକୁ ଭୁଲିବେନି ଅତୁଟ ବନ୍ଧନ ଆଜି ସନ୍ଧ୍ୟା ୭ ୩୦ କେବଳ ତରଙ୍ଗ ଓ ତରଙ୍ଗ,highly_relevant
nVMH3i0OBnc,or,ଦେଖନ୍ତୁ ତୋ ରି ପାଇଁ ତୋ ପାଇଁ ଆଜି ରାତି 8ଟା କେବଳ ତରଙ୍ଗ ଓ ତରଙ୍ଗ ପ୍ଲସରେ,highly_relevant
r00g3B8je_w,or,ଦେଖନ୍ତୁ ତୋ ରି ପାଇଁ ତୋ ପାଇଁ ଆଜି ରାତି ୮ଟା କେବଳ ତରଙ୍ଗ ଓ ତରଙ୍ଗ ପ୍ଲସରେ,highly_relevant
n92vm0NOvDg,or,ଦେଖିବାକୁ ଭୁଲିବେନି ଅତୁଟ ବନ୍ଧନ ଆଜି ସନ୍ଧ୍ୟା ୭ ୩୦ କେବଳ ତରଙ୍ଗ ଓ ତରଙ୍ଗ,highly_relevant
eJEuX8qBxVI,en,ସଂସ୍କାର ଓ ସମ୍ପର୍କକୁ ନଜର ରଖି ନିଜର ଦାୟିତ୍ୱ ତୁଲେଇପାରେ କେବଳ ରାମ୍,not_relevant
zChLnopQELo,en,ଦେଖନ୍ତୁ ତୋରି ପାଇଁ ତୋ ପାଇଁ ସୋମବାର ରୁ ଶନିବାର ରାତି 8ଟାରେ କେବଳ ତରଙ୍ଗ TV,not_relevant
wUEq2YL1IQI,en,KissDaySpecial ଦୁଇ ମନର ସଂଯୋଗ ଯେଉଁଠି କେବଳ ବିଶ୍ୱାସ ଏବଂ,not_relevant
HASpwLr1La0,or,ଦେଖନ୍ତୁ ତୋ ରି ପାଇଁ ତୋ ପାଇଁ ଆଜି ରାତି 8ଟା କେବଳ ତରଙ୍ଗ ଓ ତରଙ୍ଗ ପ୍ଲସରେ,highly_relevant
KT2RAcPFv1o,or,ଦେଖନ୍ତୁ ତୋ ରି ପାଇଁ ତୋ ପାଇଁ ଆଜି ରାତି ୮ଟା କେବଳ ତରଙ୍ଗ ଓ ତରଙ୍ଗ ପ୍ଲସରେ,highly_relevant
f1CgMv-THNE,or,ଦେଖିବାକୁ ଭୁଲିବେନି ଅତୁଟ ବନ୍ଧନ ଏଇ ସୋମବାର ସନ୍ଧ୍ୟା ୭ ୩୦ କେବଳ ତରଙ୍ଗ ଓ,highly_relevant
kH5T8e3LGbw,en,ଦେଖନ୍ତୁ ଆପଣଙ୍କର ପ୍ରିୟ ମେଗା ଧାରାବାହିକ ମୋ ସିନ୍ଦୂରର ଅଧିକାର ଆଜି ରାତି,not_relevant
jlyuDLlkDYk,or,ଦେଖିବାକୁ ଭୁଲିବେନି ଅତୁଟ ବନ୍ଧନ ଆଜି ସନ୍ଧ୍ୟା ୭ ୩୦ କେବଳ ତରଙ୍ଗ ଓ ତରଙ୍ଗ,highly_relevant
zRI3gYFKhCk,or,ଦେଖିବାକୁ ଭୁଲିବେନି ମେଗା ଧାରାବାହିକ ଓଢ଼ଣୀ ଏଇ ସୋମବାର ରାତି ୯ ୩୦ କେବଳ,not_relevant
RJZ1mxnu9U0,en,ଦେଖନ୍ତୁ ଆପଣଙ୍କର ପ୍ରିୟ ମେଗା ଧାରାବାହିକ ମୋ ସିନ୍ଦୂରର ଅଧିକାର ଆଜି ରାତି,not_relevant
l6zrzTRiygk,or,ଦେଖନ୍ତୁ ତୋ ରି ପାଇଁ ତୋ ପାଇଁ ଆଜି ରାତି ୮ଟା କେବଳ ତରଙ୍ଗ ଓ ତରଙ୍ଗ ପ୍ଲସରେ,highly_relevant
_vC7YKZibFY,or,ଓଡିଆ ତରଙ୍ଗ ସିରିଏଲ କା ହିର ହିରଈନକା love story,highly_relevant
J3w8WmBkB0w,en,RabivaarWithTarangParivaar ଖୋଲିବ ରାମ୍ ଜୀବନର ସବୁଠୁ ବଡ ସତ,not_relevant
#NAME?,or,ଦେଖିବାକୁ ଭୁଲିବେନି ମେଗା ଧାରାବାହିକ ଓଢ଼ଣୀ ଆଜି ରାତି ୯ ୩୦ କେବଳ ତରଙ୍ଗ,highly_relevant
xYQUAaigCtQ,en,ଦେଖନ୍ତୁ ଆପଣଙ୍କର ପ୍ରିୟ ମେଗା ଧାରାବାହିକ ମୋ ସିନ୍ଦୂରର ଅଧିକାର ଆଜି ରାତି,not_relevant
WlWnFKpS9sU,or,ଦେଖିବାକୁ ଭୁଲିବେନି ମେଗା ଧାରାବାହିକ ଓଢ଼ଣୀ ଏଇ ସୋମବାର ରାତି ୯ ୩୦ କେବଳ,not_relevant
27NeJzf48Vw,en,ଦେଖନ୍ତୁ ଓଢ଼ଣୀ ରାତି 9 30 ରେ ତରଙ୍ଗ ଓ ତରଙ୍ଗ ପ୍ଲସରେ Full Episode ଦେଖିବା ପାଇଁ,not_relevant
zEPHPBdMB8Y,or,ଦେଖିବାକୁ ଭୁଲିବେନି ମେଗା ଧାରାବାହିକ ଓଢ଼ଣୀ ଏଇ ସୋମ ମଙ୍ଗଳ ରାତି ୯ ୩୦,not_relevant
61k7oFDBzaY,or,ବିବାହ ବନ୍ଧନରେ ବାନ୍ଧିହେବାକୁ ପ୍ରସ୍ତୁତ ଅଛନ୍ତି ବବଲି ଓ ତପସ୍ୟା ଦେଖନ୍ତୁ,not_relevant
a5w9OAu0DBE,or,ଦେଖିବାକୁ ଭୁଲିବେନି ଅତୁଟ ବନ୍ଧନ ଆଜି ସନ୍ଧ୍ୟା ୭ ୩୦ କେବଳ ତରଙ୍ଗ ଓ ତରଙ୍ଗ,highly_relevant
JbkDuPsWODQ,en,ତରଙ୍ଗ ର Best heroine କିଏ Mukti VS Chikiଦେଖନ୍ତୁ,not_relevant
6_n2yzDUoDI,en,Odhani ନୂଆ ମେଗା ଧାରାବାହିକ ଓଢ଼ଣୀ ଶୁଭାରମ୍ଭ ଏଇ ଫେବୃଆରୀ ୩,not_relevant
jBPBxpduldI,or,ଦେଖନ୍ତୁ ତୋ ରି ପାଇଁ ତୋ ପାଇଁ ଆସନ୍ତାକାଲି ରାତି ୮ଟା କେବଳ ତରଙ୍ଗ ଓ ତରଙ୍ଗ,highly_relevant
OSVu40V_jZY,en,ଦେଖନ୍ତୁ ଆପଣଙ୍କର ପ୍ରିୟ ମେଗା ଧାରାବାହିକ ମୋ ସିନ୍ଦୂରର ଅଧିକାର ଆଜି ରାତି,not_relevant
GraQRMCbn6c,or,ଦେଖିବାକୁ ଭୁଲିବେନି ଅତୁଟ ବନ୍ଧନ ଆଜି ସନ୍ଧ୍ୟା ୭ ୩୦ କେବଳ ତରଙ୍ଗ ଓ ତରଙ୍ଗ,highly_relevant
V9Jt64N1vUU,or,ଦେଖିବାକୁ ଭୁଲିବେନି ମେଗା ଧାରାବାହିକ ଓଢ଼ଣୀ ଏଇ ସୋମବାର ରାତି ୯ ୩୦ କେବଳ,not_relevant
j9BVS7Zy0oA,or,ଅଗସ୍ତି ପରିବାରରେ ଲାଗିବ ନିଶାର ଗ୍ରହଣ ଦେଖନ୍ତୁ ତୋରି ପାଇଁ ତୋ ପାଇଁ ଆଜି,not_relevant
h0i0OS_bSmA,or,ଦେଖିବାକୁ ଭୁଲିବେନି ଅତୁଟ ବନ୍ଧନ ଆଜି ସନ୍ଧ୍ୟା ୭ ୩୦ କେବଳ ତରଙ୍ଗ ଓ ତରଙ୍ଗ,highly_relevant
KPf_2jEbYNw,or,ଦେଖିବାକୁ ଭୁଲିବେନି ମେଗା ଧାରାବାହିକ ଓଢ଼ଣୀ ଆଜି ରାତି ୯ ୩୦ କେବଳ ତରଙ୍ଗ,highly_relevant
ty8fH6tAnoQ,en,ଦେଖନ୍ତୁ ବଡ ବୋହୂ ସୋମବାର ରୁ ଶନିବାର ରାତି 9 ଟାରେ କେବଳ ତରଙ୍ଗ TV ରେ Full Episode,not_relevant
6eTm1Ht1T6k,or,ଦେଖନ୍ତୁ ତରଙ୍ଗ ଟିଭି ହିରୋଇନ ମାନଙ୍କ ପ୍ରକୃତ ଘର,highly_relevant
oJ90sLqqR1M,or,ଚେହେରା ବଦଳିପାରେ ହେଲେ ନିଜ ଲୋକଙ୍କଠୁ ସଂପର୍କ ଦୂରେଇ ରହିପାରେନି ଦେଖନ୍ତୁ,not_relevant
m2_mqWPSqww,or,ଦେଖନ୍ତୁ ସିନ୍ଦୁରର ଅଧିକାର ଆଜି ରାତି ୮ ୩୦ରେ ତରଙ୍ଗ ଓ ତରଙ୍ଗ ପ୍ଲସରେ,highly_relevant
QcaSJwD6jfY,or,,not_relevant
NvdV78O7Ce8,or,ଦେଖିବାକୁ ଭୁଲିବେନି ମେଗା ଧାରାବାହିକ ବଡ଼ବୋହୂ ଆଜି ରାତି 9ଟା କେବଳ ତରଙ୍ଗ,highly_relevant
zqWXOCe1etg,or,ଦେଖନ୍ତୁ ତୋ ରି ପାଇଁ ତୋ ପାଇଁ ଆଜି ରାତି ୮ଟା କେବଳ ତରଙ୍ଗ ଓ ତରଙ୍ଗ ପ୍ଲସରେ,highly_relevant
lngXM11FETg,or,ଦେଖିବାକୁ ଭୁଲିବେନି ଅତୁଟ ବନ୍ଧନ ଆଜି ସନ୍ଧ୍ୟା ୭ ୩୦ କେବଳ ତରଙ୍ଗ ଓ ତରଙ୍ଗ,highly_relevant
heFLbXV2RFs,or,ଦେଖନ୍ତୁ ତୋ ରି ପାଇଁ ତୋ ପାଇଁ ଆସନ୍ତାକାଲି ରାତି ୮ଟା କେବଳ ତରଙ୍ଗ ଓ ତରଙ୍ଗ,highly_relevant
tuOwZTjzJ9U,or,ଦେଖନ୍ତୁ ଓଢ଼ଣୀ ସୋମ ଶୁକ୍ର ରାତି ୯ଟା ୩୦ରେ କେବଳ ତରଙ୍ଗ ଓ ତରଙ୍ଗ ପ୍ଲସରେ,highly_relevant
7wZKcbyjymI,en,ଦେଖନ୍ତୁ ଆପଣଙ୍କର ପ୍ରିୟ ମେଗା ଧାରାବାହିକ ମୋ ସିନ୍ଦୂରର ଅଧିକାର ଆଜି ରାତି,not_relevant
7OgqMFN7DYM,or,,highly_relevant
Dgv32f1ee98,or,ଦେଖନ୍ତୁ ତୋ ରି ପାଇଁ ତୋ ପାଇଁ ଆଜି ରାତି ୮ଟା କେବଳ ତରଙ୍ଗ ଓ ତରଙ୍ଗ ପ୍ଲସରେ,highly_relevant
#NAME?,bn,আবহাওয়ার খবর আবারও ৩ দিন ঝড় বৃষ্টি সাগরে নতুন নিম্নচাপ ভাসবে,highly_relevant
szZ1OhLsAVU,bn,আজকের আবহাওয়ার খবর গোটা দক্ষিণবঙ্গে ঝড় বৃষ্টির সতর্কতা,highly_relevant
YS9hLJmSCFE,en,বেস্ট বেঙ্গল ব্রেকিং নিউজ breaking news of West Bengal cyclone breaking news dear lottery tricks,highly_relevant
HUXoJTceORc,bn,আজ ভোর থেকে তাণ্ডব পশ্চিমবঙ্গ বাংলাদেশ উপকূলে ধেয়ে আসছে,highly_relevant
pq6Wasujrpw,bn,ঘূর্ণিঝড় ফেনজাল থেকে বাঁচবে না পশ্চিমবঙ্গ ভয়ংকর দূর্যোগ ।। Cyclone,highly_relevant
xGpjqqmVz5k,bn,পশ্চিমবঙ্গ ঘূর্ণিঝড় অশনি থেকে শঙ্কামুক্ত আবহাওয়া বিভাগ Welcome to,highly_relevant
3-HHs0VnOF0,bn,পশ্চিমবঙ্গে ঘূর্ণিঝড় রিমালের তাণ্ডবে ছয় জনের মৃ ত্যু,highly_relevant
JUBhkPHcMtE,bn,সাবধান আর রেহাই নেই পশ্চিমবঙ্গের ।। ঘূর্ণিঝড় গতি এগিয়ে আসছে,highly_relevant
3sHMyIpdnNo,bn,হংকংয়ে রবিবার রাতে ট্রপিক্যাল সাইক্লোন টাপাহ আঘাত হানায় জারি,highly_relevant
jJRaQLU42BY,bn,পশ্চিমবঙ্গ ও বাংলাদেশের জন্য আগাম ঘূর্ণিঝড় সতর্কতা শক্তিশালী,highly_relevant
jnyW0t5gAiU,bn,পশ্চিমবঙ্গে ঘূর্ণিঝড় মোখা ্চিমবঙ্গ ূর্ণিঝড় োখা,highly_relevant
G11eACdN0rU,bn,পশ্চিমবঙ্গ ও বাংলাদেশের চরম সতর্কবার্তা । ধেয়ে আসছে ঘূর্ণিঝড়,highly_relevant
0k54XDoIUes,bn,এই মুহূর্তে কোথায় অবস্থান করছে নিম্নচাপ দেখুন বৃষ্টি সাথে ঝোড়ো,highly_relevant
yqu6rsPnL80,bn,আর কয়েক দিনের মধ ্যেই পশ্চিমবঙ্গে আবারও আছড়ে পড়বে ভয়ংকর,highly_relevant
YehC_ViMRpM,bn,ঘূর্ণিঝড় শক্তি কি হতে যাচ্ছে ২০২৫ সালের সবচেয়ে ভয়ংকর ঝড়,highly_relevant
7cm7UNz5abs,bn,ভারতের পশ্চিমবঙ্গে ঘূর্ণিঝড় ইয়াসের প্রভাব,highly_relevant
C7AKgVsnxSM,bn,আজ ২৫ মে শনিবার পশ্চিমবঙ্গ ও বাংলাদেশে ভারী ঝড় বৃষ্টি ও ঘূর্ণিঝড়,highly_relevant
NZfcYfqoEus,bn,,not_relevant
19VQFcgOvJY,bn,ফের নিম্নচাপের ভ্রুকুটি Subscribe to,not_relevant
maXUr9nud0o,bn,কাল ২৪মে শুক্রবার পশ্চিমবঙ্গ ও বাংলাদেশে ভারী ঝড় বৃষ্টি ও,highly_relevant
UoOzfpmNuTE,bn,cyclone ঘূর্ণিঝড় শক্তিশালী হয়ে আছড়ে পড়বে,highly_relevant
AWX7i2sfTX0,bn,আজ ২৭ মে সোমবার পশ্চিমবঙ্গ ও বাংলাদেশে ভারী ঝড় বৃষ্টি ও ঘূর্ণিঝড়,highly_relevant
hyydvW_nRzc,bn,weatherofwestbengal,highly_relevant
vUSP71jeT6A,bn,ধেয়ে আসছে ঘূর্ণিঝড় । পশ্চিমবঙ্গ ও বাংলাদেশের চরম সতর্কবার্তা,highly_relevant
eKnuTgPZSts,bn,বঙ্গোপসাগরে নিম্নচাপের ভ্রুকুটি দক্ষিণবঙ্গে ভারী বৃষ্টির,highly_relevant
H1l_Jg8pbwg,bn,itv ভারতের পশ্চিমবঙ্গে ঘূর্ণিঝড়,highly_relevant
BmFay6SDk9A,en,Welcome to the official Independent Television YouTube channel Independent Television is a 24 7 news oriented satellite,not_relevant
O65veOjgvrk,bn,আর কিছুক্ষণের মধ্যেই ধেয়ে আসছে জোড়া ঘূর্ণিঝড় লণ্ডভণ্ড হবে,highly_relevant
c91wUmmc6CI,bn,Weather Update ফের বজ্রবিদ্যুৎ সহ বৃষ্টির সম্ভাবনা Zee 24 Ghanta Aaheli Ghosh,highly_relevant
bt2Ep5s49Fw,bn,ধেয়ে আসছে ঘূর্ণিঝড় ৩ দিন ধরে চলবে ঝড় বৃষ্টি Weather Alert Bengali,highly_relevant
Ec_lXL-2r7E,bn,foryou ১১ জেলার উপর দিয়ে ৬০ কিলোমিটার বেগে ঝড়ের,highly_relevant
ZYw9jIE5Stg,bn,প্রবল বেগে ভারতের উড়িষ্যার উপকূল অতিক্রম করছে ঘূর্ণিঝড় দানা ।,highly_relevant
Ve3ZbtvkBJ0,bn,চোখ রাঙাচ্ছে ঘূর্ণিঝড় মিগজাউম,highly_relevant
xaPf-h9N3jA,bn,Cyclone Shakti Live Weather report পশ্চিমবঙ্গের উপকূলে ঘূর্ণিঝড় শক্তি ECMWF,highly_relevant
c9u9qfQgmWw,bn,Live Weather Update বাংলার দিকে ঘূর্ণিঝড় । আবহাওয়ার খবর,highly_relevant
2nRJyRsJ6Rc,bn,ঘূর্ণিঝড় মোকাবিলায় আগাম প্রস্তুতি নিয়েছেন মৎস্যজীবীরা,highly_relevant
2bH1-uT4-LA,bn,ঘূর্ণিঝড় কবে কখন আঘাত হানবে ঘূর্ণিঝড় সিএাং ঘূর্ণিঝড় খবর Bangladesh,highly_relevant
gkAMZwib-Tw,en,weather ধেয়ে আসছে ঘূর্ণিঝড় Cyclone Tej,highly_relevant
UuadMhImtXU,bn,আবহাওয়ার খবর পশ্চিমবঙ্গ ও বাংলাদেশে ভারী বৃষ্টি কালবৈশাখী ঝড় ও,highly_relevant
11GsxWgcIjQ,bn,ঘূর্ণিঝড় আছড়ে পরবে পশ্চিমবঙ্গ বাংলাদেশের এইসব জেলায় আজ,highly_relevant
zi-ENnDLHBU,bn,Live Weather Update আবহাওয়ার খবর বাংলার দিকে ধেয়ে আসে ঘূর্ণিঝড়,highly_relevant
6f9CyGNPUTM,bn,Cyclone Asna বঙ্গোপসাগরে নতুন ঘূর্ণাবর্ত তৈরী হতে চলেছে তবে কি এবার,highly_relevant
zdWBPzY59gw,bn,কাল ২৫ মে শনিবার পশ্চিমবঙ্গ ও বাংলাদেশে ভারী ঝড় বৃষ্টি ও,highly_relevant
EA6bb_56Dzs,bn,কাল ২৮ মে মঙ্গলবার পশ্চিমবঙ্গ ও বাংলাদেশে ভারী ঝড় বৃষ্টি ও,highly_relevant
TPREv71PxG8,bn,Cyclone Asna বঙ্গোপসাগরে নতুন ঘূর্ণাবর্ত তৈরী হতে চলেছে তবে কি এবার,highly_relevant
CzlzQG70TS8,bn,আজ কি ঘূর্ণিঝড় আঘাত হানছে পশ্চিমবঙ্গে আবহাওয়া দপ্তরের বড়,highly_relevant
UNTEZejE5lE,bn,Weather Update গাঙ্গেয় পশ্চিমবঙ্গের উপর ফের ঘূর্ণাবাত কলকাতা সহ,highly_relevant
hU9GHLd4sjo,bn,ঘূর্ণিঝড় রেমালের প্রভাবে আজ থেকেই ঝমঝমিয়ে বৃষ্টি কোথায় কোথায়,highly_relevant
L3Qmidxmg6I,en,কেন বাংলায় ঘূর্ণিঝড় দানার প্রভাব পড়বে Why Bengal Will Be Affected By Cyclone Dana,highly_relevant
BjDpqHcz3pA,en,On Aired on NEWS24 on 27th May 2021 Come Join Us for More News Information Visit our Official site,highly_relevant
kT0OVn7rkOU,bn,আবহাওয়ার খবর পশ্চিমবঙ্গ ও বাংলাদেশে ভারী ঝড় বৃষ্টি ও ঘূর্ণিঝড়,highly_relevant
HIUfufnjXvY,bn,Weather Update গভীর নিম্নচাপের জেরে ভারী বৃষ্টির সম্ভাবনা পশ্চিমবঙ্গে,highly_relevant
7WiWnuXD-E0,bn,শুরু হল ঘূর্ণিঝড় যশ ॥ ১৯০ কিমি বেগে ধেয়ে আসছে পশ্চিমবঙ্গের দিকে ॥,highly_relevant
UjbIiZpmOYc,bn,ঘূর্ণিঝড় সিতরাং কালী পুজোতে পশ্চিমবঙ্গ এবং বাংলাদেশে West Bengal,highly_relevant
2Dk9XdqBPNM,bn,Cyclone Asna বঙ্গোপসাগরে নতুন ঘূর্ণাবর্ত তৈরী হতে চলেছে তবে কি এবার,highly_relevant
hQoO4FxKjFw,en,subscribe korun amader YouTube channel ূর্ণিঝড় োচা mocha,not_relevant
_Rs_JD6grPw,bn,আজ পশ্চিমবঙ্গ সহ বাংলাদেশের ঝড় বৃষ্টির পূর্বাভাস আবহাওয়ার খবর,highly_relevant
DtsK79cbI-s,bn,Live পশ্চিমবঙ্গ থেকে কত দূরে রয়েছে এই ঘূর্ণিঝড় মোকা Cyclone Mocha Update,highly_relevant
EwUtBdxZnRY,en,cyclone After making landfall over coastal areas of West Bengal and Bangladesh severe Cyclonic,highly_relevant
m-EGg2O4ZBE,bn,সাইক্লোন নাকি সার্কাস মিডিয়ার উপস্থাপনায় সাইক্লোন যেন এক,highly_relevant
KLC541RhBFg,bn,কালধেয়েআসছেঘূর্ণিঝড় ্চিমবঙ্গওবাংলাদেশেঘূর্ণিঝড়,highly_relevant
Tk_d-gnK2fI,bn,আমফান ঘূর্ণিঝড় এর জন্য লাল সতর্কতা জারি করল পশ্চিমবঙ্গ সরকার,highly_relevant
GzcwbSoluPQ,bn,Dana Cyclone Update পশ্চিমবঙ্গের বিভিন্ন জেলায় প্রবল বৃষ্টি জারি রেড,highly_relevant
FEVRXWg7jpE,bn,আর কিছুক্ষনের মধ ্যেই ঘূর্ণিঝড় আম্ফানের তান্ডব লীলা শুরু,highly_relevant
6ex1S-bhFYc,bn,আজ বৃহস্পতিবার ঝড় বৃষ্টি কোন কোন জেলায় বেশী। Weather update from Alipur weather,highly_relevant
70J2qwuRTbU,bn,মায়ানমার নয় বাঁক নিয়ে পশ্চিমবঙ্গ ও বাংলাদেশের বুকেই আঘাত,highly_relevant
qo6hvcb3024,en,পশ্চিমবঙ্গে যশ ঘূর্ণিঝড়ের তান্ডপ Yash cyclone West Bengal Yash cyclone,highly_relevant
uiX4NgGjC5g,en,ExplaindHouse,highly_relevant
hl9UViyIIjY,bn,১৬৫ কিমি বেগে পশ্চিমবঙ্গ ও বাংলাদেশ আছড়ে পড়বে ঘূর্ণিঝড় মোর্চা,highly_relevant
rYgWLq1_RHs,bn,Live ঘূর্ণিঝড় ইয়াগি এবং ভয়ংকর নিন্নচাপে ভাসবে পশ্চিমবঙ্গ অসম,highly_relevant
c4Kn0QUYYpE,bn,এবার আম্ফানের থেকেও শক্তিশালী ঘূর্ণিঝড় যশ ধেয়ে আসছে পশ্চিমবঙ্গ,highly_relevant
Q8rQhCJu69Q,en,The likely course of cyclone Sitrang is west Bengal and coastal areas of Bangladesh,highly_relevant
cjdRzlnI4Hc,bn,রাতে ভয়ংকর সতর্কতা পশ্চিমবঙ্গ ও বাংলাদেশ জুড়ে ঝড় বৃষ্টি weather,highly_relevant
wzr-Oudqqe0,bn,বাংলাদেশ এবং পশ্চিমবঙ্গে চলছে টানা বৃষ্টি। কোথায় হবে আরও ভারী,highly_relevant
YlyfvumPiQM,bn,,highly_relevant
LEpyRqtA-2o,bn,West Bengal Weather Update দুই থেকে চার ডিগ্রি সেলসিয়াস পর্যন্ত বাড়তে পারে,highly_relevant
Gc2BWlMbYXg,bn,বাংলায় ঘূর্ণিঝড় রেমালের চোখরাঙানি আশঙ্কাপ্রকাশ,highly_relevant
Fh-gmK2rAqs,bn,ধেয়ে আসছে ঘূর্ণিঝড় মিগজাউম,highly_relevant
e6rtEtMJXL0,en,Cyclone Remal Aftermath WB Governor Surveys Kolkata Impact,highly_relevant
Bx8eAX87xCc,bn,ভয়ংকর ঘূর্ণিঝড় সিত্রাং ধেয়ে আসছে পশ্চিমবঙ্গে বাংলাদেশে। Cyclone,highly_relevant
XE8kpnWvpYQ,bn,আসছে ঘূর্ণিঝড় মোচা পশ্চিমবঙ্গ বাংলাদেশজুড়ে তান্ডবে লন্ডভন্ড,highly_relevant
h6S7MnwOCg4,bn,উত্তাল সমুদ্র কত দিন চলবে বৃষ্টির রেশ,highly_relevant
DTsfOBrRPlg,bn,Cyclone Asna বঙ্গোপসাগরে নতুন ঘূর্ণাবর্ত তৈরী হতে চলেছে তবে কি এবার,highly_relevant
boMmxfR828o,bn,Cyclone Biparjoy Cyclone Tej পশ্চিমবঙ্গ বাংলাদেশে আস্তে পারে ঘূর্ণিঝড় তেজ,highly_relevant
xvTPTXXXP7Y,bn,cyclone,highly_relevant
y9rv7pB1arA,bn,দিক পরিবর্তন করে তছনছ করতে আসছে ঘূর্ণিঝড় রেমল এবার পশ্চিমবঙ্গ,highly_relevant
srwp47Ht40o,bn,ধেয়ে আসছে ঘূর্ণিঝড় দানা কখন থেকে বন্ধ হচ্ছে শিয়ালদা দক্ষিণ,highly_relevant
orif4QiyDpc,bn,আবহাওয়ার খবর আজ বিকাল থেকে ঝড় বৃষ্টি দক্ষিণবঙ্গে কালবৈশাখী,highly_relevant
qb2PsxXbTuw,bn,গাঙ্গেয় পশ্চিমবঙ্গের উপর নিম্নচাপ। নিম্নচাপের দোসর মৌসুমী,highly_relevant
QgE1XAaYfdw,en,,highly_relevant
pDZqRh27fxo,bn,farmers affected by cyclone wb কোন জেলায় কত কৃষক ক্ষতিগ্রস্ত জানালেন শোভনদেব,highly_relevant
MqwlxLS2TG8,en,Continuous heavy rainfall has submerged several parts of West Bengal Roads are flooded traffic is disrupted and people,highly_relevant
RU1M3vsXLQI,bn,আসছে ঘূর্ণিঝড় জাওয়াদ ভাসবে পশ্চিমবঙ্গ ও বাংলাদেশ Cyclone Jawad Update,highly_relevant
rVhBpQOzCYA,bn,Cyclone Asna বঙ্গোপসাগরে নতুন ঘূর্ণাবর্ত তৈরী হতে চলেছে তবে কি এবার,highly_relevant
yAKTOsAfInw,bn,টানা বৃষ্টিতে বিপর্যস্ত ভারতের পশ্চিমবঙ্গ। তিন দিনের ভারী,highly_relevant
R-baKgRyVKU,en,kolkatablogger,not_relevant
A-ERSumfHEI,bn,দিল্লি থেকে ফেরার আগে আজ মুখ্যমন্ত্রী মমতা বন্দ্যোপাধ্যায় Mamata,highly_relevant
Ek-JFX3r3yc,bn,weather িভি উত্তাল হচ্ছে,highly_relevant
FLUDwKEuKok,bn,কলকাতা বন্যা পরিস্থিতি াতাবন্যা াতা াতাখবর,highly_relevant
Edz9w1N6F10,en,Enjoy and stay connected with us Subscribe to Jamuna Television on YouTube Like Jamuna,not_relevant
2qmKLiVgMPc,bn,টানা বৃষ্টিতে কলকাতায় চরম দুর্ভোগ Kolkata Rainfall Weather Jago News,highly_relevant
2cH34XZWfdE,bn,কোন দিকে যাচ্ছে ভারতের বন্যা পরিস্থিতি tv news,highly_relevant
qVrht1A6K10,bn,Heavy Rain in Bengal গাঙ্গেয় পশ্চিমবঙ্গে ফুঁসছে নিম্নচাপ জলমগ্ন কলকাতার,highly_relevant
5iX6p9xQQyY,bn,ABP Ananda LIVE নিম্নচাপের প্রভাবে রাতভর বৃষ্টির জেরে কলকাতার বিভিন্ন,highly_relevant
D6W5gzpTb50,bn,মঙ্গলবার নিম্নচাপ আরও ঘনীভূত হবে,not_relevant
FxsJ8WudiuA,en,Breaking News Today সন্ধ্যা ৫ টার বড় খবর Kolkata News STF Punjab Jammu Kashmir Flood,highly_relevant
btCV4DxFVqI,bn,trending SERA 10 বন্যা,highly_relevant
vIPOe0yFy2I,en,Follow us website link for this copy Website Facebook,highly_relevant
xb8qHQBniSE,bn,রাত থেকে টানা বৃষ্টিতে জলমগ্ন Kolkata Weather Update,highly_relevant
EcQklB7dAQw,bn,ABP Ananda LIVE রাজ্যে বন্যা পরিস্থিতি নিয়ে আরও বাড়ল DVC ও রাজ্য,highly_relevant
t494qmJttvw,bn,কলকাতার বন্যার পরিস্থিতি flood situation,highly_relevant
0dPHSz7mJW0,bn,Weather Update শেষ আষাঢ়ের বৃষ্টিতে জলমগ্ন বাংলা দুর্যোগ মুক্তি কবে,highly_relevant
qFtb_K3BRKc,bn,টানা বৃষ্টিতে বন্যা পরিস্থিতি টানা বৃষ্টিতে বন্যা পরিস্থিতি।,highly_relevant
#NAME?,bn,Kolkata Incident প্রবল বৃষ্টির জের উত্তর কলকাতায় ভেঙে পড়ল দুটি বাড়ি,highly_relevant
lSRV-owRvTw,bn,Man Made বন্যা র অভিযোগ Mamata র প্লাবন পরিস্থিতির জন্য Mamata ই দায়ী,highly_relevant
RFE3ZzQz8FQ,bn,,not_relevant
TOHGsSN8QSM,en,There Has Been A Flood In Kolkata কলকাতায় বন্যা হয়ে গেছে বৃষ্টিতে FOLLOW ME ON,highly_relevant
rXI0cvoSbY0,bn,কলকাতা বন্যা বৃষ্টি নিউজ কলকাতা নিম্নচাপ,highly_relevant
vrYcgXmoBB0,bn,,highly_relevant
itcLBU_1Zs8,bn,দফায় দফায় বৃষ্টিতে নাজেহাল কলকাতা জলমগ্ন একাধিক অঞ্চল,highly_relevant
0B65zh0bppc,bn,ভোর থেকেই বৃষ্টি শুরু কলকাতায়,highly_relevant
tAolQlxdFdg,bn,CalcuttaHighCourt Republic Bangla is now LIVE,highly_relevant
1ZKris8BWHA,bn,,highly_relevant
VVzLClBro3Y,bn,trending,highly_relevant
pgVNzMji1Ms,bn,নিম্নচাপের প্রভাবে টানা বৃষ্টি । টানা বৃষ্টিতে জলমগ্ন কলকাতা,highly_relevant
il4InirXJ3w,bn,প্রায় সাড়ে ষোলো ফুট বাড়তে পারে গঙ্গার জল,not_relevant
_LF4d4vm2tk,bn,উত্তরবঙ্গের বন্যা পরিস্থিতি পরিদর্শনে গেলেন অরূপ বিশ্বাস,highly_relevant
Fu-2_vEGmFk,bn,Kolkata Waterlogging সকালে টানা বৃষ্টি কলকাতায়। আর তাতেই জলমগ্ন উত্তর,highly_relevant
DMmb7gG17aA,bn,বৃষ্টিতে জলমগ্ন কলকাতার একাধিক হাসপাতাল,highly_relevant
6k8KUBcjJOk,en,Flood kolkata part 4 কলকাতা নিউ টাউনে বন্যা,highly_relevant
CyH2cyhxoKc,bn,শুধু 20 থেকে 30 মিনিট বৃষ্টি হলে কলকাতা শহরে বন্যা হয়ে যায় Kolkata floods,highly_relevant
AK4ftJdsJ7Y,bn,ভারী বৃষ্টিতে জলমগ্ন চিনারপার্ক। জলমগ্ন কলকাতা বিমানবন্দরও,highly_relevant
ILnJpb-eSI8,bn,জলমগ্ন ঠনঠনিয়া কালীবাড়ি চত্বর,not_relevant
8iP4Q57az1k,bn,LIVE Weather Update Today আজও দিনভর বিক্ষিপ্ত বৃষ্টি দক্ষিণবঙ্গে। Kolkata য়,highly_relevant
thYkM62i5Ec,bn,,highly_relevant
qNneafTRZIo,bn,,highly_relevant
r237p0bW-eE,bn,Weather News আজও দিনভর বিক্ষিপ্ত বৃষ্টি দক্ষিণবঙ্গে।কলকাতায় একাধিক,highly_relevant
88GrPXF3UNY,en,Flood kolkata part 5 কলকাতা নিউ টাউনে বন্যা,highly_relevant
2PDjZUC18Rc,bn,ABP Ananda LIVE গত ৫ বছরের মধ্যে কলকাতায় রেকর্ড বৃষ্টি হয়েছে চলতি মাসে,highly_relevant
VBd4bOst3Jg,bn,কলকাতার বিভিন্ন রাস্তায় জমল জল জলমগ্ন ঠনঠনিয়া কালীবাড়ি,not_relevant
56a1omyddPk,bn,এই মুহূর্তে কলকাতায় বন্যা পরিস্থিতি Kolkata এই মুহূর্তে সবথেকে যে,highly_relevant
66YL1ZS_VdM,bn,WeatherForecast,not_relevant
Iq-vtyF-k2U,en,Flood kolkata part 7 কলকাতা নিউ টাউনে বন্যা,highly_relevant
LLeIIqPJyRU,bn,ABP Ananda Live আরামবাগে বন্যা পরিস্থিতির অবনতি। আরামবাগ কলকাতা রাজ্য,highly_relevant
otR5UoSrbik,bn,20 সেপ্টেম্বর কলকাতা শহর বন্যা পরিস্থিতি সম্পূর্ণ কলকাতা শহর এখন,highly_relevant
D7s2BG-AdBs,bn,Weather Update Today Kolkata য় বৃষ্টিতে সেঞ্চুরি কলকাতায় নিম্নচাপের,highly_relevant
7G0z6BYTW7s,bn,,highly_relevant
ynnED56utXs,bn,টানা বৃষ্টিতে জলমগ্ন কলকাতার বিভিন্ন রাস্তাঘাট,highly_relevant
nsApXxHoyhc,en,,highly_relevant
d8WlfCMmN_M,bn,কলকাতা নিউ টাউনে বন্যা,highly_relevant
MyITda9tpPc,en,Flood kolkata part 6 কলকাতা নিউ টাউনে বন্যা,highly_relevant
y7pjqPi9VyM,en,flood in Kolkata পূর্ব মেদিনীপুর বন্যা panskura flood পূর্ব মেদিনীপুর বন্যা purba,highly_relevant
8AHkWsH79oU,en,Rain lashes several parts of Kolkata causing sever waterlogging Join ANI s YouTube membership,highly_relevant
dMy0nRErRQU,bn,,highly_relevant
CaCbWz5QChQ,bn,কলকাতায় স্বস্তির বৃষ্টি,highly_relevant
iRDt-oiyXmY,bn,,highly_relevant
C4E4p8mI_5M,bn,রাতভর বৃষ্টিতে ভাসল আমহার্স্ট স্ট্রিট,highly_relevant
YJrDLS9uCes,bn,kolkata vs murshidabad এ যেরকম বন্যা হয়েছোতা াতারবান,highly_relevant
xGu8_eYO-RY,en,KolkataAirport Disclaimer This channel does not promote any,not_relevant
m9owmGhP5Sw,en,West Bengal Parts of Kolkata reel under severe waterlogging post heavy rainfall Subscribe now,highly_relevant
PomgNrNLnEM,bn,ABP Ananda Live আজ বিকেলের পর থেকে কলকাতা সহ দক্ষিণবঙ্গে বৃষ্টির পরিমাণ,highly_relevant
a0rDrIkmXyo,bn,Cyclone Remal Update ঘূর্ণিঝড় রিমাল এর প্রভাবে কলকাতা এয়ারপোর্টের,highly_relevant
alTRo59Pf-E,bn,Kolkata Water logging ভারি বৃষ্টিতে জল জমেছে শহরের একাধিক জায়গায়।,highly_relevant
0P6fTx-GYxU,bn,West Bengal Flood LIVE ভয়াবহ বন্যা পরিস্থিতি যাতায়াতের ভরসা নৌকা এ কী ছবি,highly_relevant
1bSEAjmB03Q,bn,কলকাতা বন্যা পরিস্থিতি দেখো বন্ধুরা,highly_relevant
xE8rzP1QtX4,bn,Kolkata য় সকাল থেকেই হাড় কাঁপানো ঠাণ্ডা দেখুন,not_relevant
jHVilr-WwVI,bn,,highly_relevant
rBA6PKCr4UI,bn,কলকাতা বন্যা পরিস্থিতি াতাবন্যা াতা াতাখবর,highly_relevant
Sh7CwpoSIeg,bn,,highly_relevant
#NAME?,en,kolkata,not_relevant
s1Z5wK9fOfQ,bn,অসমে ভয়াবহ হচ্ছে বন্যা পরিস্থিতি। একটানা বৃষ্টির ফলে জেরবার,highly_relevant
02mAkoImdno,bn,trending,highly_relevant
phH5AT4TQ9o,bn,,highly_relevant
81G9h83gScM,bn,আজ গোটা কলকাতা পুরো জলমগ্ন,not_relevant
kjPC-LMCr1I,bn,Dumdum অগ্নিকাণ্ডে ঘটনাস্থলে ২০টি এঞ্জিন ।,not_relevant
Bva2tmIslT8,en,,highly_relevant
Y_Vg9aQ3DHw,bn,রাজ্যের সরকারের দাবি এখানে হয় ম্যানমেড বন্যা। সত্যিই কি হয়,highly_relevant
iGxFNuMhV0Y,bn,,highly_relevant
cHJssoxIQqw,bn,Kolkataর এই নদী র নাম ঠনঠনিয়া,not_relevant
1cQYJ5btsrA,bn,ABP Ananda Live বর্ষার শুরুতেই শহরে জল দুর্ভোগ। রাতভর দফায় দফায়,highly_relevant
5CT8Lb2IGVM,bn,Mini বন্যা,highly_relevant
3hC_gCG1lbU,bn,,highly_relevant
yErJb8yYUio,bn,,not_relevant
JgY38DS-7xo,bn,LIVE Afternoon News DVC এর ছাড়া জলে West Bengal জুড়ে বন্যা ডুবল একের পর এক জেলা,highly_relevant
SRobBwg5eVU,en,kolkatavlog thanx for watching this video Sudeshna jana sna s world From khanakul west bengal,not_relevant
iSi0R8m10GY,en,Heavy Downpour In Kolkata Parts Of Capital City Inundated Due To Incessant Rain Watch,highly_relevant
Y9iSr1u5a_0,en,Kolkatai bonna কলকাতায় বন্যা বইছে My dream vlog,not_relevant
3FVy-bzE03Q,bn,KolkataFloodNews আরও বিস্তারিত জানতে ভিজিট করুন,highly_relevant
48aC2wC1CiI,bn,টানা বৃষ্টিতে জলমগ্ন শহরের একাধিক এলাকা। জল নিকাশের কাজে তৎপর,highly_relevant
5Py06PoSCno,bn,আর জি করের জুনিয়র ডাক্তাররা কেশপুরের বন্যা পরিস্থিতি এলাকায়,highly_relevant
QMqz2w15Q0A,bn,trending Central,highly_relevant
ZwHWZtUfDmk,bn,trending Ghatal Flood প্লাবিত একাধিক গ্রাম,highly_relevant
i_Xm3Txz1Qs,en,Howrah Flood situation in Udaynarayanpur due to water released by DVC,highly_relevant
qOIDn0sjvM8,bn,দীঘার সব থেকে উচ্চ গতিতে জলোচ্ছ্বাস এই পূর্ণিমার,not_relevant
lXHpq-OfJOk,en,newsvalley সাগরের কৃত্রিম সর্বোচ্চ ঢেউ Artificial High sea wave News Valley is a channel that,not_relevant
dnFVp2ssFK0,en,BanglaVision is the most popular TV channel in Bangladesh offering unbiased authentic news and entertainment programs,not_relevant
0X9jATVK7tc,bn,,not_relevant
mVQgSBIPmJo,bn,কক্সবাজার সমুদ্র সৈকতের অসাধারণ ঢেউ,highly_relevant
kypk9ZuAyjU,en,bad weather at sea high wave weather condition weather forecast cargo ship in storm monster waves life at sea ships storm in,highly_relevant
0muNX0MZMBw,en,,highly_relevant
TeKy5n6AYfc,bn,Magna river Amazon River,highly_relevant
dogJ8ztODTw,bn,জেনে নিন সমুদ্রের ঢেউ কিভাবে সৃষ্টি হয়।। ূর্নিঝড় োখা জেনে,highly_relevant
cp4d01gvavg,bn,সাগরের পারে ঘুরতে গিয়ে দেখলাম নদীতে উচ্চ ঢেউ shorts,highly_relevant
_TfntpKc4YA,en,High wave strikes shores shorts shortsvideo shortvideo shortsyoutube viral viralvideo wave sea beach Pushpal explores,not_relevant
_umj6uhAZxY,bn,,highly_relevant
AbmYcGBqYZA,bn,,not_relevant
kaW1dWOaogc,en,Digha in High Tide 15th August Digha Live Digha,not_relevant
Qz8XeYp8WkM,bn,কক্সবাজারে জোয়ার এর ঢেউ কেমন হয় দেখুন।,not_relevant
bMWl8u1Drqc,bn,,highly_relevant
t_7Ml3qI79E,en,Digha Mumbai Beach Express,not_relevant
s4oowOsdxrY,en,cyclonemocha,highly_relevant
7BkG4dujjg0,en,Digha Digha Viral Video Dheusagar Waves Digha High Tide Digha Ramnagar,not_relevant
FGJ1kmDWcEQ,en,High tides bring huge waves at Digha Mandarmani,not_relevant
GZeY_B5Yv-8,bn,,not_relevant
ljyOrICJax8,bn,,not_relevant
sfkBLTxEpRM,bn,,not_relevant
mIi3PJts8ik,bn,,not_relevant
ULOyJTk_Zis,bn,নমস্কার বন্ধুরা আসা করি আপনারা সবাই ভালো আছেন। আমাদের দীঘা ঘুরতে,highly_relevant
pLvHRdkBsNY,bn,,highly_relevant
jSDk0ZidHfM,en,I remember this Hurricane I believe it was Frank We had our beaches destroyed heavy surf and tons of debris all over The ocean,highly_relevant
22CxTSYMHno,bn,,not_relevant
Qed8GusfG7s,en,hightide,not_relevant
KH6XBi9Y4E4,bn,ক্যাটামেরান ভেসেল এম ভি গ্রীন লাইন ২ এর উচ্চ গতির জন্যে ব্যবহার করা,not_relevant
IHJC0RAUlcw,bn,,not_relevant
VddLMNhUC40,en,Thursday 24th November,not_relevant
HC8mg9UT1FU,en,High Tide In Digha,not_relevant
3l3M8-xfXAg,en,AGRI OCEAN IMO 9770684 is a Bulk Carrier that was built in 2019 4 years ago and is sailing under the flag of Panama,not_relevant
dZiNG2IZpCM,en,Digha High Jump Beach,not_relevant
X-dIzQCDeWk,en,Amazing Beach High Tide Waves Pls like and subscribe my,not_relevant
_I20FNz5jYA,bn,Answer কোথাও বড় বিস্ফোরন হলে প্রচুর তাপ আর চাপ উৎপন্ন হয় এতে অই,not_relevant
nruoi9jDaLY,bn,,not_relevant
pUnuG9MapZ0,bn,বর্তমান পানির তলে কতশত ঘরবাড়ি। সোনারগাঁও উপজেলার বৈদ্যের বাজার,not_relevant
0PgfZuq7IBE,en,Welcome to the Official YouTube Channel of Channel24 One Click Subscription Link Read more,not_relevant
7oIIZidlKww,en,SUBSCRIBE FOR THE BEST KITESURF VIDEOS THE BEST KITESHOP 2021 I 5 RATED,not_relevant
WPhCV8RsRbM,bn,জলের ওপর দিয়ে ট্রেনের দুঃসাহসিক ভ্রমণ Train vs Giant Waves,highly_relevant
UzpliPjlVUk,en,Digha is a seaside resort town in the state of West Bengal India It lies in Purba Medinipur district and at the northern end of the,not_relevant
e3FPeOAv5e0,en,Surfing is a surface water sport in which an individual a surfer or two in tandem surfing uses a board to ride on the forward,not_relevant
L3vBvmIq6D4,en,Amazing Footage of Dolphins Surfing in High Waves You Won t Believe Your Eyes Get ready to witness an incredible sight,highly_relevant
hJLuYiY2MWg,bn,broken,not_relevant
J9o4gt1Jyno,bn,থাবড়া মেরে লালে লাল জলোচ্ছ্বাস,not_relevant
v2tCVpOMvoQ,en,High Waves hitting gopro underwater,highly_relevant
slvVyqNWaBg,en,Welcome to Nature Clips I will show you the best moments of nature I see around me when I am traveling hiking and working,not_relevant
fHQ4CtDytJk,bn,হিনামনোর গ্রীষ্মমন্ডলীয় বিষণ্নতার সাথে মিশেছে 3 সেপ্টেম্বর,not_relevant
3usZt3Wco9k,bn,ধেঁয়ে আসছে দেশের দিকে উচ্চ ক্ষমতাসম্পন্ন হাইস্পিড বৃষ্টিবলয়,highly_relevant
B0atjZDCiUw,bn,বাংলাদেশের সেরা ৫টি ফর্সা হওয়ার ক্রিম 1 সিটাফিল ব্রাইট হেলদি,not_relevant
X_WdfmojKW4,bn,About this video আপনি কি পাল তোলার সময় বন্য ঢেউয়ের মুখোমুখি হওয়ার জন্য,not_relevant
r5RM_-Jkfbs,bn,আপনি জানেন কী পৃথিবীর সবচেয়ে ভয়ংকর সমুদ্র কোনটা এবং কেন,not_relevant
4PEKSMe8xAE,en,viral Welcome To Safikul The Beast Youtube Channel It s Me Safikul Khan And,not_relevant
oGjZ82iw_uM,bn,,not_relevant
LN2lH2mITeg,bn,,not_relevant
CTqdmPBIrWk,en,Super fun day surfing at Surf Ranch all day with friends Get 10 off your order at Global Surf Industries when you use our special,not_relevant
OXaMS5hWzQU,bn,বরুন্ডী উচ্চ বিদ্যালয়ের খেলার মাঠে শুরু হতে যাচ্ছে ফুটবল,not_relevant
ZzucccT0mj4,en,Welcome to the Official YouTube Channel of Channel24 One Click Subscription Link Read more,not_relevant
NIDgR9gEboY,bn,,highly_relevant
coOz384mHJk,en,Embark on an exhilarating journey into the world of wind dependent sports From the breathtaking artistry of kite flying to the,not_relevant
D7ts5dIa86U,bn,,not_relevant
qU_TwfMcKEU,bn,,not_relevant
gw7vc11wSjM,en,puri sea beach hotel puri sea beach food puri sea beach odisha puri sea beach market puri sea beach today live puri sea beach,not_relevant
JCLjjQUw3bA,en,Welcome to Nature Clips I will show you the best moments of nature I see around me when I am traveling hiking and working,not_relevant
aN0BK2hUyhI,en,ঢেউ এর মতো স্রোত My Youtube Channel Subscribe Please Thanks for you,not_relevant
TT8qO3tzaJk,en,,not_relevant
#NAME?,en,Under Water View In Sada Pathor I hope you enjoy the,not_relevant
sIMsqHVIogU,bn,Arabian hours tin price ঘোড়া মার্কা টিনের দাম সেনেটারী এবং বাথরুম ফিটিং সুলভ,not_relevant
_V9YKlh5ECU,en,Created by InShot,not_relevant
wrIu05fGBQM,en,This is always so satisfying to watch High tide ocean salt water going back out to sea Not hurting the environment and this was a,not_relevant
Tv5PkCtd9Kw,bn,বহেড়াতৈল ঈদগাঁ মাঠের দক্ষিণ পাশে এবং পশ্চিম পাশের ভিডিও ধারন করা,not_relevant
qvPdHi8aoMg,bn,পার্শ্ব তরঙ্গ বা L তরঙ্গ কাকে বলে Love wave Lateral Wave উ মুখ্য ও গৌণ তরঙ্গ,not_relevant
_DRYqwQETZ4,en,lakeontario,not_relevant
WIDJXNPe1MM,en,Welcome to Nature Clips I will show you the best moments of nature I see around me when I am traveling hiking and working,not_relevant
NZtODRgOrWY,en,Monerghore। । gojol,not_relevant
iozY8uhHSEA,bn,,not_relevant
7TbypvowWCE,bn,,not_relevant
966tLT986_0,en,,not_relevant
oanG6yC26qk,bn,Bangla News বনগাঁ হাই স্কুলের মেধাবী প্রাক্তন ছাত্র নোটনকে টিভির,not_relevant
y61C0WFw36c,bn,লাইক কমেন্ট শেয়ার প্লিজ দিয়ে সাথে থাকোন।ধন্যবাদ,not_relevant
oWQBKn1hppk,bn,সন্দ্বীপের পূর্ব নাদীর ঢেউ সন্দ্বীপের সবচেয়ে কিছু সুন্দর,not_relevant
0S1NQAMgMWY,bn,,not_relevant
#NAME?,en,What a super fun day surfing out in the wild with my friends Lota of decent waves came through to carve up and practice turns on,not_relevant
hCKPMwrm0uI,bn,,not_relevant
rYEQMLT48Eo,bn,এটা আমার নতুন আইডি প্লিস সবাই লাইক কমেন্ট শেয়ার করবেন।।,highly_relevant
jRaziYHd9H4,en,Shorts Upload SECRET for Massive Growth on YOUTUBE Turbocharge Your SHORTS Views with Upload Tips,not_relevant
eCYo5qgr8qo,bn,,not_relevant
kmDf2xOsxzg,en,,highly_relevant
OQLeTI1TB68,bn,For business inquiries or sponsorship appleh909 com নেপালি স্পোর্টস গার্ল নিউ ক্রাশ,not_relevant
SPGhApeAhV4,bn,,not_relevant
h3AQ99Cg05o,bn,ষষ্ঠ শ্রেণির বাংলা প্রশ্ন িয়ানিয়া,not_relevant
Mh4kNY6dRME,bn,,not_relevant
Tc_HISN94w4,en,,not_relevant
CMkE2-vubs4,bn,,not_relevant
gB8YpPKu-Ko,bn,,not_relevant
_QMKbtDwo9I,en,jomuna nodi megai bad kazipur Sirajganj the jomuna River please subscribe my youtube channel sb official blogs,not_relevant
kzGeEYwNFiU,hi,IMD ने ओडिशा और पश्चिम बंगाल के लिए बड़ा अलर्ट जारी किया है बंगाल की,highly_relevant
OqUrMApc2GA,en,Super Cyclone Amphan Live Updates अम्फान सुपर साइक्लोन देश के तटीय इलाकों में,highly_relevant
JHyo3sWPpuQ,hi,तबाही के मंजर को देखने के बाद Odisha ने युद्ध स्तर पर शेल्टर्स बनाने,highly_relevant
CXJDwN_yxWs,en,For further UPSC Foundation Course 2024 25 queries fill this form To Join the course,highly_relevant
la7W7D6Fiv0,hi,West Bengal और उत्तरी Odisha के तटीय इलाकों पर चक्रवाती तूफान Yaas का खतरा,highly_relevant
npM_BHuG-G4,en,1999 Super Cyclone Revisiting The Devastating Cyclonic Storm That Took Countless Lives In Odisha,highly_relevant
OkicTHJBPZc,hi,Cyclone Dana Name Explained चक्रवाती तूफान दाना ओडिशा और पश्चिम बंगाल Cyclone In,highly_relevant
bNCn3i4kAa0,en,FirstIndiaNews About,highly_relevant
JMH1ShH1owQ,hi,Odisha Cyclone चक्रवाती तूफान का लगभग प्रत्येक वर्ष सामना करने वाले,highly_relevant
D8s2BMJEmbc,en,Odisha Rain Update Another low pressure from 3 sept heavy rainfall alert Odisha cyclone update Odisha Rain Update heavy,highly_relevant
YGqavj2Vew4,hi,तूफान यास Cyclone Yaas के ओडिशा Odisha से गुजर जाने के बाद तूफान के कारण हुए,highly_relevant
K_RissPEvds,hi,एक गंभीर चक्रवाती तूफान ओडिशा तट को पार कर गया है Manorama Mohanty,highly_relevant
FQIG8u2-s7M,hi,West Bengal और उत्तरी Odisha के तटीय इलाकों पर चक्रवाती तूफान Yaas का खतरा,highly_relevant
DA6B1qqMJmc,en,Cyclone Fani landfall close to Gopalpur near Puri Over 10 Lakh people in low lying areas of 13 districts in Odisha have been,relevant
LdRkYP5SMuU,hi,चक्रवाती तूफान दाना का कहर जारी है देर रात 12 45 बजे ओडिशा के भद्रक,highly_relevant
o-54-FBLvSg,hi,,highly_relevant
vuvmSJbZ__Q,en,Dumdaar 10 आ रहा है दाना तूफान ओडिशा बंगाल सावधान Dana Cyclone West Bengal Odisha,highly_relevant
E8TwmOMdZe4,hi,चक्रवात तूफान बुलबुल Cyclone Bulbul बहुत तेजी से बंगाल तट की ओर बढ़कर,highly_relevant
nJcZ2xf1S5k,en,Dana Cyclone Update ओडिशा बंगाल में चक्रवात दाना से दहशत Bengal Odisha Puri N18V,highly_relevant
T9EJ6NUqcFw,hi,Cyclone Dana प्रचंड रूप लेगा चक्रवाती तूफान दाना चक्रवाती तूफान दाना,highly_relevant
bZuYLhGcsr0,en,New StudyIQ Channel Subscribe Now for Exclusive Videos and,highly_relevant
83EWxo5fyjs,hi,Odisha Bengal Dana Cyclone दाना तूफान का कहर कहां कहां असर ओडिशा बंगाल में चल,highly_relevant
p6pz2i5nDpE,en,Cyclone Dana to Hit Eastern India 15 Million at Risk Cyclone Dana is rapidly approaching the eastern coast of India putting 15,relevant
4xhEeTpCMDc,hi,WATCH LIVE 24x7 चक्रवात तूफान दाना को लेकर,highly_relevant
buEBHqDcdLA,en,shorts ओडिशा और बंगाल में हुई भारी बारिश Cyclone Dana in Odisha Bengal,highly_relevant
gqXFGpcv0Ys,hi,Cyclone Yaas Updates आज सुबह ओडिशा के तट पर पहुंचेगा यास बंगाल में भी भारी,highly_relevant
a0Cyv0C_0_o,hi,Cyclone Dana ओडिशा में भी चक्रवात दाना ने दी दस्तक तेज हवाओं से उखड़े,highly_relevant
NEIBUeE4Ozo,en,ବାତ୍ୟା ପ୍ରଭାବ ୨୪ ଘଣ୍ଟାରେ ଭୟଙ୍କର ଝଡ଼ Odisha cyclone update Heavy rain cyclone Comming,highly_relevant
umZi9o9V9TI,hi,चक्रवात डाना ओडिशा से टकराया सतभया थितान झंग बघपटिया जलमग्न।,highly_relevant
exMSmXqEKKo,en,Cyclone Fani barrelled through Odisha Friday unleashing copious rain and windstorm that gusted up to 175 kmph killing at least,highly_relevant
YRfrHlxCjKA,hi,अभी कुछ महीनों पहले ही Odisha में Fani तूफान ने तबाही मचाई थी लेकिन अब,highly_relevant
QHcEmBeGZaw,hi,भीषण चक्रवाती तूफान फानी Cyclone Fani ने सुबह ओडिशा Odisha के जगन्नाथ,highly_relevant
gPYXf9FGua4,hi,Cyclone Dana Odisha में दाना Cyclone से पहले डरे लोग बारिश और तेज हवाओं ने किया,highly_relevant
RWbvmeJHuNY,hi,Taukte Cyclone अभी थमा भी नहीं कि Yaas Cyclone ने तबाही की दस्तक दे दी है YAAS के,highly_relevant
ALF-dIJ8XMA,hi,ABP News TV चक्रवाती तूफान दाना को लेकर ओडिशा और पश्चिम बंगाल सरकार हाई,highly_relevant
k6blrmtlJA8,en,Odisha Panipaga News Today Odisha cyclone update odisha laghuchap update odisha weather odisha laghuchap update in,highly_relevant
40IVf15vwek,en,Odisha Weather Update Today Odisha Panipaga update odisha laghuchap update odisha cyclone update Odisha weather,highly_relevant
XT-imcEQy6c,hi,Cyclone Yaas यास तूफान आज क़रीब सुबह 9 बजे ओडिशा के भद्रक जिले के तट से,highly_relevant
Wh7DoDp3ndg,hi,abpnews,highly_relevant
KGTEJ_-KUAY,en,cyclone,highly_relevant
NI2AtLyiWa8,hi,गाल की खाड़ी से उठने वाला तूफान दाना अपना रौद्र रूप दिखाने को बेताब,highly_relevant
DL3eaKwO1ho,hi,Cyclone Dana ओडिशा के मुख्यमंत्री ने तैयारियों की समीक्षा की,highly_relevant
zntOEgcnU58,en,Extremely severe cyclonic storm Fani with wind speed touching nearly 200 kmph caused landfall on Friday in Puri and wreaked,highly_relevant
-X-5O5hTNco,hi,चक्रवात दाना पिछले 2 महीनों में भारतीय तट पर आने वाला दूसरा चक्रवाती,highly_relevant
Za7b2FaSiss,en,भारत के ओडिशा और बंगाल में भारी नुक्सान पहुँचाने वाले तूफान फानी ने,highly_relevant
wynLLhyjVg4,en,Cyclone Dana Odisha News चक्रवात दाना से ओडिशा West Bengal में कितनी तबाही का डर,highly_relevant
d3ZCeZiVj74,hi,cyclonealert बंगाल की खाड़ी में बने निम्न दबाव के चक्रवात में,highly_relevant
40TVMGDzbGY,en,According to the latest update of the Meteorological Department cyclonic storm Jawad will hit the coast of Puri by this afternoon,highly_relevant
9SibwL3rcjo,hi,Cyclone Dana LIVE Updates चक्रवाती तूफान दाना की वजह से ओड िशा से लेकर पश्च िम,highly_relevant
MkxfdRjrN60,hi,West Bengal और उत्तरी Odisha के तटीय इलाकों पर चक्रवाती तूफान Yaas का खतरा,highly_relevant
vbuOmPHJQ9g,en,Taukte Cyclone अभी थमा भी नहीं कि Yaas Cyclone ने तबाही की दस्तक दे दी है YAAS के,highly_relevant
jRYWQ7p0Z6E,en,Cyclone Yaas news The states of West Bengal Odisha and Jharkhand are on high alert with the commencement of the landfall,relevant
HJqVTZnb75I,hi,Taukte Cyclone अभी थमा भी नहीं कि Yaas Cyclone ने तबाही की दस्तक दे दी है YAAS के,highly_relevant
Q2phiS_WFTU,en,Connect with us on our social media channels Facebook Instagram,highly_relevant
vyyJB8Gi4Dk,en,India Cyclone Dana to Make Landfall in Odisha West Bengal Subscribe to Firstpost The Indian Meteorological Department,relevant
o8k4UG9VNkE,en,Gusty winds and rain continue in parts of Odisha s Dhamra as Cyclone Dana makes landfall,highly_relevant
c7PG2bazVOI,en,Cyclone Yaas Latest Updates चक्रवाती तूफान यास Cyclone Yaas के प्रभाव से,highly_relevant
I-gyVevMs_E,hi,IBC24 Cyclone Dana Alert समंदर में उठेगा बवंडर दस्तक देगा दाना तूफान।,highly_relevant
EeQggGj1Lv8,hi,ओडिशा में भीषण चक्रवाती तूफान आने की चेतावनी के बाद राज्य सरकार ने,highly_relevant
rxVwu4jzYsw,en,Odisha couple braved rising sea levels to reach their home as Cyclone Dana wreaks havoc in state With winds reaching 110,relevant
3o9iDzeSE0o,en,ବାତ୍ୟା କିକୋ ପରେ ପୁଣି ବାତ୍ୟା ତପାହ Odisha cyclone update Heavy rain cyclone Comming,highly_relevant
79Z78wodMfQ,en,,highly_relevant
b4DpL3PmRKs,hi,रायपुर एवं छत्तीसगढ़ के दैनिक समाचार के लिए हमारा चैनल subscribe करें,highly_relevant
r9Dd0iFhXho,en,Cyclone Dana Update Odisha में बारिश Bengal में आंधी तूफान मचा कोहराम West Bengal,highly_relevant
RH-_XZ5vdb0,hi,बंगाल की खाड़ी के ऊपर बना चक्रवाती तूफान दाना शुक्रवार सुबह तक,highly_relevant
eaTTECl64xI,hi,Cyclone Dana Breaking Odisha के तट पर दाना तूफान का लैंडफॉल हुआ है। देर रात 12 30,highly_relevant
UDFpNl87c0Y,en,Cyclone Dana LIVE Updates Odisha और Bengal से टकराया तूफान दाना मची तबाही NDRF ने,highly_relevant
DLO1etTO1Mg,hi,Dana Cyclone News तूफान दाना ओडिशा पश्चिम बंगाल में अपना रौद्र रूप दिखा,highly_relevant
BU-WEgLhGN0,hi,चक्रवात दाना ने दी दस्तक बंगाल और ओडिशा में हाई अलर्ट चक्रवाती,highly_relevant
NhgsbJuVSwc,en,Black Fungus Update कोरोना का मामला अभी थमा भी नहीं कि Black Fungus और White Fungus ने,highly_relevant
E2F4_Va3m6s,en,Cyclone Yaas Latest Updates चक्रवाती तूफान यास Cyclone Yaas के प्रभाव से,highly_relevant
OpvhKT_vlQI,hi,Cyclone Dana बंगाल Bengal की खाड़ी से उठने वाला तूफान दाना रौद्र रूप,highly_relevant
RpITXu_RBCo,en,Cyclone Dana Update News ओडिशा बंगाल में तूफान की आहट बढ़ी घबराहट Odhisa Bengal,highly_relevant
o79YxR3qL7k,en,CHAKRAWAT DANA Cyclone in Odisha Cyclone,highly_relevant
khBioUDh6YI,hi,Cyclone Dana Update किसी भी वक्त Odhisha से टकरा सकता है चक्रवात दाना,highly_relevant
tly4bAAwdEE,en,Cyclone Dana News Odisha West Bengal में Cyclone से निपटने के लिये इंतजाम के बारे में,highly_relevant
rfRiDtxWsQQ,hi,Taukte Cyclone अभी थमा भी नहीं कि Yaas Cyclone ने तबाही की दस्तक दे दी है YAAS के,highly_relevant
vyTVR_bclmI,en,odisha,highly_relevant
zLn1gpxvRvg,hi,चक्रवात दाना की वजह से शेल्टर होम में रुके लोग,highly_relevant
abA9RwaK6VI,hi,Cyclone Dana ओडिशा में चक्रवात दाना और इसके बाद आई बाढ़ ने व्यापक तबाही,highly_relevant
uFy7ytAhsyY,hi,22 अक्टूबर को IMD ने ओडिशा Odisha के तटीय इलाकों में चक्रवात Cyclone की,highly_relevant
TT_pBegJOus,hi,Odisha Cyclone DANA ओडिशा में तबाही मचाया DANA ने। ेल्प_इंडिया,highly_relevant
cw_ce2rL5k4,hi,Cyclone चक्रवात दाना के खतरे से निपटने के लिए ओडिशा सरकार,highly_relevant
6CSWAGMSgbM,en,odisha,highly_relevant
ISrSRvHIsIU,en,India Cyclone Dana Makes Landfall In Odisha Firstpost Earth Cyclone Dana struck the coastal state of Odisha bringing heavy,highly_relevant
0fBXxULICUk,hi,बंगाल और ओडिशा में गंभीर चक्रवाती तूफान दाना की दहशत दिखाई दी।,highly_relevant
er63W7ixnLM,hi,Cyclone Dana Odisha में चक्रवात दाना के असर को लेकर क्या बोला IMD N18V ओडिशा,highly_relevant
ocnKFSBsjXA,hi,Odisha Bengal में चक्रवात दाना की दस्तक NDRF पहुंची,highly_relevant
yBBVCmscrDY,hi,Dana Cyclone Update ओडिशा के पुरी बंगाल के सागर द्वीप के बीच टकराएगा Odisha,highly_relevant
mrJEva7Q1Sk,en,1999cyclone 1999 cyclone date 1999 cyclone images 1999 cyclone track 1999 cyclone in odisha name 1999 cyclone in odisha,highly_relevant
f71wfj8pjGw,hi,ABP News TV चक्रवाती तूफान दाना गुरुवार रात या शुक्रवार तड़के ओडिशा के,highly_relevant
9ErP6GKCXBM,en,Cyclone Dana Impact in Odisha,highly_relevant
v2eMNdvaBS0,hi,चक्रवात दाना 24 अक्टूबर की रात को उत्तरी ओडिशा और पश्चिम बंगाल के,highly_relevant
mDwpyYxEIrI,hi,ओडिशा मंत्री सूर्यवंशी सूरज ने चक्रवात दाना को लेकर कहा कि चक्रवात,highly_relevant
HrpM1CJiGWg,hi,Cyclone Dana in Odisha 120 किमी प्रति घंटे की रफ्तार से चलेंगी हवाएं ओडिशा में,highly_relevant
nDNOYcN0koU,en,Odisha और West Bengal में Cyclone DANA का Alert बंगाल,highly_relevant
iewrfN1DSto,hi,तूफान दाना बंगाल की खाड़ी से लगातार ओडिशा के तट की तरफ बढ़ रहा है।,highly_relevant
9lP7TT-U12U,hi,shorts ओडिशा के तट से टकराया चक्रवाती तूफान दाना,highly_relevant
ZbS4TWfCCFg,hi,Cyclone Dana बंगाल Bengal की खाड़ी से उठने वाला तूफान दाना लैंडफॉल Cyclone Dana,highly_relevant
IpMa-b7PIRE,en,Flood Alert पश्चिम बंगाल में बाढ़ का कहर West Bengal Weather Update Flood Alert,highly_relevant
JMQcL1ffync,hi,West Bengal Rain Flood News बंगाल में मेदिनीपुर में भारी बारिश के बाद बाढ़,highly_relevant
JKrwgDvzmxI,hi,पश्चिम बंगाल के मेदिनीपुर में लगातार हो रही बारिश के बाद बाढ़ जैसे,highly_relevant
hZhBb1zK5Fk,hi,West Bengal Flood News West Bengal में बिना बारिश के ही सड़कों पर सैलाब आ गया है,highly_relevant
YNLrkGPWqT8,hi,West Bengal में कई दिनों से हो रही लगातार बारिश से नदियों का जलस्तर बढ़,highly_relevant
#NAME?,hi,WestBengalFlood For more videos visit or,highly_relevant
FtrzlKCf5Qg,hi,पश्चिम बंगाल के पश्चिमी मेदिनीपुर जिले में भीषण बाढ़ लगातार बारिश,highly_relevant
eY8Po6ClMPg,hi,मानसून में देश भर में जमकर पानी बरस रहा है ये पानी कई लोगों के लिए अब,highly_relevant
qtiRCdQj8cY,hi,Sikkim Flood बाढ़ के कारण टूटा West Bengal और सिक्किम का संपर्क आपदा में 14,highly_relevant
emJFUdle-Is,hi,पश्चिम बंगाल में हुई भारी बारिश ने वहां के लोगों पर ऐसा कहर बरपाया कि,highly_relevant
sSEqHX_ssWY,hi,पश्चिम बंगाल में बाढ़ से बुरा हाल है हुगली जिले में हालात बद से बदतर,highly_relevant
3qeOEtX2sP8,hi,देश के अलग अलग हिस्सों में बाढ़ Flood के कारण हाल बेहाल हो रहा है,highly_relevant
Lm7gRvOEIpA,hi,Weather Update पश्चिम बंगाल में बाढ़ बारिश ने बढ़ाई परेशानी West Bengal Rainfall,highly_relevant
OaSCxijj8NY,en,2 bike riders were swept away by flood in West Bengal s Midnapur while attempting to cross a turbulent stream of water Watch to,relevant
yz5i5owna9E,en,Amid rains in the past few days in North Bengal and Sikkim today a concrete structure guarding the approach slope of one of the,relevant
npJf0vEIFwA,hi,पश्चिम बंगाल के चार जिले बाढ़ से बुरी तरह प्रभावित हैं पिछले कुछ,highly_relevant
iCA1_DgmcAg,en,देश के अलग अलग हिस्सों में बाढ़ Flood के कारण हाल बेहाल हो रहा है,highly_relevant
xFTPAtM5mmA,en,LIVE अपडेट के लिए TV9 News App डाउनलोड करें West Bengal Flood,highly_relevant
78CYAyFmC2U,hi,MadhyaPradeshRain देश के कई राज्य बाढ़ और बारिश की मार झेल,highly_relevant
glvSs_vds6o,en,With the flood situation in West Bengal s Malda thousands of people have become homeless Around 40 villages of West Bengal,relevant
BXABUNxdjks,hi,totaltv Visit To Website Visit To Twitter,highly_relevant
oromgqaL9vA,hi,LiveNewsInHindi पश्चिम बंगाल में आई बाढ़ को लेकर सियासत तेज हो,highly_relevant
l9bkrByZ1dA,en,PM Narendra Modi spoke to WB CM Mamata Banerjee on the flood situation caused by water discharge from dams in parts of the,relevant
FeCNzam-V3Q,hi,Bengal Flood 2021 पश्चिम बंगाल में बाढ़ जैसे हालात पर पीएम नरेंद्र और सीएम,highly_relevant
CmTkBOMZhyE,hi,भारी बारिश Heavy Rain से बंगाल के कई जिलों में बाढ़ Flood जैसे हालात हैं,highly_relevant
v1xHF_I-MrY,hi,देश का कुछ इलाका गर्मी से झुलस रहा है तो वहीं नेपाल पश्चिम बंगाल,highly_relevant
gbylQp3rcSY,hi,,highly_relevant
Trs5dSiNn2Y,hi,इन दिनों बारिश ने पूरे देशभर में कहर मचा रखा है जगह जगह से मानसूनी,highly_relevant
r1eE4MwClcA,hi,आधे भारत में बारिश का कहर लोगों की परेशानी का कारण बना हुआ है वहीं West,highly_relevant
IgkaLWz75tY,en,West Bengal First rains flood areas of Cooch Behar For more info log on to Watch ABP News,highly_relevant
movwgw-gJjg,en,West Bengal is suffering hard because of Floods People over there are facing several problems due to this Another Shocking,highly_relevant
fVjsLQriWnk,hi,Bengal Flood 2021 पश्चिम बंगाल में बाढ़ से अब तक 23 लोगों की मौत हो चुकी है और,highly_relevant
VQxCCkEpD2c,hi,Bengal Flood पश्चिम बंगाल में बीते दिनों से लगातार हो रही बारिश Bengal Rain,highly_relevant
SeGhHQhg4tA,hi,आधे भारत में बारिश का कहर लोगों की परेशानी का कारण बना हुआ है वहीं West,highly_relevant
HoSsFLhB0Xw,en,Due to incessant rains in parts of West Bengal a temporary bridge in Kanksa Shibpur of Bardhaman district was washed away,relevant
kSXNmzGjpS4,hi,रिपब्लिक का अब वही भरोसा हिंदी में भी जुड़ें सही और सटीक खबरों के,highly_relevant
zYof4_R-qY0,hi,पश्चिम बंगाल में बाढ़ Flood और वर्षा जनित कारणों से कम से कम 16 लोगों की,highly_relevant
CZOpv--M73E,hi,पश्चिम बंगाल का उत्तरी हिस्सा सिक्किम के साथ सीमा साझा करता है।,highly_relevant
zXNpOMvLNfM,hi,West Bengal Flood झारखंड पश्चिम बंगाल बॉर्डर होगा बंद तिलमिला गईं ममता,highly_relevant
Kg4zDdouIXg,en,Super 100 Live Flood In India UCC Politics Gyanvapi Case West Bengal Election July 2023 उत्तर भारत में,highly_relevant
H_Lfad3rf_8,hi,बारिश से देशभर में हाहाकार मचा हुआ है। पश्चिम बंगाल में भी तबाही,highly_relevant
DbL4q2Kj1iM,en,IN West Bengal s Jalpaiguri water is everywhere The streets have turned into streams whereas the residential areas are full of,highly_relevant
dAeqQfO1Cuk,hi,West Bengal Rains पश्चिम मेदिनीपुर में बाढ़ का कहर घर रास्ते सब पानी में,highly_relevant
pHeFHsDh6tA,hi,पश्चिम बंगाल West Bengal के मालदा Malda और मुर्शिदाबाद Murshidabad जिलों में,highly_relevant
lv2Kh8gg3T8,en,Cyclone Komen engulfs India flood like situation in Kolkata West Bengal For latest breaking news other top stories log on to,highly_relevant
zV_q8iTlbT4,en,Flood situation in the states of Gujarat and Rajasthan remained grim as there was no let up in monsoon fury In West Bengal the,highly_relevant
OVzhQEBRQTE,en,Several Indian states are facing massive floods Army has been deployed in many cities and town Rescue operations are being,relevant
qTUdFzu5ArU,hi,LIVE अपडेट के लिए TV9 News App डाउनलोड करें पश्चिम,highly_relevant
6Ucjl_dIDd8,hi,उत्तरी सिक्किम North Sikkim में ल्होनक झील Lhonak Lake पर अचानक बादल फटने से,highly_relevant
OmjafvE1VMw,hi,भारी बारिश के कहर से पश्चिम बंगाल का हाल बेहाल है बंगाल के कई शहरों,highly_relevant
OEIlwjYSDsY,en,FirstIndiaNews,highly_relevant
g8MJx1buVHs,en,West Bengal Flood बंगाल के कई ज़िलों में बाढ़ Hooghly Mamata banerjee Weather Many districts of,highly_relevant
vTDoGLU54g8,hi,,highly_relevant
YjGrLLrjxEM,en,Monsoon has knocked in many states of the country Due to which the rainy season is continuing in the northeastern state,highly_relevant
CMrL9erYftI,hi,पश्चिम बंगाल की हुगली नदी में हादसा पानी के तेज बहाव में बहे लोग,not_relevant
UhlQl75VYDY,en,Bengal Flood Video पश्चिम बंगाल की सीएम ममता बनर्जी ने मंगलवार को बाढ़,highly_relevant
rbl-_AVvXzA,en,National Disaster Response Force NDRF is known for saving lives of people in flood affected areas in West Bengal In such a,relevant
_H6tjJhGV1s,hi,West Bengal Flood पश्चिम बंगाल में 5 दिनों में बाढ़ के कारण भयावह स्थिति बनी,highly_relevant
Sr-_vhL9S1k,en,westbengal DD News 24x7 Breaking News Latest Updates Live Updates News in Hindi,highly_relevant
_ZuUo6XnuAc,hi,पश्चिम बंगाल से आई जलभराव की तस्वीरें आपको चौंका देंगी लगातार,highly_relevant
kOlMbvAtuFM,en,About Channel Amar Ujala अमर उजाला is one of the most respected leading and largest Hindi news daily channel,not_relevant
jV5pDuTy9Xo,en,West Bengal Panchayat Election Delhi Rains Flood Maharashtra Politics UCC War News पश्चिम बंगाल,highly_relevant
jJ-XvSYVGlU,en,WestBengalFlood Subscribe to ABP NEWS HINDI,highly_relevant
ZMJhBTu1aAY,en,breakingnews पश्चिम,highly_relevant
Y_sGMVHaleM,en,Several districts in West Bengal like Birbhum Murshidabad and Hooghly districts are facing flood like situation Midnapore Nadia,highly_relevant
YEx3kdsqPk0,en,This segment brings you an update on the flood situation prevailing in different parts of the country Flood fury continues in Gujarat,relevant
0a8DeIflfMI,hi,westbengal,highly_relevant
HeSD0TzyFsE,hi,MPRain भारी बारिश के कारण देश के ज्यातर हिस्सों में,highly_relevant
QTCLQU1hSr4,en,The discharge of water from reservoirs on the Damodar river and Ajay river have worsened the flood situation in West Bengal,highly_relevant
uSaclomwCCA,en,This segment features 20 stories on how Watch how flood has affected Bihar Assam West Bengal and UP in 20 stories Watch full,highly_relevant
MUo8nh_MUME,en,news24livetv Sikkim Flash Flood Sikkim में बादल फटने से बाढ़ West Bengal की बढ़,highly_relevant
OLiSzbtz24w,hi,पश्चिम बंगाल के कई जिले भयंकर बाढ़ की चपेट में हैं। बाढ़ की चपेट में,highly_relevant
cZ7_yC4llbk,hi,UP से Bengal तक देशभर में मॉनसून की जोरदार बारिश हो रही है कई राज्यों,highly_relevant
3uoeVDyIzQs,en,Kolkata Rain पहाड़ों पर तो आसमानी आफत बरस ही रही है इसके अलावा अब कोलकाता,highly_relevant
qeV47hlHsZo,hi,पश्चिम बंगाल की मुख्यमंत्री ममता बनर्जी ने पश्चिम मेदिनीपुर के घाटल में बाढ़ प्रभावित इलाकों के लिए केंद्र,highly_relevant
JRJ5BNkneMA,hi,hindinewsvideo पश्चिम मेदिनीपुर में,highly_relevant
FHFNnxmtUzg,hi,हिंदुस्तान में बाढ़ से भारी तबाही मची है आधे से ज्यादा देश बारिश और,highly_relevant
gfdIE5RUUXg,hi,westbengal पश्चिम बंगाल में रात भर हुई भारी बारिश,highly_relevant
CaqX35S_vQc,hi,पश्चिम बंगाल की मुख्यमंत्री ममता बनर्जी ने राज्य के कई जिलों मेंआई,highly_relevant
hqDWHeTRApg,hi,IMD Rainfall Alert बंगाल की खाड़ी के ऊपर बना कम दबाव का क्षेत्र अब गहरे दबाव,highly_relevant
OPCAzCNeidQ,hi,भारी बारिश के कहर से West Bengal का हाल बेहाल है Bengal के कई शहरों में सैलाब,highly_relevant
I-DVJ3YfJus,en,FloodInBengal Disclaimer The information presented in this video is based on the floods in,highly_relevant
TUdirkuafFk,hi,News लेकिन खौफ ये तस्वीर भी कम डरावनी नहीं हैं जो पश्चिम बंगाल के,highly_relevant
WBcO45WYRc4,hi,पश्चिम बंगाल के जलपाईगुड़ी में हादसा दुर्गा विसर्जन के वक़्त नदी,not_relevant
KE8sJR10oko,hi,बीते कुछ दिनों से Bihar Assam और West Bengal में तेज बारिश हो रही है इससे Bihar और,highly_relevant
ef3GiChM3LU,en,बंगाल बना मिनी पाकिस्तान west bengal violence mamata banerjee Suvendu Adhikari BJP,not_relevant
D4gIr3YF41I,hi,आजतक के साथ देखिये देश विदेश की सभी महत्वपूर्ण और बड़ी खबरें Watch the,highly_relevant
3aXpCPPCzvk,en,There was a huge uproar in the West Bengal Assembly on Thursday There was a clash between the workers of Bharatiya Janata,not_relevant
Kd4absot26I,hi,,highly_relevant
6LSzEZaVz94,hi,पश्चिम बंगाल में तेज बारिश के बाद बाढ़ ने बढ़ाई परेशानी हेलिकॉप्टर,highly_relevant
oce0TOTofZo,hi,पश्चिम बंगाल में आई बाढ़ को लेकर सियासत तेज हो गई है इसका असर,highly_relevant
JD-xlsHcw4c,en,West Bengal Flood Alert पश्चिम मेदिनीपुर में बाढ़ जैसे हालात Heavy Rain Havoc,highly_relevant
dujfjQuCQGE,hi,पश्चिम बंगाल और उसके आस पास के जिलों में इस वक्त बारिश हो रही है,highly_relevant
L5wZAL3OzV4,en,A flood warning has been issued to Uttar Pradesh Bihar Assam and West Bengal due to possibility of heavy rainfall in the,highly_relevant
MTitky1JuVY,hi,पश्चिम बंगाल West Bengal के कई इलाकों में बारिश के कारण बाढ़ जैसे हालात,highly_relevant
vQTDYIhEze0,hi,westbengal Bansal News is an popular news channel Streams the news,highly_relevant
iTMmxAbU3h4,hi,जलपाईगुड़ी में दुर्गा विसर्जन के दौरान मल नदी में अचानक आई बाढ़ 7,highly_relevant
jZqlZn8TQxY,hi,देश के 4 राज्यों बिहार यूपी असम पश्चिम बंगाल में तबाही मचानी शुरू कर,highly_relevant
lbctS_uB1oo,hi,Political Uproar Due to Floods बंगाल बाढ़ पर गुस्साई ममता बनर्जी का PM मोदी को खत,highly_relevant
wLbk0pG0Ie8,hi,West Bengal Flood पश्चिम मेदिनीपुर के घाटल में बाढ़ का कहर घर छोड़कर जाने,highly_relevant
43Mxad7yXks,en,Effect of Biporjoy Cyclone in Gujarat बिपरजॉय तूफान ने उखाड़ा पेड़,highly_relevant
hqcTTIxVbik,hi,गुजरात में चक्रवात बिपारजॉय के चलते भारी नुकसान हुआ है कच्छ राजकोट,highly_relevant
gd9y35DHMSc,hi,रौद्र रूप लेने लगा चक्रवाती तूफान बिपरजॉय मौसम विभाग ने जारी किया,highly_relevant
jvUc4nA-Odc,hi,Biporjoy Cyclone आज गुजरात Gujarat के समुद्री किनारों से चक्रवात बिपरजॉय,highly_relevant
wfQuyz-uhwU,en,Cyclone Biparjoy made landfall in Gujarat at Jakhau Port in the Kutch area on June 15 hitting the state with winds of around 115,highly_relevant
Qyoelyw7wFo,hi,Cyclone Biparjoy चक्रवाती तूफान बिपरजॉय के गुजरात की ओर तेजी से बढ़ने की,highly_relevant
53B2x7GlhXE,en,TauktaeCyclone मौसम विभाग ने किया सतर्क ताउते चक्रवात,highly_relevant
IwvHh47bRV0,hi,भारत में पहले तूफान आते थे तो हजारों लोगों की जान जाती थी लेकिन,highly_relevant
1PgXtnnaaiI,hi,अरब सागर से उठा चक्रवाती तूफान बिपरजॉय Cyclone Biparjoy अपना कहर बरपाना,highly_relevant
iv1tlJ-_5fI,hi,Cyclone Landfall Video गुजरात के द्वारका में चक्रवात बिपरजॉय का असर Gujarat News,highly_relevant
XKA7vjc74vg,hi,अरब सागर से उठा ताकतवर तूफान बिपरजॉय़ चौबीस घंटे बाद गुजरात के तट से,highly_relevant
FJkYTli_1Ts,hi,Biparjoy Cyclone Updates चक्रवाती तूफान Biparjoy गुजरात तट से टकरा गया है भारत,highly_relevant
QTsTLEBAw3Y,hi,Cyclone Biparjoy Updates चक्रवाती तूफान बिपरजॉय गुजरात तट से टकरा गया है तट पर,highly_relevant
8XifuW02JY4,hi,Cyclone Biparjoy एक अधिकारी ने रविवार को बताया कि 13 से 15 जून के बीच भारी,highly_relevant
vAKMZN5_qLM,hi,Cyclone Biparjoy चक्रवात बिपरजॉय आने से पहले ही गुजरात में उठा तूफान Amit Shah,highly_relevant
miXrneFoeMc,hi,गुजरात की तरफ तेजी से बढ रहा महातूफान बिपरजॉय अब सिर्फ 140 किलोमीटर,highly_relevant
mRtRSv2ggSU,hi,Cyclone Biparjoy Update चक्रवाती तूफान बिपरजॉय कमजोर पड़ता दिख रहा है मौसम,highly_relevant
mz9zoPvs_w0,hi,biparjoycyclone गुजरात इस वक्त दोहरी मुसीबत से गुज़र रहा,highly_relevant
8-UiK2sc8j8,hi,CycloneShaheen चक्रवाती तूफान Gulab के बाद देश में एक और Cyclone,highly_relevant
dR9MiTF_WIA,en,Gujarat Cyclone Vayu Update Storm Deviates चक्रवात वायु से गुजरात में खतरा कम बदला,highly_relevant
hz34WnHSTdg,en,Cyclone Biparjoy Live Gujarat की तरफ बढ़ते चक्रवात तूफान बिपरजॉय को देखिए Live,highly_relevant
mm9ID1GYQHI,hi,Cyclone Tauktae से Gujarat में तबाही 3 की मौत 24 से ज्यादा गांवों में बिजली गुल,highly_relevant
XAcsffowx6A,hi,चक्रवात ताउते का असर कुछ राज्यों में देखने को मिल रहा है। मुंबई में,highly_relevant
uvbY8YukEqA,en,The cyclone Vayu is expected to make a landfall in Gujarat and Home Minister Amit Shah directed officials to ensure all possible,relevant
oohjyW5Izy4,en,The landfall process of the eye of extremely severe cyclonic storm Tauktae which hit the Gujarat coast in Saurashtra region,highly_relevant
o1e4gerIwbI,hi,गुजरात में बिपरजॉय नाम के तूफान का बड़ा खतरा मंडरा रहा है। अलर्ट है,highly_relevant
j2NSeQQBLr8,hi,shorts,highly_relevant
BL90BfDrKXk,hi,चक्रवाती तूफान बिपरजॉय के आगे बढ़ने के साथ साथ हवाओं की रफ्तार,highly_relevant
PWQt4vSk8dM,en,Cyclone Biparjoy इन जगह से टकराएगा चक्रवात तूफान बिपरजॉय Gujarat Maharashtra,highly_relevant
xcwasWiGqLo,hi,दो दिन तांडव मचाने के बाद चक्रवाती तूफान ताउते अब कमजोर पड़ने लगा है,highly_relevant
v0CWCc2Xoio,hi,Cyclone Biparjoy Updates अरब सागर में उठे चक्रवाती तूफान बिपरजॉय ने रफ्तार,highly_relevant
9EiQCyKOXXU,hi,ऐसे ही और दिलचस्प वीडियो देखने के लिए चैनल सब्सक्राइब ज़रूर करें,highly_relevant
WAG3yN2JKl8,hi,cyclonebiparjoy Cyclone Biparjoy चक्रवाती तूफान बिपरजॉय का असर अब,highly_relevant
2FjqAe3mfSQ,en,Cyclone Biparjoy Live Updates बीते कुछ दिनों से देश भर में जिस चक्रवाती तूफान,highly_relevant
qfov7HuMOCU,en,The cyclone Vayu is expected to make a landfall in Gujarat and Home Minister Amit Shah directed officials to ensure all possible,relevant
qrXceIKq7N4,hi,Cyclone Biparjoy भयंकर चक्रवाती तूफान बिपरजॉय ने बदला रास्ता गुजरात में,highly_relevant
Afq89swy9rI,hi,Cyclone Biparjoy LIVE Updates Gujarat के तटीय इलाके से थोड़ी देर में टकरा सकता है,highly_relevant
0NPzwDLMrto,en,Biparjoy Cyclone Latest Updates चक्रवाती तूफान बिपरजॉय Cyclone Biparjoy गुजरात तट Gujarat,highly_relevant
#NAME?,hi,गुजरात पर मंडरा रहा है महातूफान बिपरडजॉय का खतरा तूफान पल पसल करीब,highly_relevant
RkmOZuVSQl4,hi,Biporjoy Cyclone Gujarat Maharashtra में चक्रवात बेतहाशा बारिश । मैदान बूंद बूंद को,highly_relevant
jPMVQ7GB528,hi,Cyclone Biporjoy चक्रवाती तूफान बिपरजॉय ने अपनी रहतार बढ़ा ली है और यह और,highly_relevant
1AORvy7bWgE,hi,सुपर साइक्लोन बिपरजॉय का असर गुजरात के बाद अलग अलग शहरों में भी देखा,highly_relevant
goNJELsVIeM,en,shortvideo,highly_relevant
phPZJR5FkGk,hi,कैसे ये चक्रवाती तूफान गुजरात के तटीय इलाकों में टकराएगा। उसकी,highly_relevant
hfNFWU8y0pI,hi,cyclone Cyclone Biparjoy चक्रवाती तूफान बिपरजॉय,highly_relevant
L7CIhqhLJFg,hi,गुजरात के कच्छ में टकराने के बाद सुपर साइक्लोन बिपरजॉय अब,highly_relevant
k8f5HxZEO98,hi,अरब सागर में उठा चक्रवाती तूफान बिपरजॉय 15 जून को गुजरात के कच्छ से,highly_relevant
vb6chYT9YbE,hi,चक्रवात बिपरजॉय को लेकर खतरा अभी टला नहीं है। गुजरात सरकार अलर्ट पर,highly_relevant
MSZiHwE6l9Y,hi,Biparjoy Cyclone Updates अरब सागर से उठा तूफान बिपरजॉय गुजरात Gujarat में आज शाम,highly_relevant
0vzhx5m2QxA,en,Breaking News आज गुजरात के तट से टकराएगा चक्रवात Biparjoy Cyclone Gujarat Hindi News,highly_relevant
p2qrOtYPJ-4,hi,Biporjoy Cyclone आज गुजरात Gujarat के समुद्री किनारों से चक्रवात बिपरजॉय,highly_relevant
YfmmBooBfvg,hi,अरब सागर से उठा ताकतवर तूफान बिपरजॉय़ चौबीस घंटे बाद गुजरात के तट से,highly_relevant
scJ5q1MNxGQ,hi,cyclone,highly_relevant
dkwRYJWi73U,hi,चक्रवाती तूफान तौकते cyclone Tauktae ने बीते दिन Maharashtra में अपना असर,highly_relevant
WHHMp16lTHg,hi,बिपरजॉय तूफान Biparjoy Cyclone का असर गुजरात के कई इलाकों में देखने को मिल,highly_relevant
IaoKJR4N52w,hi,महातूफान Biporjoy Cyclone Biporjoy को लेकर कई राज्यों में हाई अलर्ट जारी कर,highly_relevant
L8_uwBkIwBs,hi,cyclone Cyclone Biparjoy चक्रवाती तूफान बिपरजॉय,highly_relevant
plxZ2SnO0SE,hi,Cyclone Tauktae अरब सागर में उठा चक्रवाती तूफान ताउते लगातार ताकतवार हो,highly_relevant
SzjvKVX7en8,hi,पिछले एक हफ्ते से गुजरात के लिए चुनौती बना चक्रवात आज यानि कि 15 जून,highly_relevant
BOV8fxo2hh4,hi,तूफान के आने के पहले ही तेज हवाओं ने कहर बरपाना शुरु कर दिया है कहीं,highly_relevant
r1w2Jw_FW9U,hi,भीषण तबाही मचाने के बाद बिपरजॉय तूफान गुजरात की सीमा को पार कर चुका,highly_relevant
BTX7EHdG9-0,hi,Breaking News गुजरात में आंधी तूफान का कहर कार पर गिरे हॉर्डिंग Gujarat Rainfall,highly_relevant
KE9zYMoD1yY,en,Cyclone Biparjoy Updates Gujarat में Biporjoy Landing को लेकर IMD का Alert डराने वाला है,highly_relevant
NZJS8RAwOrE,en,Biparjoy Cyclone ने Gujarat के कई जिलों में तबाही मचाई है Biparjoy तूफान का भुज से,highly_relevant
HGsWe3fapv8,hi,The Breakfast Show आज गुजरात के तट से टकराएगा चक्रवात बिपरजॉय Gujarat Cyclone 2023,highly_relevant
#NAME?,hi,TNNB Live सुपर साइक्लोन बिपरजॉय ने गुजरात में भारी तबाही मचाई है,highly_relevant
HNI-m1ppjc8,en,pmmodi,highly_relevant
7f8Mk-qnWkE,en,cyclone Cyclone Biparjoy Live News चक्रवाती तूफान बिपरजॉय तेज,highly_relevant
nXQNWDhvQT0,en,cyclone Cyclone Biparjoy से पहले Gujarat में Alert समंदर में उठी ऊंची लहरें,highly_relevant
MGDJedAX6Ho,en,TNNB Live Cyclone Biparjoy Alert आज Gujarat के तट से टकराएगा महातूफान Biparjoy 135,highly_relevant
hsW90CzxFsk,hi,Gujarat में कहर बरपाने के बाद Biparjoy Cyclone अब Rajasthan में दिखाएगा रौद्र रूप,highly_relevant
KqDMGMOlA9E,hi,Cyclone Tauktae Update Mumbai से लेकर Gujrat तक चक्रवात से तबाही मचा रखी है हो रही,highly_relevant
hB4cQaKn28M,hi,Cyclone Biparjoy Updates चक्रवाती तूफान Biparjoy गुजरात तट से टकरा गया है भारत,highly_relevant
_IwrvNU1QUk,en,Cyclone Biparjoy Updates Red alert in Saurashtra Kutch coasts over 37000 evacuated in Gujarat गुजरात के तटीय,relevant
Gn2_jWPlCtY,hi,प्रधानमंत्री मोदी ने गुजरात के मुख्यमंत्री भूपेंद्र पटेल से फोन पर,highly_relevant
3axvP6XUw7s,hi,Cyclone Biparjoy Alert आज Gujarat के तट से टकराएगा महातूफान Biparjoy 135 किलोमीटर प्रति,highly_relevant
8YWKA_bXsTw,hi,Gujarat चक्रवात बिपारजॉय के कारण गुजरात के बंदरगाहों को सावधान रहने के,highly_relevant
4lZs8UOSqwA,hi,दक्षिण पूर्व अरब सागर से उठा चक्रवाती तूफान बिपरजॉय एक दिन पहले,highly_relevant
4fcehtkO5g4,en,Cyclone Biparjoy Updates चक्रवाती तूफान बिपरजॉय Cyclone Biparjoy गुजरात तट Gujarat Coast,highly_relevant
IRFOsiOnC5U,hi,मौसम विभाग लगातार इस साइक्लोन को लेकर अलग अलग वक्त में बुलेटिन जारी,highly_relevant
DhlSl98sCik,hi,बिपरजॉय तूफान का प्रभाव भले ही कम हो गया है लेकिन प्रशासन ने लोगों के,highly_relevant
1QQqj5BoHCI,en,Live विकराल रूप ले रहा है बिपरजॉय चक्रवात Cyclone Biparjoye Gujarat IMD NDRF,highly_relevant
DH8RscoIUqE,hi,gujarat चक्रवात,highly_relevant
V28v93VEjmo,en,Biparjoy Cyclone Gujarat में 140 km h की speed से टकराने के बाद बिपरजॉय तूफान ने अपना,highly_relevant
aR13T9DcPbA,hi,गुजरात में चक्रवात बिपरजॉय से पहले शुरू हुई तेज बारिश 30 हजार लोग,highly_relevant
iHw4xxR80po,en,Daily Briefing Hindi 15 06 2023,not_relevant
upZP8J5cGZs,hi,गुजरात के कच्छ के जखाऊ पोर्ट पर लैंडफॉल की शुरुआत हो चुकी है तूफान,highly_relevant
e3thzaBKNis,hi,बस कुछ घंटे बाद बिपरजॉय नाम का तूफान गुजरात के तटीय इलाके से टकराएगा,highly_relevant
uR7Wa8BSENw,hi,चक्रवात बिपोर्जॉय Cyclone Biporjoy का खतरा लगातार बढ़ता जा रहा है।,highly_relevant
3FDQC75GTN8,hi,विकराल चक्रवाती तूफान में तब्दील होने वाले ताऊते ने महाराष्ट्र के,highly_relevant
UNeK7b6XV90,hi,गुजरात की ओर 150 किलोमीटर की रफ्तार से बढ़ रहे चक्रवाती तूफान वायु ने,highly_relevant
JuwZPmmPAEw,en,Cyclone Vayu hits Gujarat and the State Government evacuated 3 Lakh People from low lying areas of Gujarat and 10000 from,relevant
8wxuWydYnoc,hi,biparjoy Cyclone Biparjoy चक्रवात बिपरजॉय का,highly_relevant
VrBZM8ptxqE,hi,Cyclone Biparjoy Update गुजरात में उठे बिपरजॉय तूफान ने पुरे देश में भूचाल में,highly_relevant
mk5eHaTeObw,en,Cyclone Vayu is likely to recurve and hit the Kutch coast of Gujarat a top official of the ministry of earth science The intensity of,relevant
Z7sL7UIbJ6U,hi,चक्रवात तौकते बहुत गंभीर चक्रवाती तूफान में बदल गया है और वह,highly_relevant
R2V1fs1yb2U,hi,CyclonevayuinGujarat गुजरात में 13 जून को आने वाले वायु तूफान,highly_relevant
qSRLWLwzSkA,hi,जब बिपरजॉय साइक्लोन प्रचंड वेग में भयानक रूप अख्तियार कर गुजरात की,highly_relevant
j_X3RX586MY,hi,महाराष्ट्र में मूसलाधार बारिश के कारण बाढ़ ने हाहाकार मचा दिया है।,highly_relevant
1apb8ignOhE,hi,महाराष्ट्र में भारी बारिश के कारण कई शहरों में बाढ़ जैसे हालात हैं।,highly_relevant
d6eS5_r4RxA,hi,महाराष्ट्र के कई शहरों में मॉनसूनी बरसात के बाद हालात बिगड़ गए हैं।,highly_relevant
IqThh7LQ_-g,en,Gujarat Flood Update गुजरात और महाराष्ट्र में आई बाढ़ Maharashtra Rain Weather Flood,highly_relevant
mjuLxuHUlVA,hi,महाराष्ट्र में भारी बारिश के बाद कई जिलों में हालात खराब हैं। पुणे,highly_relevant
glC5WvZzORE,hi,बाढ़ में 200 फंसे 5 बहे न्यूज़18,highly_relevant
TtEWnrceQqg,hi,Mumbai Rain महाराष्ट्र के कई इलाकों में लगातार हो रही बारिश ने लोगों की,highly_relevant
MaoPM7u54Pw,hi,महाराष्ट्र में बाढ़ और बारिश के कारण अब तक 112 लोगों की जान चली गई है,highly_relevant
_fNSf9oprnk,en,LiveNewsInHindi Weather Flood Maharashtra में मौसम की मार Sangli से Gadchiroli तक,highly_relevant
DkaC_SVo23U,hi,Mumbai Flood Red Alert LIVE मुंबई में बाढ़ से भीषण बर्बादी तबाही का रेड अलर्ट,highly_relevant
H2Up1p1zrkw,hi,महाराष्ट्र और झारखंड में जोरदार बरसात के बाद कई शहरों में हालात,highly_relevant
OIrHOYvznXA,en,Flood News भारी बारिश से महाराष्ट्र में बाढ़ Maharashtra Rain Alert Weather,highly_relevant
2mCPxY6j4bs,hi,गुजरात के नवसारी गांव में बाढ़ के हालात हैं राजस्थान के पाली में,highly_relevant
3Gzsfj4HKmk,hi,Maharashtra Flood महाराष्ट्र में भारी बारिश और बाढ़ ने एक व्यक्ति की जान ले,highly_relevant
_UUtqNp6EEs,hi,Maharashtra Viral Video बाढ़ ने लील ली एक शख्स की जान देखिए Shorts शनिवार शाम,highly_relevant
w68s61dmfn8,hi,देश के कई हिस्सों में हुई भारी बारिश Heavy Rain के बाद आई बाढ़ Flood से,highly_relevant
NHRzLPaW3Oo,hi,Mumbai Flood Update मुंबई में बाढ़ से तबाही का खौफनाक मंजर देख रूह कांप,highly_relevant
wRVtZaJCc3w,hi,Maharashtra Floods महाराष्ट्र में बाढ़ का कहर नदियां उफान पर बांध से छोड़ा,highly_relevant
LrlPpjX2KOE,hi,Mumbai Rain महाराष्ट्र में भारी बारिश ने आम जनजीवन अस्त व्यस्त कर दिया,highly_relevant
1tFFJWzB08c,en,Maharashtra Flood नासिक में बाढ़ जैसे हालात Heavy Rain Nasik Gangapur Dam Hindi News,highly_relevant
lt6UI6p_Em0,en,Mumbai has got some relief from the torrential rains of a few days but behind this relief there are deep marks of devastation,relevant
wqdEHNZoHLM,hi,बाढ़ से प्रभावित महाराष्ट्र Maharashtra गुजरात Gujarat मध्य प्रदेश Madhya,highly_relevant
iLpEbfVbAOI,hi,महाराष्ट्र के तमाम जिले मूसलाधार बारिश के बीच भारी जल भराव और बाढ़,highly_relevant
Vb2DJ93DMqM,hi,MaharashtraLandslide पश्चिमी और तटीय Maharashtra में पिछले 24,highly_relevant
HteNVjJQIIY,hi,Mumbai Flood Big Alert Breaking LIVE मुंबई अब पूरे महाराष्ट्र में बाढ़ से भीषण,highly_relevant
Ej6HUdMIr4A,hi,एमपी से लेकर महाराष्ट्र तक बाढ ने कहर बरपा दिया है। महाराष्ट्र के,highly_relevant
fiRE-mxQEaI,hi,Mumbai Heavy Rain News महाराष्ट्र से बाढ़ का आया हैरान कर देने वाला वीडियो,highly_relevant
moED3rb3wDg,hi,महाराष्ट्र में भारी बारिश से जन जीवन अस्त व्यस्त हो रखा है सबसे पहले,highly_relevant
pXv1KWpzbsU,hi,महाराष्ट्र के शिलफाटा में बाढ़ का कहर,highly_relevant
KxtglxKyQ9Q,hi,महाराष्ट्र के तमाम जिले मूसलाधार बारिश के बीच भारी जल भराव और बाढ़,highly_relevant
ocnUZz7lA5Y,hi,High Tide Warning In Mumbai गुजरात छ्त्तीसगढ़ महाराष्ट्र बर्बादी की बाढ़,highly_relevant
pXRfX82_hZk,hi,गुजरात और महाराष्ट्र के कई जिलों में बाढ़ और बारिश ने लोगों की,highly_relevant
Vdwlr4RUaug,hi,Mumbai Rain देश की आर्थिक राजधानी और सपनों की नगरी मुंबई में लगातार हो,highly_relevant
C02-GHSETw0,hi,देश के अलग अलग राज्यों में बारिश बाढ़ से तबाही मची है राजस्थान में,highly_relevant
KLLgQbrIfEA,hi,मुंबई में बाढ़ जैसे हालात कोलाबा में बारिश का 46 साल का रिकॉर्ड टूटा,highly_relevant
uNF2OZ_qVtI,hi,महाराष्ट्र में लगातार हो रही बारिश Heavy Rainfall in Maharashtra से कई शहरों और,highly_relevant
1zvsrL5qH64,en,Mumbai Flood Update Live मुंबई से ताजा हालात Mumbai Rain Update Maharashtra Latest News,highly_relevant
rukLU9R8cEI,en,Mumbai Flood Video मुंबई Mumbai Flood News एक ऐसा शहर जो कभी रुकता नहीं थमता नहीं,highly_relevant
Vkj6Ehdnsss,en,बाढ़ आने से नदी में फंसे तीन बच्चे Maharashtra Flood Alert Sau Baat Ki Ek Baat,highly_relevant
uKGno-IrtPU,en,mumbaiheavyrain Mumbai Heavy Rain महाराष्ट्र के मुंबई में भारी,highly_relevant
RSffe1mDNzc,hi,भारत में मॉनसून की बारिश ने कई राज्यों का हाल बेहाल कर दिया है मैदान,highly_relevant
35b6T0TYsPs,hi,भारत के कई राज्य इस वक्त बाढ़ और बारिश से जूझ रहे हैं उत्तर प्रदेश,highly_relevant
hDXfLlBTw4M,hi,shorts Mumbai 26 July 2005 Rain Mumbai Flood मिठी कोपली मुंबई बुडाली नेमकं काय घडलं,highly_relevant
SoR8jgSwS94,hi,Maharashtra में भीषण बारिश और बाढ़ के कारण 6 जिले पूरी तरह तबाह हो गए हैं,highly_relevant
8JoOPM8BFcA,hi,Maharashtra flood news पालघर में नगीं में फंसा शख्स,highly_relevant
5DPWkFojJiA,en,Mumbai Heavy Rain मुंबई में बाढ़ से तबाही Weather Update,highly_relevant
2pLBdXudsYM,en,Nagpur Flood डूब गया बय स्टैंड Weather Heavy Rain Waterlogging Maharashtra N18S बीती,highly_relevant
1FWoa4BVwrU,hi,मानसून के सक्रिय होने के कारण मौसम विभाग ने महाराष्ट्र के विभिन्न,highly_relevant
uEpB1sqGHRE,hi,मुंबई की भारी बारिश 16 तस्वीरों में सड़कें रेलवे ट्रैक और निचले,highly_relevant
3uiD-tSzyA8,hi,महाराष्ट्र Maharashtra के कुछ जिलों के कई इलाकों में लगातार बारिश की वजह,highly_relevant
obbTt3_3uoA,hi,Maharashtra Flood आसमान से बरसती आफ़त के बीच महाराष्ट्र मेंराहत और बचाव के,highly_relevant
Okkc2Quk938,en,Mumbai Flood Update Live मुंबई में बाढ़ Mumbai Heavy Rain Maharashtra Latest News,highly_relevant
y_r73Bx6eHU,en,Mumbai Juhu Beach पर 5 लड़के समुद्र में बहे Biparjoy Cyclone Trending Maharashtra,highly_relevant
d9aWAzCYuVg,hi,Flood News महाराष्ट्र के भी कई इलाकों में बाढ़ बारिश से बेबस जिंदगी TV9,highly_relevant
-1BUjcAbNGc,hi,Mumbai Flood घुटनों तक पानी बढ़ी परेशानी मुंबई का बुरा हाल देख खड़े हो,highly_relevant
GYUuK-N3FmE,en,Heavy Rain Flood LIVE Monsoon का कहर Gujarat Madhya Pradesh Maharashtra में बाढ़ से हाहाकार,highly_relevant
sXyS9bXoV14,hi,महाराष्ट्र Maharashtra में लगातार बारिश से कई जिलों में बाढ़ जैसे हालात,highly_relevant
kPHqoIuFgtc,hi,Heavy Flood In Maharashtra महाराष्ट्र में बाढ़ से भीषण तबाही भयानक तस्वीरें,highly_relevant
5pCBxuzu59w,hi,Maharashtra Flood and Landslide महाराष्ट्र बीते 3 दिनों से भारी बारिश बाढ़ और,highly_relevant
p4bHv2pChPw,hi,मुंबई में हो रही भारी बारिश हमें 26 जुलाई 2005 की विनाशकारी बाढ़ की याद,highly_relevant
2lc22rd3W2s,hi,Maharashtra Heavy Rains महाराष्ट्र की राजधानी मुंबई में हो रही लगातार बारिश,highly_relevant
ZiBH1ktvy44,hi,Nashik Godavari Flood नाशिक में बारिश का कहर गोदावरी नदी पूरे उफान पर Maharashtra,highly_relevant
Bb62_nqBk8U,hi,मॉनसूनी बारिश आफत बनकर बरस रही है पहाड़ी इलाकों से लेकर मैदानी,highly_relevant
#NAME?,hi,,highly_relevant
5b68Gg2NP3o,hi,Heavy Rain In Mumbai आधा हिंदुस्तान इस वक्त बारिश से बेहाल है बाढ़ से दिल्ली,highly_relevant
ZhAIBRjMigo,hi,Maharashtra News नांदेड में भारी बारिश से मचा कोहराम Flood Heavy Rain,highly_relevant
HJ7JkKJSJb0,hi,Mumbai Rain Alert महाराष्ट्र के कई शहरों में बाढ़ जैसे हालात लोगों की बढ़ी,highly_relevant
1-ndKdtHDig,en,Mumbai Flood Update Live मुंबई में बाढ़ Mumbai Heavy Rain Maharashtra Latest News Rain LIVE,highly_relevant
q-wF1a4byFg,hi,महाराष्ट्र में बाढ़ से तबाही मुंबई में इमारत गिरने से 3 की मौत,highly_relevant
HVblFOBnNKU,hi,Nanded Flood महाराष्ट्र के नांदेड ज़िले में आई भीषण बाढ़ ने हसनाळ गांव,highly_relevant
V_z1GaxGlEU,hi,Flood in India India में हाल ही में आई बाढ़ से बड़ी तबाही हुई है। भारत के कई शहर,highly_relevant
VINUkMSUZ-0,hi,Punjab Flood पंजाब में पानी का प्रचंड प्रहार बाढ़ बारिश से मचा हाहाकार,highly_relevant
f0bqnjwbGQM,hi,Mumbai Flood Big Alert Breaking बेमौसम बरसात से डूब गई मुंबई वीडियो चौंका देगा,highly_relevant
KN4ObSUdoG0,en,LiveNewsInHindi Weather Flood UP Uttarakhand से Maharashtra तक बारिश बाढ़ का कहर,highly_relevant
Wa-wvi-PUSw,hi,Mumbai Rain रेलवे पटरी पर भरा पानी बारिश का तांडव,highly_relevant
xZGNpr25NCY,hi,आधे हिंदुस्तान में बारिश और बाढ़ का कहर जारी है महाराष्ट्र कर्नाटक,highly_relevant
gTVXsSex3x0,hi,mumbai मुंबई में भारी बारिश के बाद अलर्ट जारी कर दिया गया है,highly_relevant
_o8H56CyeDg,hi,नदी को पार करते छात्र जिंदगी से खिलवाड़ Flood News Maharashtra News,highly_relevant
iq5hmox2Too,hi,आधे हिंदुस्तान में जल तांडव यूपी से महाराष्ट्र तक बाढ़ का खतरा,highly_relevant
IB2mtNJKXeo,hi,Maharashtra Monsoon News राजधानी मुंबई में आधी रात से हो रही लगातार बारिश का,highly_relevant
lRRiUwpouDY,hi,Maharashtra Rain महाराष्ट्र में भारी बारिश से जनजीवन अस्त व्यस्त है राज्य,highly_relevant
G_XA3KJy-Yk,hi,Mumbai में भारी बारिश का कहर अंधेरी सबवे और नांदेड बाढ़ का कहर IMD Red Alert,highly_relevant
Yobi6v16xYs,hi,Maharashtra Flood Crisis Maharashtra में लगातार हो रही भयंकर बारिश से भयानक बाढ़ आ,highly_relevant
rBdFHRCEtxk,hi,महाराष्ट्र गुजरात और मध्य प्रदेश समेत कई दूसरे राज्यों में भारी,highly_relevant
0Gz6YPg-bro,en,Incessant rains in different parts of the country are causing loss of life and property to many states be it Valsad city of Gujarat or,highly_relevant
#NAME?,en,Maharashtra Flood Crisis Maharashtra और देश के अन्य राज्यों में लगातार मूसलाधार,highly_relevant
XeWPDJxAPAA,hi,Maharashtra Heavy Rain महाराष्ट्र में मानसून की दस्तक हो चुकि है। कल रात से ही,highly_relevant
2KZG5dolZS8,en,Maharashtra news नदी के पानी में बह गया एक शख्स Flood heavy rain N18S,highly_relevant
zyaCLSCYIg4,hi,,highly_relevant
VJVnUoTFNPw,hi,लगातार हो रही भारी बारिश के कारण केरल से लेकर महाराष्ट्र तक बाढ़ का,highly_relevant
moD0jb4EEKk,hi,LiveNewsInHindi Monsoon Update Maharashtra में भारी बारिश से बाढ़ जैसे,highly_relevant
6ql5VM74V-8,en,gujaratflood Gujarat Maharashtra Flood News दिल्ली की,highly_relevant
dTN3vmEahk8,en,Maharashtra Flood LIVE Mumbai में बारिश से ऐसी तबाही कभी नहीं देखी होगी High Tide,highly_relevant
sKcdj8ZtnSQ,hi,Maharashtra में बाढ़ का कहर Nanded में तबाही 6 मौतें NDRF सेना तैनात,highly_relevant
JE1xFIK6WWA,hi,Punjab Floods पंजाब में बाढ़ से फसलों को भारी नुकसान Shivraj Singh ने दिया भरोसा,highly_relevant
0ErusGlFyj8,en,Flood situation across India Maharashtra grapples with floods To know more watch the video,highly_relevant
A5UJKclKWFk,hi,Maharashtra Floods महाराष्ट्र में भारी बारिश के बाद बाढ़ ने लोगों का जीना,highly_relevant
z1xENxsdBqY,hi,चक्रवात Burevi के गुरुवार देर रात तक तमिलनाडु के दक्षिणी तट को पार करने,highly_relevant
FmDoRMHIZHQ,en,Cyclone Tauktae waking up from Arabian Sea is taking a macabre form In view of this the administration and security teams are,relevant
xrGaYF_fh1w,en,Cyclone Burevi Update देश में कोरोनावायरस महामारी Coronavirus Pandemic के साथ साथ,highly_relevant
0L-BlGcCZ5E,hi,Cyclone Burevi चक्रवाती तूफान बुरेवी को लेकर केरल Kerala और तमिलनाडु Tamil,highly_relevant
p7ZmuJZts44,en,Cyclone Burevi Alert in Tamil Nadu and Kerala expected to hit the coast on Friday High alert has been issued in Kerala due to,relevant
dZbv5ZtSX0s,hi,तमिलनाडु पर एक बार फिर चक्रवाती तूफान का खतरा मंडरा रहा है तूफान को,highly_relevant
PepBha3hZQM,en,The India Meteorological Department has made an important prediction regarding the cyclonic storm in Kerala According to,highly_relevant
moWV_ZIdIVQ,hi,Burevi Cyclone Updates तमिलनाडु और केरल के तटीय इलाकों में चक्रवाती तूफान,highly_relevant
6m9ypW98Rdk,en,Cyclone Fani Odisha Kerala Tamil Nadu on High Alert Cyclone Fani Live Updates 450 km from Odisha 19 districts of Odisha,relevant
V9Kl041BwDY,hi,Monsoon जून के शुरुआती हफ्ते के बीतने के साथ ही लोगों को मॉनसून की,highly_relevant
bGZTHgjhw_Y,en,Heavy rains lashed southern districts of Tamil Nadu and Kerala claiming at least 8 lives and crippling normal life after slight,relevant
6BjlV2_blHI,en,Cyclone Burevi Red alert in Kerala Tamil Nadu know every update Tamil Nadu and Puducherry have also not recovered from,highly_relevant
u0yymxba1lg,en,The India Meteorological Department IMD had said on Friday that the depression in the Arabian Sea is likely to intensify into a,relevant
xkfzF8l1uiQ,en,Kerala में बारिश बनी बड़ी मुसीबत Kerala Weather Update Wayanad Rain Alert Sau Baat Ki Ek Baat,highly_relevant
inYo5K1S3SA,en,Cyclone Fani Heavy rain Expected Coastal areas in High Alert दक्षिण राज्यों में चक्रवाती,highly_relevant
O1kBKnQCs90,hi,Weather का मिजाज दक्षिण भारत में लगातार बदलता जा रहा है। दरअसल Arabian Sea,highly_relevant
DEig93mvbDA,en,After Nivar Tamil Nadu and Kerala face the trouble of cyclone Burevi The storm is likely to hit the coastal areas of both the states,highly_relevant
ymg0gBDrflg,hi,केरल में चक्रवात Cyclone Burevi बुरेवी से निपटने के लिए सभी एहतियाती कदम,highly_relevant
3Tv2rLQWXSo,en,These horrifying visuals are from southern coast of India Cyclon Ockhi has hit Tamil Nadu and Kerala The deep depression in the,highly_relevant
uF0eLhZpfOg,hi,चक्रवात बावेरी के गुरुवार देर रात तक तमिलनाडु के दक्षिणी तट को पार,highly_relevant
NlLjx4FvcG8,hi,तौक्ते तूफ़ान 185 किलोमीटर प्रति घंटे की रफ़्तार के साथ गुजरात के,highly_relevant
levPmKCO7M0,hi,चक्रवाती तूफ़ान टोकटे भारत में भयंकर रूप ले रहा है केरल के,highly_relevant
Y3TUa50hOJ0,en,Tauktae Cyclone Tauktae का,highly_relevant
ra3NhXEa4jM,en,Karnataka Monsoon left many cities in water Many Cities of Karnataka and Kerala are in high alert Specifically Mekunu cyclone,relevant
wH7VvPxGkcM,en,50 KMPH की रफ्तार से आ रहा तूफान KERALA GUJARAT RAJASTHAN MAHARASHTRA में RED ALERT,not_relevant
1YesoFRGjyI,hi,Breaking चक्रवाती तूफान बुरेवी को लेकर मौसम विभाग ने,highly_relevant
ww5dIgJO9Vk,en,CycloneTauktae Cyclone Tauktae का कहर Kerala Tamil Nadu Gujrat Maharashtra में,highly_relevant
eWRMPlKmtMc,hi,कोरोना संकट के बीच केरला और तमिल नाडु पर चक्रवाती तूफ़ान बुरेवि का,highly_relevant
Th29cBzpko4,en,___ About Channel आज तक भारत का सर्वश्रेष्ठ हिंदी न् यूज चैनल है । आज तक,highly_relevant
AiYstAWovHc,en,Cyclone Tauktae Update 36 घंटे में तौकते मचा सकता है तबाही Gujarat Kerala Lakshadweep,highly_relevant
qVKwQgdBDWg,hi,इन दिनों ओखी तूफान ने दक्षिण राज्य तमिलनाडु और केरल को अपनी चपेट में,highly_relevant
QAU3QJz0UBc,en,Heavy to very heavy rainfall with isolated extremely heavy falls over Lakshadweep area during the next 24 hours The sea,highly_relevant
uGLUa1fOO5I,en,Watch the latest updates and news on Cyclone Tauktae with Mr Mahesh Palawat Vice President Meteorology and Climate,highly_relevant
8MdJVSCs1hs,en,At least 80 fishermen from Kerala coast are missing as a depression above the Bay of Bengal turned into a cyclonic storm,highly_relevant
6obQPwaw-mA,en,Cyclone Amphan Yellow Alert Issued in Kerala Kerala will Receive Heavy Rainfall Kerala में जारी हुआ Yellow Alert,highly_relevant
PxBNYADLCmw,hi,CylconeTaukte अरब सागर के दक्षिण पूर्वी भागों पर,highly_relevant
-6NkJCMuQow,en,Cyclone Ockhi has hit southern districts of Kerala and Tamil Nadu wrecking havoc in its path and leaving many in need of,highly_relevant
X88m69KC4d8,en,Kerala में मॉनसून की दस्तक एक हफ्ते की देरी से पहुंचा मॉनसून चक्रवती,highly_relevant
4TIeH_cyYfE,hi,भारतीय मौसम विभाग आईएमडी ने सोमवार को चेतावनी जारी करते हुए कहा है,highly_relevant
OZUgqsHLatI,en,Cyclone Burevi remained practically stationary for 30 hrs over Tamil Nadu s Rameswaram Severe waterlogging was witnessed in,highly_relevant
kamRp9cKH4o,en,The India Meteorological Department has issued a cyclone warning for Lakshadweep islands and parts of Kerala and Tamil Nadu,highly_relevant
lr5zaN5rLKI,en,Many districts of South and Central Kerala will witness heavy to very heavy rains As the cyclone is moving towards Lakshadweep,highly_relevant
ueai69loEL0,en,The deadly cyclone Tauktae caused havoc in Karnataka and Kerala as soon as it made a landfall Both the states witnessed,highly_relevant
ioACVn595xE,en,This segment of Zee News brings to you a quick round up of top 10 news from the states of India within few minutes Watch this,highly_relevant
YvM4rf5ZcfA,hi,दक्षिण पूर्वी अरब सागर के ऊपर बन रहा वाब पूर्व मध्य अरब सागर और इससे,highly_relevant
ee61XLI1O8k,en,This segment of Zee News brings to you top 50 news of the morning within few minutes Watch this video to get updated with latest,highly_relevant
p9uSpRngSLs,en,About channel News24 get the latest news in Hindi breaking news Bollywood news sports news and stay updated News24 is,not_relevant
Jwn-uXaTKzU,en,This segment of Zee News brings to you a quick round up of top 10 news from the states of India within few minutes Watch this,highly_relevant
VHtr67ssC4U,hi,Cyclone प्रधानमंत्री नरेंद्र मोदी चक्रवात तौकते से,highly_relevant
zYMJaxwPvSk,en,The Meteorological Department has predicted a cyclonic storm in Tamil Nadu Kerala According to the Meteorological Department,highly_relevant
G6MqPst4Mko,hi,,highly_relevant
dXebKs6Y_6k,hi,Cyclone Tauktae अरब सागर में साल 2021 के पहले चक्रवात का जन्म होने वाला है।,highly_relevant
4g4r9pH_LcM,hi,biparjoy चक्रवाती तूफान बिपरजॉय तेजी से बढ़ रहा है आने,highly_relevant
JzfF5POVUAk,en,On one hand Monsoon has knocked in Kerala On the other hand Cyclone Biparjoy is fast moving towards Gujrat Cyclone has,relevant
XjXPI0tKUaA,en,Cyclone,highly_relevant
MjExAGeeX4o,en,monsoon2023 Kerala में दस्तक के बाद दक्षिण,highly_relevant
lStWzlvFCR4,hi,आज तलिनाडु से आज चक्रवाती तूफान बुरेवी की टकराने कीआशंका है। जिसको,highly_relevant
uovbOk6Xt4A,hi,केरल गोवा मुंबई के तटीय इलाकों में भारी बारिश शुरू हो गई है,highly_relevant
E7QToc_oszE,hi,चक्रवाती तूफान बिपरजॉय गुजरात के कच्छ और सौराष्ट्र से टकराने के,highly_relevant
BG8DxUj4x8c,hi,हाल ही में आए निवार साइक्लोन के बाद अब तमिलनाडु और केरल पर नए,highly_relevant
pNxVrq3WZo0,hi,About News Tak न्यूज़ तक news tak आपको देता है ख़बरों का बिल्कुल नया अंदाज ।,highly_relevant
14TLzCzvZ_A,hi,Cyclone Fengal Update बंगाल की खाड़ी से शुरू हुआ दबाव फेंगल चक्रवात में बदल,highly_relevant
alg3N8bYAfU,en,Monsoon Update दिल्ली Delhi Weather News समेत देश के कई राज्यों में गर्मी और लू,highly_relevant
VZFaLwlrtM0,en,Cyclone Tauktae News Mumbai में ताउ ते का असर Kerala और Goa में 2 2 लोगों की मौत Zee,highly_relevant
WQ8QhgvU_2I,en,With a low pressure area developing rapidly over the Lakshadweep Isles and the Arabian Sea a powerful cyclonic storm is,highly_relevant
kChZReKW5y4,hi,CylconeTauktae अरब सागर के दक्षिण पूर्वी भागों पर एक,highly_relevant
3tO4PAMH7WU,hi,निवार तूफान के कहर के बाद अब दक्षिणी राज्यों पर नए तूफान के बादल,highly_relevant
QhTM-uGJEIc,hi,केरल में चक्रवाती तूफ़ान के आने की आशंका है। इसके चलते आस पास के,highly_relevant
bnOOOtRLaJU,en,Cyclone Burevi may make landfall across the southern districts of Kerala on Friday IMD has issued an alert and a cyclone,highly_relevant
7PB_b8O8-Ds,hi,कोरोना महामारी के बीच अब अरब सागर में उठ रहे चक्रवात तौकते से,highly_relevant
0BVpfGiyVd4,en,Indian Meteorological Department puts out its second monsoon forecast as rain arrives in Kerala Live Blog,highly_relevant
ilvMCNXLiHg,hi,भारत की सबसे अच्छी और सबसे लोकप्रिय हिंदी न्यूज़ प्रकाशक जो न केवल,highly_relevant
Dfn_8zUIz9c,en,Cyclone Biparjoy to intensify into severe storm Thiruvananthapuram DDMA bans coastal activities,highly_relevant
CN0AuiMqqqk,en,Cyclone Ockhi has hit southern districts of Kerala and Tamil Nadu wrecking havoc in its path and leaving many in need of,relevant
XMYpzc5jhzc,en,An alert has been issued in 5 coastal states of Kerala Karnataka Goa Maharashtra and Lakshadweep for cyclone Tauktae,highly_relevant
kVvupXJutgs,en,Bengal की खाड़ी से उठा Fengal Cyclone के असर के चलते Kerala Karnataka Telangana में भारी,highly_relevant
fkWlLZy6U04,en,News24 motto of Think First is reflected in its YouTube channel as well as it brings to you the most authentic and credible news,relevant
WShIofwwBW8,hi,IBC24 ओखी का विकराल रूप केरल तमिलनाडु में 16 की मौत,highly_relevant
iFYuCVi65Tc,en,Recommended Products Mi 360 1080p Full HD WiFi Smart Security Camera Apple MacBook Air,not_relevant
hX38CyIRbLw,hi,DrishtiIas प्रिय व्यूअर्स टीम दृष्टि ने डेली,highly_relevant
REH9EzwO4QE,en,The southern states are now bracing for yet another cyclone after Nivar Cyclone Burevi is likely to hit Tamil Nadu on December 4,relevant
4dLrS02xGhg,hi,केरल में 30 मई को ही मॉनसून ने दस्तक दे दी। अरब सागर में एक निम्न दबाव,highly_relevant
R0X4Dby9BnE,hi,Cyclone Biporjoy देशभर India weather में मॉनसून Monsoon की एंट्री का बेसब्री से हो,highly_relevant
CsghDeiqJKM,hi,weather news Cyclone Tauktae केरल कर्नाटक गोवा में तबाही मचाने के बाद चक्रवात,highly_relevant
Vz26weK2HNA,en,After causing devastation in Kerala and Tamilnadu cyclone Ockhi is heading towards the states of Gujarat and Karnataka an alert,highly_relevant
fq8FpoEhU6k,en,Indian Meteorological Department IMD has warned that Cyclone Tauktae is expected to intensify into a very severe cyclonic,relevant
wZ47oRf_VLY,en,Cyclone Tauktae is approaching towards the Gujarat coast and is very likely to cross the coast between Porbandar and Naliya,highly_relevant
aEVzjJBH0rs,hi,समुद्री तूफान बुरेवी अब और कमजोर होकर निम्न दबाव में बदल जाएगा,highly_relevant
i8QJWggZfDQ,en,Cyclonic Storm Burevi Alert Heavy Rainfall देश में जहां एक तरफ लोग कोरोनावायरस महामारी,highly_relevant
smcMnYWFPPI,hi,spn9news चक्रवाती तूफान को लेकर पांच राज्यों में,highly_relevant
WeNCfqdrgDo,en,Daily Briefing Hindi 10 06 2023,not_relevant
YRru9OvwkK0,en,Livogen tonic थकान और कमज़ोरी से दे आज़ादी For more information visit,highly_relevant
pLbrpfUwo-w,hi,Tauktae Cyclone Live Kerala Karnataka और Goa के तटीय इलाकों में रविवार को तबाही मचाने,highly_relevant
t-x2gxeW8Vc,en,The Indian Meteorological Department has warned about the Cyclone Tauktae which is likely to get severe by Sunday morning,highly_relevant
434LH-XQqVQ,en,Cyclone Ockhi intensified into a severe cyclonic storm and moved towards Lakshadweep today after causing heavy rain that has,highly_relevant
5ILu8401SJU,en,Watch iSmart News latest episode Watch more,highly_relevant
8kUYZUwFfXI,en,Story,highly_relevant
tJ6ehQdAt5Q,en,Formation Of Cyclone Biparjoy Likely To Impact Monsoon Onset Over Kerala Kanak News is Odisha s leading 24x7 news and,highly_relevant
YRapBjWEMOI,en,Travelmania For any querry follow me on Instagram,not_relevant
etV4G_m8vDk,en,Book Online hotel bus train flight get 100 rs discount with this link Online bus booking link,highly_relevant
#NAME?,en,Transform your weekend into a Coimbatore adventure Our top 10 places casts a spell of discovery and joy transforming your,not_relevant
waTzGCEQqrg,hi,Tamil Nadu Stunt Artist Death तमिलनाडु में स्टंट मैन की दर्दनाक मौत देखें खौफनाक,not_relevant
gtHp27P6P-o,en,,not_relevant
CPCnBOq-cCk,hi,Tamil Nadu Election 2026 अभिनेता से नेता बने जोसेफ विजय चंद्रशेखर तमिलनाडु,not_relevant
yqUmnlLtEfY,en,,not_relevant
CqV5JzCWKAg,en,breakingnews Tamil Nadu Stunt Artist Death तमिलनाडु में स्टंट,not_relevant
hW_byLMGMuQ,en,Map Of Tamil nadu तमिलनाडु का नक्शा map of tamil nadu map of,not_relevant
c-zkw8lh-v0,en,,not_relevant
oKDbRUHccek,en,,not_relevant
8ooChIL9Gzo,hi,Tamil Nadu मामले पर Bihari मजदूरों ने बताया क्या है पूरा सच,not_relevant
OV8GRa_FGMQ,en,Check out BeerBiceps SkillHouse s YouTube 1O1 Course Share your guest,not_relevant
e8fY9M4UQs0,hi,तमिलनाडु के मछुआरों के लिए मैंग्रोव न केवल तटों की रक्षा कर रहा है,not_relevant
A-B8oYjj8NM,en,Map Of Tamil nadu तमिलनाडु का नक्शा map of tamil nadu map of tamil,not_relevant
iGhV1WeAmpk,hi,Tamil Nadu Lok Sabha Elections Exit Poll Result आम चुनाव 2024 के सातवें और आखिरी चरण के तहत,not_relevant
HQmd4n4wKn0,en,Coimbatore City Manchester of Tamil Nadu Coimbatore Tour 2025 Welcome to Coimbatore The Soul of South India In this,not_relevant
BA3D02JNd0E,en,Enjoy the mesmerizing from the film starring and,not_relevant
3q803rJFRH4,hi,Tamil Nadu Budget 2025 बजट 2025 में बड़ा बदलाव तमिलनाडु सरकार ने हटाया क्या,not_relevant
aKtgdEP_8aI,en,Real Development or Hype Gujarat vs Tamil Nadu Explained Gujarat vs Tamil Nadu two of India s most powerful and,not_relevant
nCziKnnrND4,en,,not_relevant
xJ6zhOjBxO4,en,The first yogi The Adiyogi statue is a 34 metre tall 112 ft 45 metre long 147 ft and 25 metre wide 82 ft steel statue of Shiva,not_relevant
e1Uc4rtN7qQ,en,tamilnadu,not_relevant
mGMhWeumm_k,en,Velankanni is situated 155 km from Trichy and Puducherry is about 160 km in Tamil Nadu This time we decided to travel from,not_relevant
1S98Le4TrV8,hi,तमिलनाडु में लोकप्रिय पर्यटक स्थल तमिलनाडु का प्रसिद्ध जगह कौन सा,not_relevant
Yu84qi5wELI,en,During his visit to Tamil Nadu PM Modi paid tribute to the legendary Rajendra Chola I at the Gangaikonda Cholapuram Temple,not_relevant
3W_GiQpgKpg,en,,not_relevant
RoBQlhWXpzU,en,Hello friends in today s video we will know many unique and informative things about the Indian state of Tamil Nadu which you,not_relevant
uIruzAP2IaQ,en,Music credit Royalty Free Music from Tunetank com Track Adventures by Romanov_Studio,not_relevant
cqGtygFRPaM,en,Today we chicken fry recipe with 40 Country Chickens Chinthamani chicken recipe is most popular traditional village food recipe,not_relevant
mtq9qmGZPRk,en,Tamil Nadu Today we are going to explain most amazing and interesting facts and tourist places of Tamil Nadu state in Hindi,not_relevant
DuSZVmWQfVk,en,,not_relevant
CqG3dZu-u80,en,Tiruppur City Knitwear Capital of India Tamil Nadu Tiruppur district tour About Tiruppur District Tamil Nadu Tiruppur District is,not_relevant
he2e-IMyFl4,en,The last road of India Ramsetu Dhanushkodi Tamilnadu,not_relevant
Xwu1fwCzItk,hi,तमिलनाडु में पेड़ों की अंधाधुंध कटाई से बेतहाशा गर्मी बढ़ी लेकिन,not_relevant
tyF0kBYMsik,en,तमिलनाडु राज्य gk Tamilnadu से संबंधित सभी GK,not_relevant
MOPpSZyqjA0,en,,not_relevant
N1DVwmU8L1A,en,,not_relevant
3rOgp4BopXM,en,How many languages do you speak in Chennai India,not_relevant
xDggkswFOes,en,Super Tasty Pure Vegetarian Meal Sambar Rice Banana Curd Yam Avial Papadam Fried Chilly and much more,not_relevant
0Hu8myAkDeE,en,Welcome back to our channel Today s adventure takes us through every one of Tamil Nadu s 38 diverse and fascinating districts,not_relevant
E3-Bo1QG_0U,hi,पूरा एपिसोड यहाँ देखें मेरा माइंड परफॉर्मेंस ऐप देखें Android,not_relevant
Fn1j25QZfz0,hi,Tamil Nadu News शूटिंग के वक्त हुआ हादसा स्टंटमैन एसएम राजू की मौत LATEST,not_relevant
Xn7pIDDwW2M,en,Top 10 Temples in Tamil Nadu Explore the Rich Cultural Heritage of Tamil Nadu Tamil Nadu a state located in southern India,not_relevant
27y-jiZhvQY,hi,चेन्नई तमिलनाडु में पूज्य सरकार के प्रवचन Bageshwar Dham Sarkar Chennai,not_relevant
1WBlwP4IHlo,hi,समस्याओं से जूझ रहे किसानों के लिए खेती का यह नया तरीका काफी,not_relevant
wW_2c0HbyzQ,en,How Tamil Nadu growing into one of India s most industrialised states Case Study,not_relevant
hUmYPuep0fc,en,map,not_relevant
Euv3898U7Gw,hi,इस वीडियो में देखें तमिलनाडु की फेमस डिश,not_relevant
Kze3DlYmGVU,en,I was exploring the streets of Madurai in Tamil Nadu A street vendor who was selling vegetables wanted to play with my camera,not_relevant
SpCp9ZzA2Oc,en,,not_relevant
#NAME?,en,,not_relevant
X_1QwCVr2TA,en,youtubeshorts Visit Chennai city in Tamil Nadu State south India,not_relevant
903uKx-z3c0,en,Tamil Nadu Politics क्या तमिलनाडु में BJP AIADMK के बीच होगा गठबंधन,not_relevant
QzMzN6IphSA,hi,Reservation in Tamilnadu Bihar का 65 आरक्षण खारिज लेकिन तमिलनाडु में 69 जारी,not_relevant
ZhmBgxIUrU4,hi,tamilnadu तमिलनाडु के बिहारी,not_relevant
QirCEcIATFg,en,jab Tamilnadu ke gaon mein,not_relevant
Ixn5wJjr92Q,en,Goods train fire accident Tamil Nadu में दिखा आग का तांडव Tiruvallur Tamil Nadu News,highly_relevant
yLE5bDX7M3Y,en,Kerala Tourist Places Best Places to Visit in Kerala About this video This video is about the best tourist places in Kerala Kerala,not_relevant
VQvW6q2LdKQ,hi,पूरा एपिसोड यहाँ देखें मेरा माइंड परफॉर्मेंस ऐप देखें Android,not_relevant
O_5X55aNWZ4,en,Tirupur railway station Southern Railway Knit city Coimbatore Division Tamil Nadu tirupur,not_relevant
Fvs09ZQRToc,ta,,not_relevant
_ESYvvMGQfU,hi,अमित शाह तमिलनाडु के दौरे पर हैं जहाँ उन्होंने मदुरई में मीनाक्षी,not_relevant
pS7DJTn7BLE,hi,पीएम मोदी आज तमिलनाडु के अरियालुर जिले के गंगईकोंडा चोलपुरम पहुंचे,not_relevant
gEqKQ9GAVpw,en,President Kovind visits Sri Lakshmi Narayani Golden Temple in Vellore Tamil Nadu Follow The President of India Twitter,not_relevant
pNmjI0QE7Oo,en,Hello Doston Is talk show mein maine TAMILNADU ke North Indians ke prati chhipe hue nafrat ko ujagar kiya hai bilkul unfiltered,not_relevant
#NAME?,en,This guy created a fake SBI bank and got away with it Shahid Kapoor made fake currency in Farzi but Kamal Babu from Panruti,not_relevant
zAsiXTtvoZ8,hi,तमिलनाडु में बिहार के बच्चों को मारा तब स्टालिन कहां थे,not_relevant
NoCFXM67HHE,ta,,not_relevant
_n0erDGeWBw,hi,,not_relevant
keq1Np3TjX0,en,Is Annamalai Still the Tamil Nadu BJP President Amit Shah Responds,not_relevant
QBJM_GOg4ew,en,WATCH LIVE 24x7 Massive fire in goods train in Tamil Nadu goods train was,highly_relevant
7BKWc4FmXYA,hi,Tamilnadu News तमिलनाडु में दर्दनाक हादसा ट्रेन से टकराई स्कूल बस तीन,highly_relevant
5vwQK4sVmcU,hi,tamilnadu तमिलनाडु के बिहारी,not_relevant
m4eduATFUtU,hi,तमिलनाडु में भीषण आग हादसा मची भगदड़ चेन्नई पोर्ट से डीजल लेकर,not_relevant
neBab4rBhcE,en,Doomsday Fish Found In India Some fishermen from Tamil Nadu are shown catching a very long and shiny fish This fish is no,not_relevant
0POexnlJ7AY,en,,not_relevant
Iy529qGPc_M,hi,Tamil Nadu Hooch Tragedy तमिलनाडु के कल्लाकुरिची जिले में अवैध शराब से मरने,not_relevant
sMUOf5-I6cc,en,,not_relevant
9k5XvTpGPic,hi,अगले साल तमिलनाडु में चुनाव लगने लगे दांव,not_relevant
UUphBJh6u3A,hi,Train Accident तमिलनाडु के कडलूर में ट्रेन से टकराई स्कूल वैन TV9,highly_relevant
8QBN4DUJCqY,en,,not_relevant
QEu_bg8mI7M,hi,Tiruvallur Railway Station Fire डीजल ले जा रही है मालगाड़ी के टैंकर में आग लगने की एक,not_relevant
NVeXRUbTf8o,hi,Tamil Nadu News तमिलनाडु में भारी बारिश N18S Hindi,highly_relevant
BVoJJeC0oyQ,hi,प्रधानमंत्री नरेंद्र मोदी रविवार को तमिलनाडु को बड़ी सौगात देने जा,not_relevant
AoqYhIpSLys,en,tamilnadu,not_relevant
KAFRWN-NaP4,en,PM Modi Tamil Nadu Visit क्या है पीएम मोदी का मिशन साउथ Gangaikonda Cholapuram Temple,not_relevant
dB7d_TCzG38,hi,Tamil Nadu Train Fire Video चेन्नई पोर्ट से डीजल लेकर निकली मालगाड़ी में लगी,highly_relevant
sNSgKf1NWyw,en,Women Marriage Sad WhatsApp status Tamil,not_relevant
4cvGu0F9qe0,hi,Tamil Nadu Heavy Rain तमिलनाडु के कई हिस्सों में बारिश,highly_relevant
#NAME?,en,,not_relevant
#NAME?,hi,तमिलनाडु में विश्व महासागर दिवस समारोह किया जाएगा आयोजित,not_relevant
0JPCI3PoQE8,hi,तमिलनाडु के कुडालौर में एक बड़ा हादसा सामने आया है जहाँ एक स्कूल वैन,not_relevant
xW_xel9Eqyk,en,tamilnadu My Instagram Id My Page,not_relevant
bIpb-25wnsE,en,Cyclone Anti Cyclone Daily Geography Classes for NDA 1 2023 Exam NDA Coaching in Allahabad Geography Class for,relevant
nkocMigHJ9c,en,Rpf gk gs classes 2024 Rpf constable gk gs classes 2024 Rpfsi gk gs previous year question paper18 Your Queries rpf gk,not_relevant
74JqFgOLfCA,en,Prime Minister Narendra Modi is set to arrive in Tamil Nadu on Saturday to inaugurate lay the foundation stone and dedicate to,not_relevant
EfZCn0EjvM8,en,RPF SI CONSTABLE 2024 RPF GK GS IMPORTANT QUESTIONS previous year question paper HELLO FRIENDS,not_relevant
PRlmDMzedQ4,en,RPF SI Constable 2024 RPF GK GS PreviousYear Question Paper RPF GK GS Constable RPF SI Constable 2024 RPF,not_relevant
c1uaDTyOI2o,en,rpfconstable2024 RPF constable 2024 Previous year question paper GK GS RRB RPF Telegram,not_relevant
6KgU44igiSM,hi,Asani Asani Cyclone Video बंगाल की खाड़ी में उठा भीषण चक्रवाती,highly_relevant
6wkReKLsmPA,hi,CycloneAsaniLive बंगाल की खाड़ी में आया तूफान असानी,highly_relevant
07SRWfllfXw,en,CyclonePethai The cyclone Pethai is about to hit coastal Andhra Pradesh in the next 72 hours News18 Rajasthan is one,relevant
g2e-dIpiH9E,hi,बंगाल Bengal की खाड़ी से उठा चक्रवाती तूफान जवाद आज आंध्र प्रदेश के तट,highly_relevant
8GHo0iyAMEk,hi,Cyclone Jawad देश के कई राज्यों में चक्रवाती तूफान जवाद का खतरा मंडराने,highly_relevant
r2YOfIWntXo,hi,andhrapradesh आंध्र प्रदेश में Cyclone Michaung से,highly_relevant
RDkcWxtAGy8,en,Cyclone Amphan Andhra Pradesh के Visakhapatnam में Weather Change दिखने लगा तूफान का असर,highly_relevant
m8hJai5Mszg,hi,बंगाल की खाड़ी के ऊपर बना चक्रवाती तूफान असानी तटीय आंध्र प्रदेश और,highly_relevant
YOgk8xAHBFs,en,Gulab Cyclone 2021 चक्रवाती तूफान गुलाब Gulab Cyclone Update पर मौसम विभाग IMD on Gulab,highly_relevant
XQtIjZSzVY8,hi,चक्रवाती तूफान गज बंगाल के खाड़ी में बना हुआ है। यह अगले 24 घंटों में,highly_relevant
#NAME?,en,DDNewsOfficial बंगाल की खाड़ी पर बने निम्न दबाव के क्षेत्र के और गहरा होकर,highly_relevant
ZQxntZeW_uY,hi,चक्रवाती तूफान फेथाई आंध्र प्रदेश के तटों से टकराने का हाई अलर्ट,highly_relevant
Xo8NyROXfLs,hi,आंध्र प्रदेश और ओडिशा में चक्रवाती तूफान cyclone का खतरा मंडराने लगा,highly_relevant
ZkEA7SJ9ikk,hi,फेथाई चक्रवाती तूफान आंध्र प्रदेश और ओडिशा के तटीय इलाकों के लिए,highly_relevant
_lkTQQyB9yA,hi,cyclone,highly_relevant
qpwVM3Iqyf8,en,Weather Updates Heavy rains have started once again in many states of the country People are facing problems due to rain in,relevant
U1A1c_eBtwg,hi,अब बात देश के कई राज्यों पर मंडरा रहे नए खतरे की खतरा चक्रवाती तूफान,highly_relevant
Vugp9qQW-jI,hi,Bay of Bengal में नया Cyclone जन्म ले रहा है जिसका नाम है Jawad । Andhra Pradesh Odisha,highly_relevant
#NAME?,en,CycloneAsani बंगाल की खाड़ी में उठे चक्रवाती तूफान,highly_relevant
9GTMetfFjcc,en,Cyclone Asani has changed its direction and is going to touch the nearby Kakinada coast Sea turned turbulent in Kakinada and,relevant
CGB0nKPfgr4,en,Cyclone Asani which has been going on for the last 5 days is now weakening After hitting the Andhra Pradesh coast on,relevant
xWZpCUoUhMg,en,CycloneGulab भारतीय मौसम विभाग ने Andhra Pradeshऔर Odisha में रविवार से,highly_relevant
dRtNUHSwzNE,hi,AndhraPradesh चक्रवात मिचौंग ने आंध्र प्रदेश में दी दस्तक। जिसकी वजह से,highly_relevant
t609L9I9XdM,hi,Cyclone Gulab बंगाल की खाड़ी से उठा चक्रवाती तूफान गुलाब कल शाम आंध्र,highly_relevant
MdoX0VWMvdo,hi,उत्तरी आंध्र प्रदेश North Andhra Pradesh और दक्षिण ओडिशा के तटीय इलाकों,highly_relevant
cdEWD_cgSgQ,en,FirstIndiaNews About this Video Red Alert of Asani cyclone in Andhra Pradesh effect of storm,highly_relevant
ZbuRDOjD-yo,en,Cyclone Asani Alert बंगाल की खाड़ी में आया तूफान आसानी गंभीर चक्रवात में बदल,highly_relevant
m1wq-kPiKiQ,en,Cyclone Gulab ने दस्तक दे दी है Cyclone Gulab Andhra Pradesh और Odisha के तट से टकरा चुका,highly_relevant
Jssq1ZPVAao,hi,बंगाल Bengal की खाड़ी में बने चक्रवाती तूफान गुलाब के आज आंध्र प्रदेश,highly_relevant
OIOtWNokSGM,hi,दक्षिण भारत South india में चक्रवाती तूफान मिचौंग Cyclone Michong का कहर,highly_relevant
yhQCeGMt04g,hi,बंगाल की खाड़ी से उठा निवर तूफान तमिलनाडु और पुडुचेरी के तटों से,highly_relevant
QdN7Wq40C40,hi,आंध्र प्रदेश के उत्तरी तटीय इलाके में डे चक्रवात पहुंच गया है। इसके,highly_relevant
RMFU-rWVqgQ,hi,andhrapradesh आज 11 30 बजे आंध्र प्रदेश में टकराएगा,highly_relevant
c_JtlIH8TNo,hi,चक्रवाती तूफान फोनी शुक्रवार सुबह ओडिशा के पुरी तट पर पहुंच गया।,highly_relevant
UL8H60RTBRw,en,Nivar Cyclone live updates Cyclone Nivar live updates चक्रवाती तूफान निवार Cyclone Nivar का सबसे,highly_relevant
OepgVuEpzWY,hi,AndhraPradesh आंध्र प्रदेश में तूफान गुलाब की दस्तक,highly_relevant
D6RoXb8kDh0,en,The cyclonic storm Roanu is likely to wreak havoc in the coastal regions of Andhra Pradesh Visit on our official website,highly_relevant
yKwi0Xa5Rrs,hi,Michaung Cyclone Video तमिलनाडु और आंध्र प्रदेश में माइचांग तूफान का कहर NBT,highly_relevant
hFnBTn3ta4o,hi,मौसम अपडेट चक्रवात तितली की चपेट में ओडिशा और आंध्र प्रदेश तेज,highly_relevant
C6arN2-qYiI,hi,तूफान गुलाब देगा दस्तक दक्षिणी ओडिशा उत्तरी आंध्र प्रदेश में,highly_relevant
QHElT8aiBbQ,en,Cyclone Gulab Video Odisha Andhra Pradesh में तूफानी चक्रवात गुलाब को लेकर अलर्ट,highly_relevant
zbTYjy3vWxs,hi,Michong Cyclone Alert चक्रवात मिचौंग Cyclone Michaung भारी तबाही मचाता हुआ,highly_relevant
2M5hL00s6YY,hi,चक्रवाती तूफान पेथाई जल्द ही आंध्र प्रदेश के तटों से टकराने वाला है,highly_relevant
4PKt5vbbTag,hi,Andhra Pradesh 5 दिसंबर को आंध्र प्रदेश से टकराएगा मिचौंग तूफान VNM भारत,highly_relevant
SalWH08kEsk,en,The Cyclonic Storm Gulab is set to hit Odisha and Andhra Pradesh on Sunday September 26 2021 and is currently about 180,highly_relevant
6wrJJiFK_tI,en,Cyclone Michaung आज Andhra Pradesh के तट से टकराएगा उससे पहले वहां भारी बारिश हो,highly_relevant
8zKe5i4OiXI,hi,भारत के मौसम विभाग आईएमडी के मुताबिक चक्रवात गुलाब का उत्तरी तटीय,highly_relevant
WrPJ5YZYC4g,en,Cyclone Mandous Tamil Nadu Andhra Pradesh में Red Alert Chennai से टकराया तूफान,highly_relevant
NCoCuNv9oso,hi,भारत के कई राज्यों पर चक्रवात का खतरा मंडरा रहा है। 130 साल बाद,highly_relevant
TcoyuHvjzXk,hi,shorts,highly_relevant
VSeoe8PDEig,hi,OnTrending अगर आप इस चैनल को सपोर्ट करना चाहते हैं तो आप,highly_relevant
WIGP0dMRM0Q,en,Cyclone Gulab Landfall Update चक्रवाती तूफान गुलाब के लिए Odisha Andhra Pradesh में High,highly_relevant
jmFrHAVoTDg,en,Experts say the wind speed is at 200 to 210 km per hour and is expected to touch 230 km per hour when the cyclone hits the,relevant
VuMcKekI-OQ,hi,Exam postponed in Andhra Pradesh असानी तूफान की वजह से आंध्र प्रदेश बोर्ड ऑफ,highly_relevant
psU6OsLuuWo,en,The deep depression in north Andaman Sea and its neighbourhood intensified into a cyclonic storm Hud Hud on Wednesday,highly_relevant
Ppg14mR1Kso,en,Cyclone Michaung Updates मिगजॉम ने दक्षिणी राज्य के प्रभावित जिलों में भारी,highly_relevant
8w0R9Ed8y8Q,en,Mocha Cyclone मोका तूफान पर IMD ने West Bengal Odisha And Andhra Pradesh के लिए Issue किया Alert,highly_relevant
_NGUGk92oYA,hi,Cyclone Michaung Updates आंध्र प्रदेश में चक्रवाती तूफान ने दस्तक देना शुरू,highly_relevant
l2b6HT7QVmU,hi,अमर उजाला टीवी पर देश दुनिया की राजनीति खेल क्राइम सिनेमा फैशन और,highly_relevant
FCAWunyIG7Y,en,Andhra Pradesh Various parts of Srikakulam district continue to receive heavy rainfall due to Cyclone Gulab Several roads are,highly_relevant
Y5jK01sREco,hi,Follow us YouTube Facebook Website,highly_relevant
rATFEaGpntk,hi,चक्रवाती तूफान गुलाब आंध्र प्रदेश और ओडिशा के तटों से शाम करीब 7 बजे,highly_relevant
H1eNGBfvfwY,en,cyclonemichaung Cyclone Michaung मिचौंग तुफान का कहर जारी सड़कों,highly_relevant
u4vit_iYh8w,hi,समुद्री तूफान असानी आंध्र प्रदेश की ओर बढ़ रहा है या विशाखापट्टनम,highly_relevant
KTsPtL37ycE,en,चक्रवाती तूफान निवार Cyclone Nivar अगले 12 घंटे में अति विकराल रूप धर,highly_relevant
QBsTrUFtT0A,en,cyclone asani।Cyclonic Storm Asani approaching north Andhra Pradesh Odisha coasts।,highly_relevant
3tw0MCxqTZs,hi,आंध्र प्रदेश और तमिलनाडु के लिए वर्षा की चेतावनी,not_relevant
KRWT9ZZXrvs,hi,Heavyrains Watch JAN TV on Tata Play DTH,highly_relevant
J7xRBRv3AGo,en,The Met department has issued warning of heavy cyclone in Tamil Nadu and Andhra Pradesh Visit on our official website,relevant
RT9hJ3xfchg,hi,तूफान असानी ने अपना कहर बरपाना शुरू कर दिया है ओडिशा आंध्र प्रदेश,highly_relevant
4lQJcZ3RDwU,hi,आंध्र प्रदेश में पेथाई चक्रवात के चलते लोग सहमे हुए है। दक्षिण,highly_relevant
Juv_tpTIUGU,en,बंगाल की खाड़ी की ओर सक्रिय चक्रवातीय तूफान तितली का आंशिक असर,highly_relevant
5bESCJoyFz4,hi,चक्रवाती तूफान Cyclone Michaung मिचौंग की वजह से सोमवार को Andhra Pradesh,highly_relevant
cO_dKX_cQ-s,hi,चक्रवाती तूफान मिचौंग कहर बढ़ता ही जा रहा है आंध्र प्रदेश तट को पार,highly_relevant
nFEdeCJElnE,en,,highly_relevant
IKDFdL1LjDA,hi,अगले 24 घंटों में चक्रवाती तूफान गज तटीय आंध्र प्रदेश और तमिलनाडु,highly_relevant
KC3RTnBWqDI,hi,CycloneMichaung चक्रवात मिचौंग के कारण इस,highly_relevant
M7DpqtquBrM,en,मिचौंग तूफान से तमिलनाडु में तबाही के निशान। कई जगहों पर अब भी फंसे,highly_relevant
PCdwJLdFgVA,hi,cyclonemandous Cyclone Mandous चक्रवाती तूफान मैंडूस का,highly_relevant
bsyBPsKiTDA,hi,andhrapradesh मिचौंग चक्रवात की जमीन से टक्कर आंध्र,highly_relevant
z98VstdkDWQ,hi,Tamil Nadu Andhra Pradesh में आज दस्तक देगा तूफान मिचौंग पुडुचेरी तेलंगाना,highly_relevant
Jw0XVJw6aCI,hi,समुद्री तूफान आसानी उत्तरी आंध्र प्रदेश के काफी नजदीक पहुंच सकता,highly_relevant
k7trbY_6ElA,hi,चक्रवात मिचौंग का असर धीरे धीरे दिखने लगा है आंध्र प्रदेशके,highly_relevant
e4xVpjdzL_o,hi,आंध्र प्रदेश और ओडिशा के तटवर्ती इलाकों में चक्रवाती तूफान,highly_relevant
sdaS8bHymvM,hi,भारतीय मौसम विभाग ने यह जानकारी दी है कि बंगाल की खाड़ी के ऊपर बना कम,highly_relevant
SOalYG0D8go,hi,Cyclone Asani Andhra Pradesh से टकराया चक्रवात कई इलाकों में भारी बारिश समेत Alert,highly_relevant
gtqiOBl1AFo,hi,आंध्र प्रदेश और ओडिशा के कुछ हिस्सों में चक्रवात का अनुमान लगाया जा,highly_relevant
KnMqjTjJF4g,hi,आंध्र प्रदेश चक्रवात असनी तूफान के बीच समुद्र में बहकर आया सोने का,highly_relevant
xBJMiK_kxjQ,hi,Andhra Pradesh में चक्रवात का Alert जारी प्रदेश के कई हिस्सों में भारी बारिश,highly_relevant
LNIY727Cavw,hi,IMD ने तमिलनाडु और आंध्र प्रदेश के लिए चक्रवात की चेतावनी जारी की है।,highly_relevant
GubjXhlzOmw,hi,Cyclone Michaung दक्षिणी आंध्र प्रदेश में दस्तक देने से पहले तूफान मिचौंग,highly_relevant
KN_IwZBKaD8,hi,सोमवार को आंध्र प्रदेश के पूर्वी गोदावरी जिले के अमलापुरम में,highly_relevant
m_8SD-QerV8,hi,Tamil Nadu चक्रवात के आने से पहले चेन्नई में बारिश से बाढ़ VNM तमिलनाडु,highly_relevant
usxCNAk8_Dg,en,FirstIndiaNews,highly_relevant
#NAME?,hi,cycloneasani,highly_relevant
pzK0uK03Vuk,en,Michaung Cyclone मिगजौम तूफ़ान ने चेन्नई में मचा दी तबाही Andhra Pradesh Chennai,highly_relevant
Y9tJeGIy54I,hi,amarujala चक्रवाती तूफान असानी अपना असर दिखाना शुरू कर चुका है।,highly_relevant
oCHqC0t2p-I,en,weatherupdate नए साल New Year 2023 से पहले देश India पर नया खतरा,highly_relevant
q95QDivQxzo,en,Cyclone Hudhud a very severe cyclonic storm is gathering force ahead of reaching Visakhapatnam in Andhra Pradesh on,highly_relevant
lv9ZlQSLgaU,en,CycloneMichaung Cyclone Michaung दक्षिणी राज्यों southern,highly_relevant
a9ldKz4H7Dk,en,,not_relevant
peFkQXZ-bsU,en,Video from Gangesh Pandey,not_relevant
yhFt_vLgBcQ,en,The cyclone Yaas will turn into a super severe cyclonic storm by 11 30 am today This is why rainfall will increase in Odisha and,highly_relevant
f0ZMn4hGpJk,hi,Cyclone Yaas Update बंगाल और ओडिशा हाई अलर्ट पर यास की तबाही से बचने की,highly_relevant
rnxUV2tnQEs,hi,बंगाल की खाड़ी से उठने वाला चक्रवाती तूफ़ान अंफन के कारण भारत और,highly_relevant
O2L0ebzXQXY,en,,not_relevant
X1IvGJXl-7s,en,,not_relevant
279Jistz9e4,en,Cyclone Amphan Video West Bengal Odisha के Coastal Areas में Stormy Wind से गिरे Trees High Tides,highly_relevant
_XX6Ba7iais,en,650 फुट में नदी मिली flow water borewells Drilling drilling,not_relevant
bGgdVcSXh4M,en,,not_relevant
ICNIZczPdWw,en,,not_relevant
zMlzYDsXN4k,hi,WEATHER NEWS 27 MAY अब बिहार और झारखंड में या तूफान का हाई अलर्ट,highly_relevant
P0fCHmNAq7Y,hi,भारत में उच्च न्यायालयों की सूची 2023 भारत के उच्च न्यायालयों की सूची,not_relevant
8li5hRYPGug,hi,भारत के कई राज्यों में अगले कुछ दिनों तक भारी से अत्यधिक भारी बारिश,highly_relevant
PG2a7ve_Dmw,hi,ओडिशा में इन दिनों आसमानी बारिश ने पूरे प्रदेश में तबाही मचा रखी है,highly_relevant
NwAt8g46JQU,hi,orissa high court museum l कटक का नया हाई कोर्ट म्यूजियम देखना ज़रूर,not_relevant
DCgn_kcy8Vg,en,ytshorts,not_relevant
sbEOBwrwyYk,en,Puri beach samundr ka lahar पूरी बीच समुन्दर का लहर। puri samundar,not_relevant
tSaoXuSvBmo,en,Looking For An Powerful Oil Expeller Machine Or Automatic Liquid Filling Machine Cold Press Oil Expeller 5hp Mil Startups,not_relevant
9Uk1KbVUN1o,hi,,not_relevant
fLJtfWH_UC0,hi,West Bengal और Odisha के तट से आज टकराएगा Amphan तूफान जिसमें 185 किमी प्रति,highly_relevant
88v5581Q654,en,SSC GD 5KM RUNNING KOYLA NAGAR DHANBAAD,not_relevant
Em0wR3g-o28,en,,not_relevant
K0lL_r46abU,hi,आज भाग्य श्री महिला अनाथ आश्रम में जाकर देखा। भाग्य श्री महिला अनाथ,not_relevant
j8BEZ2tE5L8,en,China Floating Bridge,not_relevant
tM1v7v0IA3k,en,,not_relevant
fSYEk-HK6GQ,hi,Bihar Election 2025 2 से 3 चरणों में होगा बिहार चुनाव,not_relevant
m2I4FwmuiWU,en,Ram Bhakt Ki Kahani Jai Shree Ram Ram Navam Ram Ji Status,not_relevant
atb5Fa9N3Oo,en,,not_relevant
0zfTpxJxFPU,en,PUNJAB ENGINEERING CORPORATION INDORE HINDI Catlog Rate list ENGLISH,not_relevant
5KjDPn-IFJ0,en,Bharat ka Sabse Bada High Court Kaun sa hai which is the largest court in india which is the,not_relevant
dYppZ6HKFd8,en,acepolicewala,not_relevant
4S7xEXO5Uyo,en,emergency helpline number list helpline number for women safety up police re exam 2024,not_relevant
9gMMPBEIqSQ,en,बिजली विभाग भर्ती 2025 Electricity Department Recruitment 2025 Bijli Vibhag Bharti 2025 10th बिजली,not_relevant
5e9u869ob2I,en,one student one laptop yojana 2024 registration last date one student one laptop yojana 2024 apply online one student one,not_relevant
4y2nAQL3Vd8,hi,,not_relevant
BwX3A7OvzQQ,en,Amphan Cyclone Updates Odisha West Bengal में तेज हवाओं के साथ Rain High Tides । IMD चक्रवाती,highly_relevant
j_V0ixKq-7w,hi,,not_relevant
K5G04oAV9T4,hi,गुरुकुल के बच्चे Gurukul,not_relevant
TDW55wtZPLo,en,,not_relevant
QUNYwZ805UE,en,shorts biggest train accident of india 1981,highly_relevant
guDbPxB46Sk,hi,,not_relevant
qtNvV0hGcuE,en,,not_relevant
wDb9eE-plUc,en,Description Limited Time Offer Complete CP Plus CCTV 4 Camera Setup with Audio Video सिर्फ 8999 में,not_relevant
Hg8BQf9DRO4,hi,,not_relevant
f3r4-LBDewA,en,,not_relevant
yp6IjeQjH6o,en,,not_relevant
uo-pBBzR2K4,hi,Ep 6 भारत का राजनीतिक मैप भारत का नक्शा मानचित्र bharat ka rajnitik naksha,not_relevant
RS9F1wxAWHA,en,SSC GD physical running video live Qualified 2023 GD physical 2023 Cisf unit bccl Dhanbad running video live SSC GD,not_relevant
rA9wLMzA6cU,en,Mahindra CNG Alpha auto price follow me on,not_relevant
f_0oQA6WBGA,en,TheLegalNow argument before court argument in court court proceedings court argument Patna High court High court argument,not_relevant
gSAROwt8GEA,hi,धान की खेती बियासी विधि या रोपा विधि से की जाती है। दोनों विधियों में,not_relevant
l0TAHpJhL_A,hi,अम्फान तूफान Cyclone Amphan को देखते हुए नौसेना भी हाई अलर्ट पर है,highly_relevant
dsvIgXg2vPc,en,,not_relevant
p-X7-3nT-HM,en,,not_relevant
00J23iJ3EQQ,hi,मात्र 50 हज़ार में 1 बीघा फिर आ गई ऑन रोड जमीन,not_relevant
8-tq4_wtOo4,en,best water pump budget water pump Neptune petrol water pump 7 Hp water pump,not_relevant
eTtwSKodBWA,en,group D joining my Group D Joining,not_relevant
1KXweftDAOk,en,,not_relevant
5Za2hXSrHwU,en,,not_relevant
PqUbouf4_Xk,en,,not_relevant
4ld_J8g0qzo,en,Telegram channel link BPSC TRE 2 0 CUT OFF 2023 BPSC TRE 2 0 TGT SST CUT OFF,not_relevant
UT7EUOpq4qg,en,,not_relevant
LgiMvb4M7L0,en,,not_relevant
kf88ev6la54,hi,कम खर्च में घर पर तैयार कीजिए मुर्गी का फ़ीड Low Budget Feed Making Machine for,not_relevant
cJxhUTbGLrg,en,,not_relevant
iJ0lscd6MnM,en,courtmarriage,not_relevant
tiPY1OJeNqc,en,,highly_relevant
uwYBK0fts4I,en,Sarkari school k student ka dance,not_relevant
QOioIVvtABU,en,,not_relevant
6c-OBQh1fno,en,toyota urban cruiser taisor price toyota urban cruiser taisor 2024 price in india toyota urban cruiser taisor 2024 price in,not_relevant
mhCAv1u3XF8,en,votingday,not_relevant
ba_ZC1_DM70,en,Follow my channel for daily fun relatable desi quirky content Follow me on Instagram,not_relevant
XtLW8lLrs_k,en,,not_relevant
m0swAkr5ORU,en,Royal Enfield Hunter 350 on Road Price The Udaan support bikes,not_relevant
YtDXnZCiTGE,en,SaraswatiSchool,not_relevant
8dIYDogifZk,en,Doston is video mein humne Michael Jackson ke dreams of journey ke bare mein short mein bataya hai jisse aapko kuchh,not_relevant
dY-uJ8ZamF0,en,,not_relevant
QnWznobxTYQ,en,Get ready to achieve your dream of joining the Indian Armed Forces With the Agniveer New Vacancy 2025 announcement,not_relevant
7RHzQQuelZ4,en,,not_relevant
esgjfajWksU,en,Power of stenographer,not_relevant
l1f4wEjwZT0,en,It was our first time we went to Taj Palace to have coffee Coffee was very expensive,not_relevant
K8Ve3l09m5Y,en,,not_relevant
AseRrNM7Cio,en,Your one stop solution for everything you and your SUPERBIKES Needs Our community at ALL ABOUT BIKES will be your,not_relevant
DO8saBlvMrQ,en,ssc cgl 2023 Top post in ssc cgl Ssc cgl top post ssc cgl top post and salary ssc cgl top posts preference Shorts Youtube shorts,not_relevant
QVMT8W2iUy8,en,anassheikhhairsolution anas sheikh hair solution permanent hair,not_relevant
96VMMCnhAfM,en,Contact Us Website Email care law Helpline No 91 8800444555 Our Social Media,not_relevant
8-aeVJzItwI,en,,not_relevant
ngx4uQUc5-M,en,,not_relevant
wy9ilP32zOQ,en,RCB vs CSK in IPL 2025,not_relevant
9xgWVjf2uYU,en,,not_relevant
sCfFk7e-9-0,hi,रामेश्वरम मंदिर इतना प्रसिद्ध क्यों है,not_relevant
SndlWh1ZdLI,hi,,not_relevant
ofRmUltpjPw,hi,मसाला मास्टर क्लास के बारे में जानने के लिए और वीडियो देखने के लिए,not_relevant
6A1JFxiy4fo,en,automobile,not_relevant
DuqlSK1Ezv0,en,,not_relevant
XMwFzOD1Lgw,hi,Live देखिए Exam कॉपी में निकला 1000 रूपये फिर Examiner ने,not_relevant
dNG5xsDJzaQ,en,Rk Choudhary 9602660230 Rk Marble house,not_relevant
2R0uTAjBpKE,en,India Odisha West Bengal Brace for Cyclone Dana Firstpost Earth Subscribe to Firstpost The Indian state governments of,relevant
UF_m0tPkrV0,en,Bay of Bengal Cyclone Alert 2025 3 Major Storms Hitting Odisha Andhra Pradesh Tamil Nadu Vizag Weatherman Warning,highly_relevant
KPfHijGGz8I,en,Cyclone Dana Latest News Odisha and West Bengal are states that have gained expertise in tackling the impact of cyclones,highly_relevant
UjxZmxz_deo,en,Cyclone Dana is moving towards the coasts of Odisha and West Bengal with strong winds and heavy rainfall already reported,highly_relevant
BJnsxXU0EvI,en,Cyclone Biparjoy has begun its landfall in Gujarat and nearly a lakh people have been evacuated It is after 25 years that Gujarat,highly_relevant
vEIx92O7f6E,en,Kanak News is Odisha s leading 24x7 news and current affairs TV channel from Eastern Media Limited Odisha s largest media,highly_relevant
7OQuuROR2K4,en,odisha,highly_relevant
7vHbM3E60Xg,en,Cyclone Dana Rescue Ops Underway In Various Parts Of Odisha As Storm Approaches Coast,highly_relevant
9XM20xoYMLc,en,Odisha Bhaskar is one of the state s leading Dailies and Digital Platforms and has been coming up with various objectives and,not_relevant
57LKONjFbM0,en,Odisha is on high alert as the IMD has issued a heavy rainfall warning and cyclone alert on 8th September 2025 With Durga Puja,highly_relevant
iTA7idU3AkI,en,The Indian Meteorological Department has issued an alert over the possibility of a cyclone on the coast of the Eastern state of,relevant
PPiGiJdBp_s,en,Rainfall Alert In Odisha Cyclone Wipha s Remnants May Trigger Low Pressure In Bay IMD Issues Warning,highly_relevant
At_dJAOLB0s,en,Cyclone Yaas crossed the north Odisha coast about 20 km south of Balasore between 10 30 and 11 30 am with 130 140 km per,highly_relevant
QUvXxz5B_mU,en,Odisha rain news Bbig low pressure form in bay of bengal from 27th of june Heavy rainfall alert in odisha Odisha cyclone update,highly_relevant
gmRse4QaIN8,en,This is the predicted route of the super cyclone YAAS likely to cross north Odisha Bengal around noon of May 26 with a speed of,highly_relevant
YpLRHptA1Kk,en,Over 10 lakh people have been evacuated to temporary shelters in Odisha as Cyclone Fani the most severe cyclonic storm since,highly_relevant
dwzvLfXxVRU,en,Odisha rain update big low pressure form in bay of bengal from today of july Heavy rainfall alert in odisha Odisha cyclone update,highly_relevant
B5Ls67OHRjw,en,Kanak News is Odisha s leading 24x7 news and current affairs TV channel from Eastern Media Limited Odisha s largest media,highly_relevant
G1vbfKIvljo,en,Cyclone Yaas is likely to make landfall near Odisha s Dhamra Port by the early morning of May 26 2021 says Indian,highly_relevant
VBA5GqnQtdk,en,Odisha Rain Update Another low pressure fron today heavy rainfall alert Odisha cyclone update Odisha Rain Update heavy,highly_relevant
dkyRZxz470U,en,OdishaSuperCyclone Revisiting the devastating 1999 Super Cyclone in Odisha as it,highly_relevant
Twpp7SUYBIo,en,Odisha couple braves rising sea levels to reach their home as Cyclone Dana wreaks havoc across state,relevant
EZKGexLvZYA,en,Severe Cyclone Dana In Odisha Winds Intensify At Anticipated Landfall Point In Dhamra,highly_relevant
FEiGUjn00Tg,en,Cyclone Dana will move north northwestward and cross Odisha WB IMD DG Join ANI s,highly_relevant
z4ENO49DnQM,en,Odisha Rain Update Another low pressure from 13 sept heavy rainfall alert Odisha cyclone update Odisha Rain Update heavy,highly_relevant
isdx-f7s2J8,en,At least eight people have died as Cyclone Fani barreled into Odisha this morning uprooting trees and electricity poles and cut,highly_relevant
ioKPfxVu5jI,en,,highly_relevant
jXl06REkBsc,en,Evacuations have begun as Odisha and West Bengal brace for Amphan which has now turned into a super cyclonic storm,highly_relevant
x3eVJWvyZwE,en,Cyclone Cyclone Heading Towards Odisha Coast OdishaTV is Odisha s no 1 News,highly_relevant
VN0QzpTrLVU,en,Odisha s Special Relief Commissioner Pradeep Kumar Jena shared details of Cyclone Yaas review meeting with Prime Minister,highly_relevant
08r4pO5zcFI,en,Cyclone Yaas Over 11 5 lakh people have been evacuated from vulnerable places in West Bengal in view of the impending,highly_relevant
KjwM2Wx4O9o,en,Kalinga TV is the fastest growing television channel in Odisha Kalinga TV being one of the most trusted channels in the state is,highly_relevant
ytCTOdXw8As,en,Cyclone Titli has made landfall in Odisha near Gopalpur the weather department said today The process of landfall of the very,highly_relevant
rkg0L8317C4,en,Odisha Chief Minister Mohan Charan Majhi monitored the post landfall situation of Cyclone Dana at Rajiv Bhavan,highly_relevant
fst4uofz0No,en,Ahead of the formation of a low pressure area in the Andaman Sea Odisha government has asked collectors of 18 districts to be,highly_relevant
1FedqOZM270,en,Cyclone Yaas crossed the north Odisha coast about 20 km south of Balasore between 10 30 and 11 am with 130 140 km per,highly_relevant
BbmQ9oGvdRs,en,Gusty winds and drizzle were reported in Dhamra as Cyclone Dana approaches the Odisha West Bengal coast with landfall,relevant
az62bJ9jFig,en,Cyclone Jawad is expected to hit parts of Odisha and Andhra Pradesh coasts on Sunday morning It is expected to bring heavy,highly_relevant
Bt4sINptXFM,en,Cyclone Yaas has developed into a very severe cyclonic storm and is expected to make landfall in the next 24 hours near,highly_relevant
bdeuEwmtbPs,en,Cyclone Fani made a massive impact on the coast of Odisha leaving the place battered The roads and power lines have been,highly_relevant
rcMcwmM9K2E,en,From cyclone To Safety Odisha s Disaster Resilience Strategy Catch IAS Anu Garg live at,highly_relevant
aGN96iTH8rI,en,UPSC,highly_relevant
jP7GEHq5Uis,en,Deep Depression remnant of cyclonic storm Jawad to weaken further into a Depression reach Odisha coast near Puri around,highly_relevant
83NyX4ERXJs,en,The 1999 Odisha cyclone was the most intense recorded tropical cyclone in the North Indian Ocean and among the most,highly_relevant
bzhBmeGIGtc,en,Asani the severe cyclonic storm in the Bay of Bengal packing gale force winds up to 120 km per hour was moving towards,highly_relevant
wi6xYXonR2k,en,A severe cyclonic storm is expected to hit Odisha and West Bengal by October 24 bringing heavy rains and high winds with,highly_relevant
k96LeFH314w,en,LIVE ରାତି ୧୦ଟାର ବଡ଼ ଖବର 10PM Bulletin Odisha Kanak News Kanak News is Odisha s leading 24x7 news,not_relevant
JqNXO1c2bII,en,wirh Cyclone Mora likely to intensify in next 24 hours Rains and thundershowers may occur at a few places in Odisha According,highly_relevant
v2LpBaIwoVQ,en,Heavy rains and gusty winds battered southern West Bengal on Thursday as the state administration evacuated over 2 5 lakh,highly_relevant
AahduibBrm4,en,Even as Cyclone Jawad which currently lays centered over west central Bay of Bengal is likely to weaken into a deep depression,relevant
TXsebrYMb-M,en,The Odisha Meteorological Department has issued a Red Warning for 7 districts including Koraput Cuttack Nayagarh Jajpur,highly_relevant
E6PHMK1CDKE,en,PM Modi reviewed the post cyclone situation and damages caused by Cyclone Yaas in Odisha The PM also held a meeting in,highly_relevant
6olxmxtK9KU,en,Cyclone Dana to make landfall soon prompting coastal restrictions and train cancellations in Odisha and Bengal Cyclone Dana,highly_relevant
2nsRf-jMlu4,en,Cyclone Fani pronounced as Foni which is forming in the Bay of Bengal is expected to make a landfall in Odisha on Friday,highly_relevant
N8ks6FiI2pk,en,ଆଜି ରାତିରୁ ଆରମ୍ଭ Today heavy rainfall in odisha 10 Sep 2025 today heavy rainfall in odisha,highly_relevant
nCY6F7K2TOI,en,Cyclone Yaas which made its landfall near Dhamra port in Odisha barrelled through the neighboring state and Bengal on,highly_relevant
zw0YVbs5A8U,en,Cyclone Fani is the biggest cyclone to hit India in 20 years Three people died today as the storm hit Odisha this morning,highly_relevant
g0oHDnEnwgo,en,Odisha Me Dana Ka Tandav Date 25 10 2024,not_relevant
#NAME?,en,Cyclone Dana Landfall In Odisha In Less Than 48 Hours Windspeed To Touch 120 Kmph 20 NDRF teams in Odisha and 14,highly_relevant
8OZ77Y0JcdE,en,Cyclone Asani centered at 330 km southeast of Kakinada and 350 km south southeast of Visakhapatnam late Monday night,highly_relevant
D-cI_BoZGwg,en,Odisha Bhaskar is one of the state s leading Dailies and Digital Platforms and has been coming up with various objectives and,not_relevant
2bjHPxgq17U,en,Close shave for fishermen in Odisha s Ganjam amid high tides due to Cyclone Asani Group of fishermen managed to swim to the,relevant
QM6tRVEqZlE,en,Cyclone Fani made landfall in Puri on Friday and wreaked havoc in many parts of Odisha and Andhra Pradesh At least 3 people,highly_relevant
9A5SDaVwPKQ,en,Cyclone Dana hit Odisha coast with heavy rains and winds but proactive measures ensured zero casualties says CM,highly_relevant
9-lTMbZlfJ8,en,Odisha and West Bengal are on alert over Cyclone Amphan which is set to make a landfall on 20 May 2020 10 teams of the,highly_relevant
N70YrJfvfAw,en,Odisha cyclone update Cyclone Shakti form in bay of bengal from 16 to 28 of may Cyclone sakti 2025,highly_relevant
rbczlJ_R_jc,en,Super cyclone Amphan is expected to make a landfall on Wednesday evening Amphan will make landfall on coasts of West,highly_relevant
68i9OlAwVXA,en,CORRECTION AND CLARIFICATION At counters 0 15 and 0 50 Muzzafarpur has been erroneously referred to as,highly_relevant
fOl2VSl6XC4,en,Cyclone Dana People from vulnerable areas shifted to cyclone relief shelter Join ANI s,highly_relevant
s-yXfSB1Rm0,en,It has been confirmed that cyclone Fani has killed 8 people and has injured about 160 people The cyclone after battering Odisha,highly_relevant
zydAiFJ0Ve4,en,Odisha Chief Minister Mohan Charan Majhi on Friday claimed that the state has achieved its Zero Casualty Mission as there has,relevant
xGS2MMUX7UI,en,Cyclone Yaas will cross the coast between Odisha s Dhamra and Balasore which is 150 km south of Kolkata in the next three,highly_relevant
zOzTA9Xyx70,en,Heavy rains inundated Bengal after Cyclone Yaas began its landfall near Odisha s Dhamra port The landfall process of Very,highly_relevant
jAhMPgrgFPw,en,For latest Odisha News Follow us Visit YouTube Twitter,highly_relevant
YhuL6QYPm9E,en,Why is Chennai flooding Were there no lessons learnt from 2015 And who is to blame Support our Journalism,highly_relevant
zz5H7UEC_3s,en,,highly_relevant
n6XUboGRUR8,en,Chennai Floods 2023 Cyclone Michaung s Wrath In Chennai Chennai Rain News N18V News18 Life in Chennai is mostly,highly_relevant
x4dNIfx6HVs,en,The catastrophic flooding in Chennai is the result of the heaviest rain in several decades which forced authorities to release a,highly_relevant
X6o1OvGT3nk,en,Heavy rains from Cyclone Michaung have flooded Chennai and other South Indian cities though the worst of the cyclone is over,highly_relevant
QQqgIfxDTgw,en,The 2015 Chennai Floods affected many lives Disasters like this cannot be anticipated but end up wrecking havoc on life and,highly_relevant
uM1nBo6vzz0,en,Most districts in northern Tamil Nadu including Chennai are likely to receive heavy to very heavy rainfall Deputy Director,highly_relevant
3GTa628UwJQ,en,Cyclone Michaung closing on to the eastern coast of the country several places in Tamil Nadu including Chennai were hit by,highly_relevant
8YamDPCyTeM,en,Chennai Floods Watch Drone Footage Of Chennai Floods Water Logging At Several Places Due To Rains,highly_relevant
9nfbSueLMmI,en,Various parts of Tamil Nadu witnessed heavy rains on Wednesday evening With the formation of a depression over the Bay of,highly_relevant
TocynXqfPKc,en,,highly_relevant
8hHCbFkujVM,en,Well this is one event which changed the perception of a common Chennaite about Weather It created a lot of awareness and of,highly_relevant
tYPviaCJH0k,en,Severe cyclonic storm Michaung hit Chennai on December 04 triggering more than 40 cm of rainfall in 48 hours This wreaked,highly_relevant
fr0nBfMJmvc,en,,not_relevant
uD-ij24d_xU,en,chennai Cyclone Subscribe to Sun News Channel to stay,highly_relevant
XdxQoXYrpyo,en,As thousands of people stand losing their homes and belongings to the Chennai floods several residents of the city have got,highly_relevant
xd6WmpOxM18,en,Heavy rains have been lashing various parts of Tamil Nadu including Chennai and its suburbs at frequent intervals bringing back,highly_relevant
aUynmQ2yRAo,en,,not_relevant
H8BP8y4WgU4,en,For Sponsorships collab com Join this channel to get access to the perks,highly_relevant
5EU5SyrXmIY,en,North chennai Rain flood affected places Dinamalar Dec 7th 2015 For more videos Subscribe To Dinamalar,highly_relevant
qrdF5y6XPqY,en,It appears that the Tamil Nadu government has not learned any lessons from the 2015 floods in Chennai A Chennai based NGO,highly_relevant
in0fqBBlQGo,en,,highly_relevant
tCuR-3KirWs,en,A look at the urban planning of the city shows that it is very much possible This is how,highly_relevant
ux8BG0ygz3o,en,On The Buck Stops Here Environment Minister Prakash Javadekar says the floods in Chennai are at least partially induced by,highly_relevant
W_AQY7qjl5w,en,Chennai Flood Rainfall eases but situation still grim,highly_relevant
OhNqi4HnLqI,en,Year after year monsoons in India cause massive water logging and flooding in cities like Delhi Mumbai Bengaluru and Chennai,highly_relevant
pnFrvU3DIyE,en,It appears that the Tamil Nadu government has not learned any lessons from the 2015 floods in Chennai A Chennai based NGO,highly_relevant
UL-CRP6AWbE,en,The family of chess ace Viswanathan Anand threw open the doors of its house here to some flood affected people of nearby,highly_relevant
ocwn_5mnVTg,en,Chennai witnessed heavy rain with thunder and lightning on Friday morning The IMD had already forecast thunderstorms and an,highly_relevant
fZII1rK9VeE,en,A rain weakened bridge caved in Avadi a suburb city of Chennai leading to panic and chaos among local residents Panicked,highly_relevant
PyiVZIhEwHc,en,New StudyIQ Channel Subscribe Now for Exclusive Videos and,highly_relevant
7GXBaFFFmUM,en,Chennai Flood 2023 Union Defence Minister Rajnath Singh held a significant meeting with Tamil Nadu Chief Minister MK Stalin,highly_relevant
oriQPQREl0g,en,Correction Manushi Jain is a Co Founder and Director with Sponge Collaborative and not with Sponge Collective as erroneously,relevant
18tWph0POKA,en,Devastating floods in Chennai and forecast for more rain has once again raised questions on whether enough was done to,highly_relevant
k_pDLuJqQJE,en,Avittam Nayanmar Tambaram Flood Free Apartments in Tambaram Corporation Are you searching for the best apartments in,relevant
TgnXvUEdsL8,en,Tuesday morning brought much needed relief for Chennai as the torrential rains caused by Cyclone Michaung ceased But the,highly_relevant
EmGo--lQL68,en,Chennai Flood Live Updates Chennai Rain Tamil Nadu Rain Chennai Rains LIVE Updates Chennai Flood School and,highly_relevant
xFdv7MrmroI,en,Contrary to the forecast by the Met Department heavy rains are lashing the already flood hit Chennai city Follow us YouTube,highly_relevant
_Conzj9xFuA,en,As the monsoon season begins in Chennai residents are choosing to park their vehicles on bridges to avoid potential flood,relevant
keDmd292aTg,en,As many as 14 people were killed in rain related incidents in Tamil Nadu standing crops were submerged trees uprooted and,highly_relevant
u72z34wwoec,en,Chennai s flood crisis has eased and water is receding from various parts of the city but some areas remain cut off after the worst,highly_relevant
Hyg1NnwptBI,en,IAF helicopters and INS Kattabomman of the Indian Navy extend aid to flood stricken Tamil Nadu Helicopters deliver 5 5 tonnes,highly_relevant
oqJFPXW48bM,en,The southern coast of India saw the worst torrential rainfall ever in the month of November 2015 The heavy rainfall continued from,highly_relevant
kd7X4RdAt8g,en,On Sunday Chennai received the heaviest rainfall it has had since 2015 In ten hours the city recorded about 14 cm of rain,highly_relevant
g8HReUMJwfQ,en,Script by Yudhajit S Das Chennai Floods are a wakeup call for India We need to course correct According to a report by the,highly_relevant
QX7YLAU_Tyw,en,Chennai flood Prime Minister Narendra Modi announces immediate relief of Rs 1000 crore Watch India TV s special report from,highly_relevant
BX9eIlt3AaY,en,Watch Seven at 7 for the latest news and updates making headlines across the country this evening,highly_relevant
Iddi-ijVZx4,en,Going beyond food and relief supplies people and agencies in Chennai are doing their bit to help in relief and rehabilitation in the,highly_relevant
4y1PQWIWIn0,en,visuals of flood hit chennai,highly_relevant
wE9nlrpzrsQ,en,Bollywood superstar and Kolkata Knight Riders co owner Shah Rukh Khan has donated Rs one crore for the victims of Chennai,highly_relevant
Gp1h5CRsypc,en,The flooding in Tamil Nadu triggered by intense showers and the release of surplus water from dams has claimed 14 lives,highly_relevant
xAZZr7CbJAc,en,Watch Promise Vs Delivery Budget Debate With Arnab Goswami,highly_relevant
5EY_ukt4syo,en,There is going to be extremely heavy rainfall throughout the night there s going to be a deluge Very intense event coming up,highly_relevant
r20UK4uuhbg,en,The body of a person from Chennai who is suspected to have died in the heavy rains that lashed Chennai has washed up on the,highly_relevant
oLbIMdxBF40,en,Floods in Andhra Pradesh have impacted north Chennai water has entered many homes and boats have been deployed to help,highly_relevant
sjyn_XYYLRo,en,Chennai Floods A 2 km stretch of the Chennai Puducherry East Coast Road ECR has been inundated after the lake in,highly_relevant
B9x_mETuAtA,en,,highly_relevant
ocAGVNebDUM,en,Chennai is once again preparing for monsoon floods but are the measures enough In 2023 the Thiruppugazh Committee,highly_relevant
hO_11w3oKmo,en,Chennai region has received good overnight rains with Ennore port receiving 175 mm DGP office 157 mm Nungambakkam,highly_relevant
BcQyv_q0-rM,en,Chennai Flood 2023 Chennai is currently facing persistent challenges in the aftermath of Cyclone Michaung with residents,highly_relevant
QTNk9wefw54,en,More rain is on the way to Chennai India which has already been ravaged by heavy flooding CNN Meteorologist Pedram,highly_relevant
gBp4TyJ6Cgo,en,The Amir Mahal in Chennai s Royapettah which is the palace of the Nawab of Arcot opened its doors to scores of families who,highly_relevant
4K51PfM7wdg,en,தத்தளிக்கும் தமிழகத்தை மீட்டெடுக்க கரம் கொடுப்போம் Subscribe,highly_relevant
xxirnzIvFBk,en,Google Launches Tool to Help Chennai Residents Watch the full video to know the insights Subscribe to Times Of India s,highly_relevant
yZ15s56ztU4,en,,highly_relevant
kHtoL3z1Bm4,en,The aftermath of Cyclone Michaung has left Chennai devastated with 12 casualties reported in rain related incidents As 72 hours,highly_relevant
FLSxXQUnGoI,en,Cyclone Michaung a severe cyclonic storm unleashed its fury on Chennai and parts of Andhra Pradesh causing widespread,highly_relevant
PO0PWL331KA,en,Chennai floods Rajeev Chandrashekhar visits flood affected areas of Chennai Tamil Nadu,highly_relevant
9CS4x3ppqmU,en,Chennai Flood Prime Minister Narendra Modi reaches Chennai to take stock of flood situation PM Modi will meet CM,highly_relevant
bIwx89Xo5yg,en,,highly_relevant
qyaRoUMyDmY,en,Flood Water Flow Increases in Chennai For more latest updates on news Subscribe to NTV News Channel,highly_relevant
1XS0vL-GbjU,en,Chennai floods Temples in Flood Water in Chennai For more latest updates on news Subscribe to NTV News Channel,highly_relevant
tK0BzlPRkhU,en,Incessant rains have caused flood like situations in Chennai Several areas are facing heavy water logging It is the highest,highly_relevant
N11X_koavQI,en,puthiyathalaimuraitv Puthiyathalaimurai TV Puthiyathalaimurai News Puthiyathalaimurai News Live,highly_relevant
5AusY75_SlI,en,Torrential rains and the resulting floods have disrupted daily life in Chennai and the surrounding areas of the Tamil Nadu capital,highly_relevant
DdXcMbWNCGg,en,As heavy rains lashed Chennai ahead of the onset of Cyclone Fengal people parked their cars on flyovers in Velachery which is,highly_relevant
QCiST6Nh-oo,en,Several parts of Chennai went under water on Sunday morning after the city recorded heavy overnight rains From Saturday,highly_relevant
DYahtFsmHMM,en,Re upload since it had some glitches in the previous edit In 2023 Dec Chennai faced unprecedented challenges as it grappled,highly_relevant
lIBXdB5Zack,en,படிப்படியாக மூழ்கிய சைதாப்பேட்டை பாலம் Subscribe to Vikatan Channel here,highly_relevant
e0f9gv6fx-w,en,The record breaking rains that caused floods in Chennai have once again raised a question in everyone mind Footage seen,highly_relevant
PeUB2tVq7fo,en,The Church of South India Union called off Christmas celebrations to do relief work instead The move comes with Christmas,highly_relevant
-9WhG7rqG8E,en,A war of words has erupted between the ruling DMK and the main opposition AIADMK in Tamil Nadu over waterlogging woes in,highly_relevant
jkkyrdPxdEs,en,sanitaryworkers,highly_relevant
OxFnTLdc7vw,en,Stay informed with live updates on the current weather situation in Chennai and across South Tamil Nadu as the Indian,highly_relevant
a4R3dFrVkgU,en,heavyrain Before After Chennai OMR Road Chennai Rain Heavy Rain Sun News Subscribe to,highly_relevant
w58BojQsFbU,ta,பர்வதமலை வெள்ளத்தில் சிக்கி பலியான சென்னை பெண்ணின் மகன்,highly_relevant
kvFWYmfm0TI,en,Thanks to heavy rains over the past few days in Chennai tonnes of garbage including plastic thermocol and rubber can be seen,highly_relevant
0O_okqaBL8w,en,A woman fell after she tripped on a manhole constructed for laying a stormwater drain in Chennai s Preambur area The incident,highly_relevant
A-IzGLU6znQ,en,India Prime Minister Modi s visit to Chennai was meant to show solidarity for the victim s of the floods but India s Press Information,highly_relevant
RGdyPEyBkJ8,en,Development projects should have learned from Tamil Nadu Flood The official YouTube channel for Manorama News,highly_relevant
afXFpbAHghg,en,The American India Foundation is committed to catalyzing social and economic change in India and building a lasting bridge,highly_relevant
qTxhN-3XeTI,en,Chennai flood Finance Minister Arun Jaitley distributed loans and insurance amount to people,highly_relevant
096ErkvFgTk,en,ssmusic,highly_relevant
Y1FZZAc2sqI,en,chennaicorporation Chennai Corporation Rain Flood CHennai SUn News Subscribe to Sun News,highly_relevant
ymbJ5QnyiG0,en,brave rescue operation by IAF in Flood hir Chennai,highly_relevant
463b2XGqfqI,en,Tamil Nadu Rains LIVE Updates Waterlogged Roads Creates Trouble For People Arumbakkam Metro Station,highly_relevant
yJS9yCpv-2U,en,Multiple tidal waves hit as the tide come in after the land fall of cyclone Fani,highly_relevant
NDIIFyQmcCw,en,A 120mph tropical storm pounded eastern India and Bangladesh today killing at least 15 people and destroying thousands of,highly_relevant
TmkNsXq_U_E,en,The 1737 Calcutta cyclone also known as the Hooghly River cyclone of 1737 or the Great Bengal cyclone of 1737 was the first,highly_relevant
P7F2fDel5Qk,en,Nozipho after the storm struck with its high winds and storm surge flooded villages or kept them flooded for a few days to weeks,highly_relevant
ZLcROznSwVM,en,Cyclone Amphan made landfall in West Bengal India near the Bangladeshi border Amphan became the strongest storm ever,highly_relevant
UffWXN0dLLs,en,,not_relevant
QKI6ht81Uig,en,Caesar Lisflood simulation of 1 100 yr storm surge event,highly_relevant
dH_DvklQwU4,en,Suhrawardy Ave a few hours after the eye of Cyclone Amphan flew over Kolkata on 20th May 2020 Some electric supply still,highly_relevant
GdDjwbFidGU,en,If you have trouble sleeping or are stressed or tired try listening to the natural sound of rainstorms from this video Natural rain is a,highly_relevant
EWRVR_RjEuA,en,Cyclone Yass has killed at least one person damaged thousands of mud houses and forced the closure of a busy Kolkata airport,relevant
O4pFdLJmG7M,en,Simon Brewer a storm chaser tries to gather data about Hurricane Irma and in doing so witnesses the power of the storm,highly_relevant
9U5EUn8fDfg,en,Follow our partners on Facebook Cyclone Amphan has made landfall on Sagar Island,highly_relevant
NUKCQwZKiRM,en,cyclone,highly_relevant
3r-4eJvmPPc,en,More information about this research can be found at Coarse spatial resolution,highly_relevant
HlO0CAdpYlw,en,Explore the devastating impact of the 1876 Great Calcutta Cyclone a deadly storm that reshaped disaster management in,highly_relevant
qtPcRPuFTtc,en,top 10 most dangerous cyclone in the world history,highly_relevant
yw0nhu2hOpI,en,KOLKATA INDIA India and Bangladesh are evacuating millions before the path of Tropical Cyclone Amphan which is,highly_relevant
0BIZ8Yc0bC8,en,Massive Rains Lashed over Kolkata and Surroundings on 9th March Due to Trough Formation some places Recorded over 70,highly_relevant
qHfRNvlUjkQ,en,Footage shows Cyclone Amphan shaking trees as it hits the town of Howrah in West Bengal India today May 20 at 4pm local,highly_relevant
BDIjym9ATaY,en,Discover the devastating 1737 Calcutta cyclone a lesser known disaster that changed colonial India s landscape leaving a,highly_relevant
S0Di-O5ERoc,en,Massive Localized Thunderstorm Swept South Bengal with Severe Lightning and Thunder All Rights Reserved with Weather,highly_relevant
7hcSNyuhZPA,en,,highly_relevant
91vaz1KOCZM,en,Amphan Landfall West Bengal It is becoming increasingly evident that hurricanes typhoons and tropical cyclones worldwide are,highly_relevant
B39UGYLcs7Y,en,Leading to the Moisture incursion from the outer bands of the Deep Depression that Formed over Northwest Bay of Bengal Earlier,not_relevant
diGOn1Uu2rk,en,It is the first super cyclone to form in the Bay of Bengal since 1999 Though its winds had weakened by the time it struck it was still,highly_relevant
Si4s2egT9Oo,en,The Indian city of Kolkata braces for Amphan one of the fiercest cyclones in decades as it barrels towards Bangladesh and,highly_relevant
59-PbGA6vQQ,en,The Indian Meteorological Department IMD has informed that cyclone Amphan made landfall at 2 30 pm IST According to IMD,highly_relevant
cpJ5lreK8Nk,en,,not_relevant
#NAME?,en,12th June 2023 experienced enjoyed heavy rain in Kolkata tune with Shaina Jamdagni Biporjoy is the only third extremely,highly_relevant
pPDbx4gZJ60,en,As cyclone Amphan makes landfall in West Bengal and Odisha 72 people are reported dead along with colossal loss to,highly_relevant
ib24LnVYq5w,en,Uncover the devastating impact of the 1864 Calcutta Cyclone exploring its causes and the resilience of survivors,highly_relevant
#NAME?,en,Cyclone Yaas pounded the beach towns in north Odisha and neighbouring West Bengal as it hit the coast around 9am on,highly_relevant
Ykr19PGKYuQ,en,Colossal Rainstorm Swept The City of Joy with winds Gusting well past 100 km h and Downpour of 21 mm in just under 50,highly_relevant
4dm84BMvYNw,en,About 1737 Calcutta Super Cyclone 1737 Calcutta Cyclone also known as Hooghly River Cyclone is the 1st Super Cyclone,highly_relevant
VOQOJgnR1rA,en,The tides during this period around the Equinox in Autumn Sept Oct is locally kown as the Sarassari r Baan or Tide Saar means,not_relevant
sWbfcC-7krM,en,,highly_relevant
WdIwstNIefI,en,Cyclone Fani one of the strongest storms to batter the subcontinent in 20 years uprooted trees and triggered rain as it entered,highly_relevant
qolsMcScnCU,en,Track Animation of 1737 Calcutta Cyclone Super Cyclonic Storm by IMD Cat 5 Tropical Cyclone by SSHWS About the Cyclone,highly_relevant
RP4BUllfTIo,en,Cyclone Remal in West Bengal,highly_relevant
5Fo-9H6PofM,en,The eastern Indian city of Kolkata has been devastated by a powerful cyclone which has killed at least 84 people across India and,highly_relevant
Lntt9V-gVRA,en,Digha sea beach water waves beautiful weather,not_relevant
c68s_eo-W6o,en,Stay ahead of the storm In this video we provide the latest update on Cyclone Remaly which is brewing in the,highly_relevant
K7bABO4m2-8,en,,highly_relevant
zjTEIhmirIU,en,Edit with InShot,highly_relevant
x7MdtCIAx6E,en,Massive Localized Thunderstorm Swept South Bengal with Severe Lightning and Thunder All Rights Reserved with Weather,highly_relevant
z6i0jTFkVYE,en,Tall CB Cloud Formation Led to a Torrential Downpour on Late Afternoon over Kolkata Major Road were Flooded due to Heavy,highly_relevant
zw1XrZev1Jg,en,Cyclone amphan at kolkata odisha news and video,highly_relevant
16cM_r_mYNY,en,,not_relevant
fL5mFTOzlbM,en,On May 7th 2013 emerging sustainable development leaders participating in course gathered in Wollman Hall at The New,not_relevant
v2Jk-nhqJPE,en,,not_relevant
B9rkZ--rjRg,en,,highly_relevant
JOhfIf1y1LY,en,This super cyclonic storm severely affected the different district of West Bengal with kolkata Worsely smashed building trees,relevant
YIoBZnBxOKU,en,An enthralling tale of the devastating 1737 Calcutta Cyclone a disaster overshadowed by time that left significant impacts on the,highly_relevant
hFX-3X8iMWw,en,shortvideo,highly_relevant
4NqKEZgSoXU,en,Bengal aur Kolkata par Mandaraata Aane Wala Toofan OUTLINE 00 00 00 Bay of Bengal Brews a Storm 00 00 48 Kolkata and,highly_relevant
jlL-TOvayIU,en,Subscribed and Share and thanks to follow this channel Three persons were killed as super cyclonic storm Amphan made landfall,highly_relevant
VoipvT_q4a0,en,Ocean lightning strike near Jupiter during strong storms Subscribe to WPBF on YouTube now for more Get,highly_relevant
PV2Gvjfu-7c,en,Kolkata West Bengal On cyclone Remal IMD scientist Dr Somenath Dutta says The exact location is 18 2 degrees North and,highly_relevant
kDqUBH0_Afc,en,Experience the raw power of a massive Category 5 typhoon slamming into a coastal city Extreme winds tear apart houses cars fly,not_relevant
hesTk0pFXv4,en,On October 7 1737 the Bengal region of India faced one of nature s deadliest tests a catastrophic cyclone originating from the,highly_relevant
cLR1Pv890YI,en,Gears I Use Camera Webcam Mic,highly_relevant
TMyqC2ZIjhI,en,Amazing huge nightmare tsunami wave attack scene 40 Wave attacking wipes out and flooding a city and roads Doomsday,highly_relevant
oeLk1d52guY,en,kolkata after 24hrs rain subscribe my channel,highly_relevant
iM8ez0eGyUc,en,,not_relevant
Z3JNg7dqips,en,River GANGA High tide with wave at Mangal Pandey Park Barrackpore Kolkata High tide in Ganga River Tidal wave seen in,not_relevant
LfTlzwtQIEg,en,,not_relevant
FtVI9xCoOSc,en,A powerful cyclone tore into eastern India and Bangladesh on Wednesday May 20 destroying mud houses and embankments,highly_relevant
_JQENLs2njo,en,Zoom Earth radar overlays wind fires,not_relevant
TvFz1z09b7Y,en,Puri sea beach ki dangerous waves shooting term,not_relevant
u8WaZ9ck_Fg,en,Follow our partners on Facebook Cyclone Amphan made landfall earlier today in West,highly_relevant
1_tAxGrmf-4,en,Super Cyclonic Storm Amphan was a powerful and deadly tropical cyclone that caused widespread damage in Eastern India,highly_relevant
C4WCBXurnHI,en,Heavy Rains LAshed the City of Kolkata on 10th Mar 2017 Due to Trough Extension from Assam to Andhra which was flowing,highly_relevant
shzQ6xWvqbA,en,,not_relevant
7ugoxQgZcmA,en,,not_relevant
keWN6Kas4ZA,en,shorts,highly_relevant
RkdXLENAH8I,en,Visual journalist Michael Robinson Chávez photographed along the Bay of Bengal where communities are experiencing the,not_relevant
fKbchZMllUE,en,,highly_relevant
AeCrmDCfO-o,en,,not_relevant
unxtYg5k_UA,en,The eastern Indian city of Kolkata has been devastated by a powerful cyclone which has killed at least 84 people across India and,highly_relevant
V6hAu2C8OQ0,en,This video is from bandel a suburb near kolkata where severe storm cyclone yaas made its impact stay safe,highly_relevant
ZCurzLPMq2g,en,Title Cyclone Remal Arrival in Kolkata Description Witness the power and devastation of Cyclone Remal one of the most,highly_relevant
9a_rD8u_55w,en,Enhance your intellectuality,not_relevant
GaqTC8b0ZVY,en,cycloneyaas,highly_relevant
FLzopOa7TNQ,en,,highly_relevant
0PlLvpYbY4c,en,,highly_relevant
TORGbCBwGtM,en,Cyclone Amphan the equivalent of a Category 3 hurricane was packing winds of up to 170 kilometres 105 miles per hour with,highly_relevant
1mKRB08Iu0o,en,Ever so Amazing Monsoon Rains Brokeout over Kolkata on the Afternoon of 27th July 2017 The Shwoer was Brief but wa a,highly_relevant
OrFHJgz4Kn4,en,flood,highly_relevant
wDCJiBJvdCE,en,,not_relevant
QK1oQtlx0d8,en,,highly_relevant
9od5bnhJYws,en,Video from Md Masikur Rahman,highly_relevant
z8rYJPxyESY,en,Parts of Kolkata witnessed severe water logging after widespread overnight rainfall which affected the vehicular movement in the,highly_relevant
B6Z6-De30D4,en,,not_relevant
9k5l-4nXSVI,en,Yash storm Kolkata storm Cyclone Halisahar storm Jhor West Bengal Live storm Live cyclone,highly_relevant
iH4jjVfMiFU,en,shorts,not_relevant
8lDpSgHnaJ0,en,cyclone yaas latest odia news cyclone yaas live updates cyclone yaas update live cyclone yaas update live in hindi cyclone yaas,highly_relevant
dy4IcpJoWTU,en,Mumbai India s financial capital is once again reeling under a mega deluge With over 300 mm of rainfall in just 24 hours key,highly_relevant
F443WLKWI80,en,Heavy rain caused flooding in Mumbai India on May 26 putting roads and cars underwater,highly_relevant
TRz9xRekRaw,en,Mumbai experienced heavy rainfall leading to widespread waterlogging on streets and major traffic disruptions Commuters faced,highly_relevant
FEDLBcv90sk,en,Torrential rains have returned to Mumbai submerging streets halting trains and bringing the city to a standstill Our ground report,highly_relevant
Eo9BsKpjVwU,en,Mumbai is reeling under heavy rains since early Monday causing widespread waterlogging delays in local train services and,highly_relevant
qOWKgxRrHkM,en,Mumbai is India s entertainment and financial capital and its most developed city yet it s roads are waterlogged every year,highly_relevant
XVn8ot7BeSI,en,Mumbai is drowning again Nearly 300 mm of rain in 24 hours has turned India s financial capital into a waterpark nobody asked,highly_relevant
eCFHBKvqJyw,en,Torrential rains in parts of India s western Maharashtra state brought widespread destruction and triggered waterlogging and,highly_relevant
fGwNLSFwACU,en,Mumbai experienced heavy rainfall leading to widespread waterlogging on streets and major traffic disruptions Commuters faced,highly_relevant
tVvF_eY4_ZY,en,The India Meteorological Department has issued an orange alert for Mumbai due to heavy rains on Wednesday August 20 2025,highly_relevant
T_loFhxzurQ,en,Mumbai receives the earliest monsoon in 75 years in the month of May Delhi also witnesses extreme weather India s capital,highly_relevant
10UDxZ3NJYY,en,Mumbai is experiencing widespread flooding due to heavy rainfall Government and semi government offices schools and,highly_relevant
OILPPxUccCs,en,Mumbai reels under heavy rains for consecutive days as severe waterlogging disrupts daily life Subways and local trains are,highly_relevant
S951pSfQcMA,en,Mumbai is facing one of its wettest Augusts in a decade with record breaking rains flooding streets halting transport and putting,highly_relevant
8H_HAYa01DQ,en,Heavy rainfall has caused widespread waterlogging across Mumbai leading to significant disruption Nine flights were forced to,highly_relevant
#NAME?,en,mumbai flood 2025 mumbai rain 19 8 2025 mumbai waterlogged 2025 mumbai me bhayakar barish 2025 mumbai me red,highly_relevant
33enFK8sbsM,en,Mumbai Rain Despite heavy downpour Western Railway s suburban train services in Mumbai remain operational with slight,highly_relevant
QvjqAc1IwNE,en,At least 21 people have died in the last four days due to rain and flood related incidents across Maharashtra The torrential rain,highly_relevant
lN3EIe7Y_Jc,en,Mumbai experienced heavy rainfall leading to widespread waterlogging on streets and major traffic disruptions Commuters faced,highly_relevant
lDNNEAnfir8,en,A very severe cyclonic storm with winds gusting up to 185 km per hour began making landfall on the Gujarat coast Monday night,highly_relevant
kSHuuuQX3rM,en,Mumbai Flood City of drowning dreams Huge Flooding Roads Turned into Rivers This channel lists natural disasters such as,highly_relevant
RRCM0BDS2EI,en,Why do the same scenes emerge from Mumbai every time monsoon rains arrive Brut India is the fastest growing digital video,highly_relevant
Arqjkw9JuCQ,en,Mumbai Floods LIVE Streets Turn Into Rivers Shocking visuals emerge as relentless rainfall pounds Mumbai leaving major,highly_relevant
3IyO_0qhprk,en,Mumbai Floods LIVE Flooded Mumbai Roads Vanish Trains Delayed Chaos Unfolds Mumbai Rains LIVE Shocking visuals,highly_relevant
k9o1eVJK5ks,en,Torrential rains across the state of Maharashtra in western India caused widespread damage and triggered waterlogging and,highly_relevant
_tuzT7lJWQc,en,Mumbai is battered and drenched once again For the third day in a row the city woke up under a deluge with the IMD issuing a,highly_relevant
jNRAG8csO5A,en,Mumbai experienced heavy rainfall leading to widespread waterlogging on streets and major traffic disruptions Commuters faced,highly_relevant
w67ylB3vwjE,en,WATCH Caught on Camera Several houses and walls built on a hill in Mumbai collapsed within seconds after intense rainfall,highly_relevant
o22XvsS_a60,en,The floods in Mumbai have triggered a meme fest on Indian social media As companies shifted to online work employees in,highly_relevant
4Z2V1eZwubQ,en,Mumbai is drowning again Nearly 300 mm of rain in 24 hours has turned India s financial capital into a waterpark nobody asked,highly_relevant
aeLqENxq_eA,en,After heavy rainfall in Thane Mumbai an underpass was left severely waterlogged trapping a car with two passengers inside,highly_relevant
r9oN5rPQYdo,en,MUMBAI DROWNS IN MONSOON AGAIN Heavy rainfall lashed Mumbai on July 21 2025 causing widespread waterlogging,highly_relevant
A86_HOEPv6Q,en,Continuous heavy rainfall for over 15 hours has severely impacted Mumbai causing widespread waterlogging on streets and,highly_relevant
HSTUaFTunUQ,en,Schools and colleges have been shut several areas are waterlogged and massive traffic jams have been reported as Mumbai,highly_relevant
p7cd3AvOWZ0,en,Nearly 350 persons from Mumbai s Kurla area were shifted to safer locations as the Mithi river in the city swelled after torrential,relevant
4w-A2JUspv8,hi,abpmajha ाझा,not_relevant
5XaXLDbAXaI,en,Heavy overnight rainfall has drenched Mumbai causing flooding and waterlogging in several parts of the city including South,highly_relevant
KOMWdwdNqb4,en,ThePrintEssential On 2nd July this year Mumbai came to a standstill Exceptionally heavy rains lashed at the,highly_relevant
PRzVIboonew,en,Children Stuck In School Bus On Flooded Mumbai Road Rescued By Police Amid Heavy Rains WATCH,highly_relevant
nj-l_Cz2f2A,en,Mumbai witnessed heavy rainfall yesterday and the aftermath reveals a harsh reality Streets flooded not just with water but with,highly_relevant
5xkNx2o3fiI,en,Heavy rains in Mumbai on August 19 2025 caused severe waterlogging across the city leading to massive traffic disruptions,relevant
SDLSYE_GIlE,en,Heavy rains lashed Mumbai bringing India s financial capital to a standstill Severe waterlogging across key areas left,relevant
abbsXMgMVW8,en,,highly_relevant
xHeDtL9iAXY,en,Heavy rain in Maharashtra caused 8 deaths flooding and crop losses prompting evacuations and rescue operations as,highly_relevant
xevKf3_6BYo,en,Mumbai continues to experience torrential rain leading to widespread disruption Over 400 flights faced delays and road and rail,relevant
wrZe6ot8czw,en,KEM Hospital Flooding Mumbai Mumbai Rains Flood KEM Hospital Ground Floor Flooded Ops Affected Heavy rainfall in,highly_relevant
4U3d71I2KSs,en,Extreme weather continues to batter India Mumbai records 550mm of rain in just 81 hours submerging low lying areas disrupting,highly_relevant
Ind_4z9tNZ0,en,Mumbai Rains Shocking visuals emerge as relentless rainfall pounds Mumbai leaving major roads waterlogged and commuters,highly_relevant
roa-vEcCTbM,en,Heavy rains have submerged several areas of Mumbai causing traffic chaos and flooding An Indigo flight faced difficulties during,highly_relevant
hziaNgnT75I,en,Mumbai was caught completely off guard as the monsoon arrived nearly two weeks early the earliest ever in recorded history,highly_relevant
bKSeiCHsol8,en,Mithi River Overflows 140 Slum Homes Evacuated in Mumbai Rains Heavy rains in Mumbai have caused the Mithi River s water,highly_relevant
4yqLL8tppTU,en,Heavy rain continued to lash Mumbai for the fourth straight day throwing normal life out of gear as severe waterlogging disrupted,relevant
R_MGiqeoiA0,en,Shocking visuals emerge as relentless rainfall pounds Mumbai leaving major roads waterlogged and commuters stranded,highly_relevant
AbKmpIYiOcY,en,Mumbai s monsoon chaos got a dose of heroism and a little fun thanks to a local Spider Man A man dressed as the iconic,highly_relevant
i1zxerAF8y8,en,Mumbai Rains Torrential rains battered Mumbai again leaving several parts of the city submerged in waterlogging Viral videos,highly_relevant
Aae3KtH4dfY,en,Heavy continuous rainfall has once again paralysed life in Mumbai and adjoining areas leaving many areas and homes severely,highly_relevant
95BxEKDzO0g,en,Video Mumbai s Newly Inaugurated Worli Metro Station Flooded Mumbai Rain Updates Mumbai weather live update,highly_relevant
cl5aimf0RI0,en,Mumbai High Alert Amid Heavy Rain Flood Chaos Early Monsoon Hits Wettest May in 100 Years Heavy rainfall continues to,highly_relevant
vazEVgtJMxE,en,Monsoon Mayhem LIVE Updates Mumbai s Flood Issue Yamuna Above Danger Mark In Delhi LIVE News,highly_relevant
xBQGqFCc6ZY,en,Torrential rains in parts of India s western Maharashtra state brought widespread destruction and triggered waterlogging and,highly_relevant
Kpm6XlIsrgE,en,,highly_relevant
be6GG0y3GkI,en,Heavy rainfall lashed Mumbai on Friday leading to waterlogging in several parts of the city and disrupting daily life An underpass,highly_relevant
ZJS2rCgHazA,en,Mumbai experienced relentless rainfall for three consecutive days leading to widespread waterlogging and significant disruption,relevant
WoZWRD4RItQ,en,Mumbai battles heavy rains for the 3rd day with 550mm downpour in 81 hours IMD issues red alert trains flights hit schools,relevant
wcQV8GXkx10,en,At Sheetal signal on LBS Road in Kurla Mumbai a heavy downpour led to severe flooding with vehicles including cars,highly_relevant
DzVUXMW05dA,en,FirstIndiaNews,highly_relevant
3lyC5eTbOYs,en,Floods Traffic and Chaos Monsoon Deja Vu for Indian Cities Vantage with Palki Sharma N18G India s cities are grappling with,relevant
jKHKNRCWhnc,en,Heavy rainfall continues to affect Mumbai leading to widespread waterlogging across the city Areas including Sayan Kulla,highly_relevant
dYxYixhOO-k,en,Heavy rain lashed Mumbai causing severe waterlogging a chaotic traffic situation The met department has issued an orange,relevant
Eu8em8HZAwg,en,Heavy overnight rain drenched Mumbai surrounding areas leading to severe waterlogging in low lying areas like Kurla Sion,highly_relevant
yQv8S3m5XX0,en,Mumbai is currently grappling with significant rainfall impacting daily life across the city Since noon on September 25 heavy rain,highly_relevant
xqDpvfmdwtc,en,Floods have taken a far more deadly toll on Mumbai then terror but even 2005 carnage didn t change things in a big way,relevant
49PCWiIwY7k,en,India s Mumbai paralysed by deadly floods Two days of heavy monsoon rains have killed at least six people including two,highly_relevant
_YVT6RrjOPM,en,Crazy man drives BOAT in MUMBAI FLOOD to commute YT daily Funyaasi Watch the latest YouTube,highly_relevant
Anr2NhKWjsc,en,Mumbai Monsoon News Underground Worli Metro Station Inundated After Heavy Rainfall Across Mumbai The Worli,highly_relevant
mFxYq19SCy0,en,As many as 30 tourists were stuck in the Raigad fort amidst heavy showers as multiple regions in the state of Maharashtra remain,not_relevant
vaJLz8cCnRs,en,India Heavy Rain Continues To Batter Mumbai IMD Issues Red Alert Subscribe to Firstpost N18G The Indian city of Mumbai,relevant
oIxmRYVrXUA,en,,highly_relevant
L1zS4wBhR7A,en,Mumbai faces severe flooding as monsoon arrives two weeks early bringing the heaviest May rainfall in 107 years The newly,highly_relevant
b0lTiLHltno,en,Mumbai Monsoon News Underground Worli Metro Station Inundated After Heavy Rainfall Across Mumbai The Worli,highly_relevant
dSjIf0duLWw,en,Mumbairains on 26th July in 2005 can never be forgotten was battered by heavy rainfall which caused havoc across,highly_relevant
uTJ0x-olqgs,en,Mumbai faces floods as its drainage system lags behind heavy rains sea rise encroachments and poor planning Despite big,highly_relevant
BNm3pTKkirk,en,IMD warns of heavy rains in Mumbai as schools colleges and offices remain closed Trains and flights disrupted exams,highly_relevant
2pfBY3RWado,en,Local trains suspended passengers forced to walk on tracks flights delayed and people wading through water on the streets,highly_relevant
cLXdaWOm7Gk,en,Heavy rain paralysed Mumbai for a fifth straight day prompting the IMD to issue a red alert Local trains were cancelled flights,highly_relevant
4CcWsejhJds,en,50 Crore Houses With Flooded Streets Vantage with Palki Sharma N18G In India s most expensive neighbourhoods the rain,highly_relevant
k1m7QrI5rL4,en,Tucked between high rises and highways Mumbai s mangroves are doing more than we think The economic and ecosystem,highly_relevant
dLT6SkH_c9Y,en,Mumbai rains Part of a Dombivali township built on flood plains submerges under water The situation was so bad that vehicles,highly_relevant
ZTeWZnaQvyc,en,Mumbai Rains Live Updates Heavy Rain Paralyses India s Financial Capital Mumbai Mumbai Floods News mumbai reels under,highly_relevant
qtcfBu0T4Cs,en,puthiyathalaimuraitv,highly_relevant
X66QHWMyq40,en,Heavy rainfall continue to impede Mumbai leading to severe traffic congestion waterlogging in several areas forcing residents to,highly_relevant
9icrk1x6dzM,en,India s financial hub Mumbai was lashed with heavy rain and strong winds on Monday May 17 2021 as the country s most,highly_relevant
5SNmuaPTYh4,en,Mumbai caught in chaos as unseasonal storm brings heavy rains flooding subways and causing hoardings to collapse,highly_relevant
aCXPp5jkO9c,en,Mumbai Rain News Live Non stop Rain Paralyses Mumbai Harbour Line Services Suspended mumbai reels under heavy,highly_relevant
_h4PiDczWE0,en,Mumbai experienced heavy rainfall leading to widespread waterlogging on streets and major traffic disruptions Commuters faced,highly_relevant
mEzbWW4QFwY,en,Devendra Fadnavis Piyush Goyal explain the solution to Mumbai Floods,highly_relevant
edFTBz6MIck,en,Mumbai Today Live News Monsoon 2025 Early Rains Flood Updates Heavy Rains Red Alert Stay updated on Mumbai s 2025,highly_relevant
3UxEcq4whMM,en,Mumbai Flood Taj Hotel Gateway of India mumbaiflood mumbai flood mumbai,highly_relevant
ZEPXMAaMRdY,en,Kerala is among the worst affected states due to Cyclone Tauktae over 14 districts sounded alert and 30 NDRF teams have been,relevant
UrlCCfVFh2I,en,As furthers closer into the Indian West Coast the Central Water Commission CWC on Saturday issued an,highly_relevant
dX48Jduo1Xs,en,,highly_relevant
eKylyoFVuqI,en,The India Metereological Department IMD has warned that is likely to intensify into a severe cyclonic storm,highly_relevant
Uj6qAxeRxdQ,en,Cyclone Tauktae,highly_relevant
AUBMujUxQcU,en,This segment of WION brings to you information about cyclone Ockhi Heavy rainfall has been reported in Kerala Tamil Nadu,highly_relevant
J08bIeosCaE,en,Republic TV is India s no 1 English news channel since its launch It is your one stop destination for all the live news updates from,highly_relevant
t6BQ_mFwGRE,en,Severe cyclonic storm nicknamed Maha has thrown life out of gear in Kerala and Lakshadweep as heavy downpour inundates,highly_relevant
8YQy0IXVyFY,en,National Disaster Response Force NDRF is well prepared ahead of Cyclone Burevi striking the coasts of Kerala Tamil Nadu,highly_relevant
Ku6GkPTqcMI,en,Cyclone Tauktae intensified into a very severe cyclonic storm over Eastcentral Arabian Sea and is very likely to intensify further,highly_relevant
okh5trQ0MqE,en,Fishermen struggle in the Indian ocean as Cyclone hits coasts of Kerela See a fishing boat thrown skywards by the Cyclone,highly_relevant
V6tG-rt9s-8,en,Southern states of Tamil Nadu and Kerala and the island of Lakshadweep were hit by heavy rains after Cyclone Ockhi is moving,highly_relevant
HzCH_vDxg-M,en,Gale force winds heavy rainfall and high tidal waves swept the coastal belt of Kerala Karnataka and Goa as Cyclone Tauktae,highly_relevant
OQYjI0PDdQA,en,Southern Tamil Nadu and southern Kerala are on high alert as Burevi inches closer to the southern shores The cyclonic storm is,highly_relevant
9qfmXJ_yxfc,en,There has also been uprooting of trees due to gale winds and damage to poles and transformers due to Cyclone Tauktae,highly_relevant
1_5RB-inCjM,en,With a low pressure area developing rapidly over the Lakshadweep Isles and the Arabian Sea a powerful cyclonic storm is,highly_relevant
uASEo5NSzSw,en,Headlines 30 am Cyclone alert in Kerala Tamil Nadu other news,highly_relevant
lLfkrW6j2CM,en,Days after cyclone Nivar South India is bracing for another cyclonic storm which will strike Kanyakumari on 4th December,highly_relevant
MzkXaeZDTus,en,Congress president elect Rahul Gandhi visited cyclone hit coastal villages in Kerala today meeting distraught families of missing,highly_relevant
HvSh6e6_hX0,en,Watch the top headlines of the day from the southern states of Tamil Nadu Kerala Karnataka Telangana and Andhra Pradesh,highly_relevant
U_kmiIQntjQ,en,Cyclone Tauktae is approaching towards the Gujarat coast and is very likely to cross the coast between Porbandar and Naliya,relevant
4JQReBuHuNM,en,Kerala can expect strong winds heavy to very heavy rainfall with isolated extremely heavy rainfall from December 2,highly_relevant
aRjRJ5mzS-A,en,___ About Channel India Today TV is India s leading English News Channel India Today YouTube channel offers latest news,relevant
J92jYmWVOVM,en,Hi Friends this channel is showing satellite view of places river lake mountain weather satellite images regular updates and,highly_relevant
UO2x8qmPMoM,en,After killing 26 in Kerala Tamil Nadu leaving 96 fishermen stranded Cyclone Ockhi moves towards Maharashtra and Gujarat,highly_relevant
DvtkuNJMKvc,en,Kerala s senior most police officer has been suspended days after he criticised the government for lapses in handling Cyclone,highly_relevant
bbMhI7DBVSQ,en,Actor turned politician has written to Kerala CM Pinarayi Vijayan seeking support for the victims of,highly_relevant
mZhuZd80B6Q,en,With intense rain and winds predicted due to Cyclone Burevi Kerala s capital district is on high alert,highly_relevant
iTrM5y7Q6M0,en,Watch iSmart News latest episode Watch more,highly_relevant
O7ZDyGYBs_w,en,The Indian Meteorological Department IMD has announced another cyclone in Tamil Nadu and Kerala Cyclone Burevi,highly_relevant
DUoDgU1DvaU,en,Indian Coast Guard ship Vikram embarked upon an operation to rescue a distressed fishing boat Badhriya in Kerala s coastal city,relevant
hUS9XkW16IM,en,Cyclone Ockhi Torrential rains have claimed nine lives across Kerala and Tamil Nadu The MET department says cyclone is now,highly_relevant
oLZy991cnBM,en,The India Meteorological Department IMD has issued a red alert for extremely heavy rainfall in Kerala s Malappuram Kozhikode,highly_relevant
hILNPM1yDdA,en,Kerala is bracing for the impact of Cyclone Fengal with heavy rains forecasted across several districts Learn about the latest,highly_relevant
LxzAN3CxW9g,en,Cyclone Ockhi has so far killed eight people in coastal Kerala and Tamil Nadu and is moving closer to Lakshadweep and is likely,highly_relevant
qIg0MtvDR2g,en,The IMD has forecast intense spells of rainfall with gusty winds reaching up to 40 km h speeds till 1 pm on Saturday May 24,highly_relevant
Y5HhCrxNxd8,en,A cyclonic storm Fengal is likely to make landfall this afternoon and several parts of Southern India are under a red alert,highly_relevant
wo9PalADNok,en,Indian Coast Guard ship Sarthi rescued a fisherman in rough seas during Cyclone Ockhi off Kerala coast,highly_relevant
U0fYrCTFW_Y,en,After killing at least 18 in Tamil Nadu and Kerala Cyclone Ockhi barrels into Lakshadweep Islands Met Department has,highly_relevant
CC31YMJQCZw,en,Cyclone Ockhi Brings Heavy Rain to Tamil Nadu Kerala ETV TS,highly_relevant
rUbpmhhZ7bg,en,For More Updates Like us on Facebook Follow us on Twitter,highly_relevant
gMjCJ5yWd2k,en,Defence Minister Nirmala Sitharaman has reached Kanyakumari to review the situation in the wake of cyclone Ockhi V6 IOS App,relevant
BkfQMBHnu2Q,en,Watch iSmart News latest episode Cyclone,highly_relevant
eGF-FxPipwU,en,Cyclone Ockhi Intensifies Heavy Rains Batter Coastal Areas In Kerala Tamil Nadu V6 IOS App,highly_relevant
4o52TRnhADE,en,A week after Cyclone Nivar hit north coast of Tamil Nadu it is now Cyclone Burevi now expected to cross Tamil Nadu in few hours,relevant
_44QY3bikb8,en,Cyclone Ockhi Moving Away From Kerala Heavy Rains Lash Trivandrum Kanyakumari V6 IOS App,highly_relevant
HFgg1f-clJM,en,Kerala Rain LIVE IMD Issues Red Alert In Kasaragod Kannur Districts After Monsoon Hits Kerala The monsoon is set to arrive in,relevant
nFk3wGlqjJo,en,Watch iSmart News latest episode Watch more,highly_relevant
hlqNFbOiy0Y,en,Subscribe to the Manorama News YouTube Channel Get Latest news updates Visit,highly_relevant
R18PgC3XiAM,en,Click Here For Latest Political News Updates Subscribe to Times Now Click Here,highly_relevant
nDfxs3bY3YY,en,Cyclone Ockhi Heavy Rain Lash Tamil Nadu And Kerala States V6 IOS App Download V6 Android App,highly_relevant
lfufXpmcneA,en,The southern states are now bracing for yet another cyclone after Nivar Cyclone Burevi is likely to hit Tamil Nadu on December 4,relevant
UJ_Y9EHCMBw,en,Nada whirlpool lead kerala fog says S Sudevan The official YouTube channel for Manorama News Subscribe us to watch the,highly_relevant
ydc3KkMLW1M,en,Monsoon 2017 has further advanced into South Arabian Sea and some more parts of Bay of Bengal The conditions are favorable,highly_relevant
oVe6QFJTf_0,en,Cyclone Ockhi Wreaks Havoc In Southern Kerala And Tamil Nadu V6 IOS App Download V6 Android App,highly_relevant
wRIK1pFvKh4,en,Cyclone Ockhi lashing parts of Tamil Nadu and Kerala with torrential rains and gusty winds has caused huge damages in the,highly_relevant
yimPAveYQVQ,en,Kanak News is Odisha s leading 24x7 news and current affairs TV channel from Eastern Media Limited Odisha s largest media,highly_relevant
ChMJB2ooC4M,en,Cyclone Ockhi Kerala Tamil Nadu Govts Declared Holidays For Schools V6 IOS App Download V6,highly_relevant
VWKu8TiO3HY,en,Cyclone Maha Brings Heavy Rainfall in Kerala Orange Alert in 5 Districts,highly_relevant
PaOFGE1O36M,en,Cyclone Okhi results record price for fish in Kerala Asianet News Kerala s No 1 News and Infotainment TV Channel Check out,highly_relevant
m5VcBcnfyUg,en,Republic TV is India s no 1 English news channel since its launch It is your one stop destination for all the live news updates from,highly_relevant
ejIcb8SY2r0,en,Cyclone Ockhi Death toll in Tamil Nadu Kerala mounts to 12,highly_relevant
dHJjBza8ews,en,CycloneVayu Subscribe Youtube at Facebook Visit our,highly_relevant
6hrEalPvDUA,en,Monsoon To Hit Late In Kerala As IMD Predicts Cyclone Formation Over Arabian Sea Kanak News is Odisha s leading 24x7 news,relevant
O_INjchdUUk,en,Gaja cyclone Warning for fishermen in Kerala Asianet News Kerala s No 1 News and Infotainment TV Channel Check out the,highly_relevant
EcC7WN92ubA,en,The Kerala government announced a red alert in 8 districts with a cyclonic storm headed the state s way Heavy rains lashed,highly_relevant
fKXjoqxNFgI,en,Cyclone Tauktae hit the western coast of India recently We live in a village in the northern part of Kerala and this is where the,highly_relevant
NCGnx_bcs4A,en,TV9 Breaking News Cyclone Ockhi 8 Dead In Kerala Tamil Nadu As Storm Heads For Lakshadweep Download TV9,highly_relevant
m1QwZvWPCHc,en,While families of many missing fishermen anxiously wait for their return in both Tamil Nadu and Kerala around 150 fishermen,highly_relevant
gJz5tpj5MdY,en,Cyclone Ochi brings heavy rains strong winds to Kerala Kanyakumari For all the latest News and Updates click here,highly_relevant
lXmadExd8no,en,CycloneOckhi Cyclonic Storm OCKHI over Southeast Arabian Sea and Cyclone Warning for South Kerala adjoining districts of,highly_relevant
EFRSkviceGI,en,After Nivar Tamil Nadu and Kerala face the trouble of cyclone Burevi The storm is likely to hit the coastal areas of both the states,highly_relevant
e1feAfrvrIk,en,Monsoon Likey To Hit Kerala In Next 48 Hours,not_relevant
LdDsZGyFPug,en,Cyclone Fani Heavy rainfall and storm likely to hit Kerala Asianet News Kerala s No 1 News and Infotainment TV Channel,highly_relevant
u5XKQ1HqJnQ,en,13 Dead In Tamil Nadu Kerala Rain Cyclone Ockhi Triggers Red Warning For Lakshadweep ETV TS,highly_relevant
TCnEsZ34H0A,en,Cyclone Fengal weakens but continues to impact Tamil Nadu Maharashtra and Kerala Watch here to learn more about its,highly_relevant
gX7KoCNxPx0,en,Cyclone Burevi is likely to hit Tamil Nadu on December 4 the Cyclone Warning Division of the India Meteorological Department,relevant
o_ODSGed6Fw,en,puthiyathalaimuraitv கேரளாவை நெருங்கும் விபா புயல் Kerala Cyclone Follow Puthiya Thalaimurai,highly_relevant
#NAME?,en,Odisha Kerala on High Alert as Cyclone Fani to Intensify into Very Severe Storm,highly_relevant
UhvHQIdwkWo,en,Monsoon Delayed due to Mocha Cyclone May Hit Kerala in 3 4 Days,highly_relevant
4FBCe-ptlMU,en,WINDY LIVE Moderate to heavy rainfall predicted in THESE parts of Gujarat today Monsoon 2025,highly_relevant
LJSGG9HDRBU,en,Gujarat Cyclone Update Red Alert In Gujarat As Cyclone Biparjoy To Hit The Coast Shorts Cyclone Biparjoy Update Red alert,highly_relevant
Cgk3lEN5O_o,en,WINDY LIVE EXTREMELY heavy rains to lash parts THESE parts of Gujarat Today Monsoon 2025,highly_relevant
fzdTP4XG6Ac,en,A on s west coast has killed at least 19 people and damaged infrastructure and agriculture while heavy rains,highly_relevant
8rsEcfDp--o,en,Gujarat Cyclone Update Red Alert In Gujarat As Cyclone Biparjoy To Hit The Coast News18 Cyclone Biparjoy Update Red,highly_relevant
#NAME?,en,Cyclone Biparjoy Heavy rains in Mumbai Gujarat s Kutch Braces for Storm Impact Biporjoy News A yellow alert was sounded,highly_relevant
LIAmv0VXCFU,en,The Cyclone Ochki which is expected to settle near Surat by midnight has come as a dampener amid the election heat in Gujarat,highly_relevant
jpYxxWrEQ2s,en,Widespread damage has been reported in Gujarat due to wind and rain following Cyclone Biporjoy Trees were uprooted in,highly_relevant
l7r95RzC2k0,en,Biparjoy Cyclone Updates Very strong winds are blowing near the Mandvi beach now submerged amid heavy rainfall as Gujarat,highly_relevant
jrIRTXYgd0k,en,The extremely severe cyclonic storm Cyclone Biparjoy weakened on Tuesday into a very severe cyclonic storm the India,highly_relevant
WyVlNq6s-qA,en,Cyclone Biparjoy Intensifies Rain Showers Start In Gujarat Right Before Cyclone Biparjoy Arrives Cyclone Biparjoy has,highly_relevant
Mmt91Z-snCo,en,Cyclonic storm Biparjoy weakens into very severe storm on Tuesday Despite the weakening the cyclone remains a significant,highly_relevant
YUCPXiN41hs,en,Traffic was disrupted while several trees were uprooted after heavy rains accompanied by strong winds lashed Gujarat s,highly_relevant
oHz6f3cY53E,en,About NDTV English news channel NDTV is India s Most Trusted News Broadcaster with the latest updates in news sports,highly_relevant
G3L0mhLcAho,en,Cyclone Biparjoy Latest News After the landfall IMD said that the intensity of cyclone Biparjoy has reduced to severe,relevant
QOJRFDlHne8,en,Indian state Gujarat is bracing for a powerful cyclone Biparjoy The cyclone is likely to hit portions of the western state on Thursday,relevant
4YMPoM6SnEk,en,The India Meteorological Department IMD on Monday issued an orange alert for the Saurashtra and Kutch coasts of Gujarat as,relevant
dtLaLb5-3xI,en,After heavy rainfall warning issued in parts of Gujarat the state witnessed incessant downpour owing to Cyclone Vayu inching,highly_relevant
btVix31TGlI,en,Cyclone Biporjoy Updates High Tides Hit Gujarat Coastal Areas As Storm Makes Landfall News18 The landfall process of the,highly_relevant
ExBmgx4saOQ,en,Cyclone Biparjoy Updates 21000 Evacuated As Gujarat Preps For Cyclone Biparjoy English News Evacuation will continue in,relevant
nJuTpJgsOn4,en,Repairs Begin for Towns Damaged by Cyclone Biparjoy in India s Gujarat Authorities in coastal towns along India s west Gujarat,highly_relevant
5CZ7-72PL7Q,en,Cyclone Tauktae an extremely severe cyclonic storm is around 160 km south southwest of Mumbai where the airport has,highly_relevant
CXrnhCNTfd4,en,India Gujarat Braces for Cyclone Biparjoy Thousands of Residents Evacuated Firstpost Earth Thousands of residents were,relevant
W8Zx-RsLELs,en,Cyclone Biparjoy has left a trail of complete devastation More than 5120 electric poles have sustained serious damage which,highly_relevant
CASl-kE9gPE,en,On Friday roofs were blown off houses and trees and electric poles were uprooted in several parts of India s western state of,relevant
jXVSDpmxVqE,en,NDRF personnel on June 16 started the road clearance operations in Kachchh s Naliya On June 15 Cyclone Biparjoy made,highly_relevant
hdBP3lZvFMg,en,BreakingNews Prime Minister Narendra Modi on Monday reviewed the situation related to Cyclone Biparjoy which is likely to hit,relevant
#NAME?,en,Cyclone Biparjoy Update Over 20 people reported injured Gujarat CM Bhupendrabhai Patel holds review meeting News18 s,relevant
mgi1_Eunb6w,en,Gujarat is bracing for cyclone Biparjoy which is expected to make landfall on Thursday 21000 people have been evacuated,relevant
odFl7x8sHwc,en,Some 74000 people have been shifted to shelters from Gujarat s coastal region ahead of cyclone Biparjoy s expected landfall in,highly_relevant
HC_CG2usNKw,en,Biparjoy Cyclone Updates Some 74000 people have been shifted to shelters from Gujarat s coastal region ahead of cyclone,relevant
X8LXNellejk,en,The Gujarat administration has evacuated nearly 1 lakh people ahead of Cyclone Biparjoy s expected landfall in the state today,relevant
9rUmWpE96qA,en,Cyclone Biporjoy News India Cyclone Biparjoy Pummels Guajarat Biporjoy Cyclone News Gujarat Rough sea waves seen at,highly_relevant
Tc65ipK9-nM,en,Cyclone Biparjoy Houses and trees started falling in Gujrat as extensive wind is seen in the costal areas of the state due to the,highly_relevant
dDbwW-h70XY,en,Cyclone Biparjoy is less than 180 kilometres from the Gujarat coast and its impending landfall process will start from evening and,relevant
r-54RYK89b4,en,Cyclone Maha Landfall likely in Gujarat on November 6 IMD expects the storm to hit the coast between Diu and Porbandar,highly_relevant
#NAME?,en,Cyclone Biparjoy classified as a very severe cyclonic storm will cross Saurashtra and Kutch and adjoining Pakistan coasts,highly_relevant
ftLGPf6mJIA,en,A very severe Cyclone named Biparjoy is barreling toward the coasts of India and Pakistan and more than a hundred thousand,relevant
nSFz67OghrA,en,The India Meteorological Department IMD has issued an orange alert for Saurashtra and Kutch coasts in Gujarat in view of the,relevant
PMXm8hCQj38,en,Traffic was disrupted while several trees were uprooted after heavy rains accompanied by strong winds lashed Gujarat s,highly_relevant
20LPn-h-CSc,en,Cyclone Biparjoy News Gujarat Begins Evacuations Braces For Impact With Orange Alert News18 Cyclone Biparjoy LIVE,relevant
IYB5yJZauHE,en,Biparjoy Cyclone Updates The landfall process for Cyclone Biparjoy is peaking with 125 kmph winds and heavy rain pummeling,highly_relevant
1ae4EPqM5cQ,en,Western Railway on Wednesday cancelled several trains between Gujarat and Mumbai in view of cyclone Biparjoy,highly_relevant
0p1hcdN6FCE,en,Cyclone Biparjoy wreaked havoc after making landfall in Gujarat and will reach Rajasthan on Friday,highly_relevant
GVRedZbKzok,en,Cyclone Biparjoy Updates Evacuation will continue in villages near the Gujarat coast today as cyclone Biparjoy intensified into,relevant
gQr4DQ6E8tk,en,Biparjoy Cyclone Updates IMD Director Dr Mrutyunjay Mohapatra informed the media that cyclone Biparjouy has moved towards,highly_relevant
TCDPhPcBeyU,en,Biparjoy Cyclone Updates The intensity of cyclone Biparjoy which lashed Saurashtra Kutch region has reduced from very,highly_relevant
3LJsFMelrmg,en,The India Meteorological Department IMD on Tuesday issued an orange alert for the Saurashtra and Kutch coasts of Gujarat in,relevant
Poqk07iZrsA,en,Republic TV is India s no 1 English news channel since its launch It is your one stop destination for all the live news updates from,relevant
cHE69nu83YQ,en,Cyclone Biparjoy classified as a very severe cyclonic storm will cross Saurashtra and Kutch and adjoining Pakistan coasts,highly_relevant
wOoUo234M4Q,en,Cyclone Biparjoy which would make landfall on the Gujarat coast could result in the flooding of several routes and disruption of,highly_relevant
SAOmRkJ9Ht8,en,Nearly three lakh people will be evacuated from the western coast as Gujarat prepares for Cyclone Vayu which is inching closer,highly_relevant
Hsv9OBtQML0,en,Cyclone Biparjoy News Cyclone Biparjoy Causes Large Scale Destruction In Dwarika Gujarat News18 Very Severe Cyclonic,relevant
xULPVgvE5wM,en,The Gujarat administration has evacuated nearly 1 lakh people ahead of Cyclone Biparjoy s expected landfall in the state today,relevant
JcNHeCPqjX8,en,Gujarat Cyclone News IMD DG holds a meeting over the preparedness and current condition of Cyclone Biparjoy and says wind,highly_relevant
1WFh-VpRYAw,en,Authorities have halted fishing activities deployed rescue personnel and announced evacuation plans for those at risk India and,relevant
Wdh0YeMTAwo,en,Cyclone Taukte made landfall in Gujarat late on Monday night which forced the state government to evacuate more than 2 lakh,highly_relevant
nyN5lRqJ7PA,en,Cyclone Biparjoy is inching closer to the Gujarat coast As precaution the Western Railway has short terminated over 50 trains,highly_relevant
S0xK_LrmAdM,en,Cyclone Biparjoy which means disaster in Bengali language is expected to make landfall in India and Pakistan today 15 June,highly_relevant
pbFSBngQw68,en,Here is a look at the satellite imagery of Cyclone Biparjoy The images show a severe cyclonic storm approaching the Indian,highly_relevant
58jLerqZmTE,en,The Gujarat administration has evacuated nearly 1 lakh people ahead of Cyclone Biparjoy s expected landfall in the state today,highly_relevant
Tv4eVY_5p9U,en,Cyclone Biparjoy Gujarat braces for heavy rainfall evacuation on trains cancelled govt on alert With the approaching Cyclone,highly_relevant
b4v0pn6g-Lc,en,Cyclone Biparjoy News The landfall process for Cyclone Biparjoy has started powering winds at 100 kmph and bringing heavy,highly_relevant
0y4MxhVNJc4,en,In India cyclone Vayu has changed course and is veering away from the country s western coast It had been expected to make,highly_relevant
ygD-dn5uKHI,en,Gujarat Cyclone Updates High Tidal Waves Hit Gujarat As cyclone Biporjoy Intensifies News18 Cyclone Biparjoy Update Red,highly_relevant
de85db93mFg,en,WATCH Okha port in Devbhoomi Dwarka district of Gujarat witnesses high tide under the influence of cyclone Biparjoy,relevant
_mkRiAuYPss,en,Cyclone Biparjoy Updates Disaster Management Teams Preps On As Cyclone Biparjoy Was At 200KM West Of Gujarat At,highly_relevant
AYgw7nm6-Uw,en,Some news of relief for the coastal areas of Gujarat from the Indian Meteorological Department office as very severe cyclonic,highly_relevant
i5w1XHPBcuU,en,Cyclone Tauktae hit Gujarat coast on Monday night as an extremely severe cyclonic storm bringing heavy rains to Gujarat,highly_relevant
ollmeeUIirA,en,Biparjoy Cyclone Updates Cyclone Biparjoy is expected to make landfall in Gujarat s Saurashtra and Kutch regions tomorrow,highly_relevant
YrCN9c6YpH4,en,Cyclone Biparjoy hit the Gujarat coast striking the region with strong winds on June 15 Cyclone Biparjoy s intensity reduced from,highly_relevant
3HvRWFdEYck,en,PM Modi on Cyclone Biparjoy Update Gujarat cyclone live news Dwarka Biparjoy Cyclone Hindi News,highly_relevant
ipT4XfpFQSI,en,Biparjoy unleashed destructive wind speeds of up to 140 kmph and incessant rains as trees and electricity poles were uprooted,highly_relevant
0WieuObkCCo,en,About Us NDTV brings you unbiased and comprehensive coverage of news and entertainment programmes in India and abroad,highly_relevant
6_N6YXGcdWg,en,Gujarat received heavy rainfall with Valsad receving 25 mm rain along with Ahmedabad which received 9 mm of rain since,highly_relevant
POcITuvHKFU,en,Biparjoy Cyclone Updates Authorities have so far shifted Over 40000 People from coastal areas of Gujarat to temporary shelters,highly_relevant
GcfcOh31QVQ,en,NDRF team rescued many people in the low lying areas of Dwarka district after cyclone Biparjoy made landfall along the Gujarat,highly_relevant
jD3u0oLFGvs,en,Cyclone Biparjoy News Gujarat braces for Cyclone Biparjoy as it will be making landfall on the Saurashtra Kutch coast on,relevant
5gwkN8BMPFw,en,Biparjoy Cyclone News Cyclone Biparjoy is less than 200 kms from the Gujarat coast It will cross Saurashtra and Kutch and,highly_relevant
6tGLQDuKMbY,en,Turbulent waves and strong winds appeared at Kutch beach in Gujarat due to Biparjoy Visuals of high tides have begun to,relevant
q7muDjibg2c,en,Cyclone Biparjoy Updates Disaster Management Teams Preps On As Cyclone Biparjoy Was At 200KM West Of Gujarat At,highly_relevant
UxfRcj02kt0,en,As per the Meteorological Centre cyclone Ockhi is gradually weakening into a depression and may not hit the Gujarat coast near,highly_relevant
fvc8GZcQqVM,en,Here we bring you the news that is trending across WION s social media platforms India s western states of Gujarat Maharashtra,relevant
Zy-yPm3SL9M,en,Cyclone Biparjoy meaning calamity has brought joy to around 300 families of coastal Gujarat Around 270 pregnant women,highly_relevant
nTzIllpbIB8,en,Cyclone Biparjoy Updates Disaster Management Teams Preps On As Cyclone Biparjoy Was At 200KM West Of Gujarat At,relevant
GkQ-Km3MCFI,en,Gujarat Cyclone News Preparation For The Upcoming Disruption By Cyclone Biparjoy In Gujarat The cyclone could lead to,highly_relevant
Dvc2PjtljNc,en,Cyclone Biparjoy is hitting the state of Gujarat hard Heavy rainfall winds are expected in several coastal regions of Gujarat over,highly_relevant
hzmKdPXKCr4,en,Cyclone Biparjoy Updates At least 22 people have been reported injured after Cyclone Biparjoy made landfall on the Gujarat,relevant
Iy929NyB32U,en,Speaking about the relief and rescue measure in view of cyclone Biparjoy Gujarat Health Minister Rushikesh Patel confirmed that,highly_relevant
YirvxvtzJQU,en,Cyclone Biparjoy Evacuation begins in Gujarat high alert in Mumbai NDRF teams pre positioned Biparjoy expected to cross,highly_relevant
46NThHqF5Pk,en,Biparjoy Cyclone Updates At least 22 people were injured while electric poles and trees were uprooted as the very severe,highly_relevant
s4hYkeVAqFw,en,The next 24 hours are going to be crucial for Gujarat as Cyclone Biparjoy is expected to make landfall on June 15 The IMD on,relevant
IL5CuA0Rm8w,en,Districts of Kutch Devbhumi Dwarka and Jamnagar are likely to be affected the most and an orange alert is in effect for the state s,relevant
pBU0BmhNmXs,en,Traffic was disrupted while several trees were uprooted after heavy rains accompanied by strong winds lashed Gujarat s,highly_relevant
istF4AZQE4I,en,Very severe cyclonic storm Tauktae would move north northeast wards and weaken gradually into a cyclonic storm during the,highly_relevant
TvhgTdX5EmI,en,Effect of cyclone Biparjoy seen in Navsari Gujarat as strong winds high tides hit the state coast,highly_relevant
okbui8OG2FU,en,This segment of WION brings to you latest updates on Cyclone Ockhi which is expected to make a landfill near Surat Watch this,highly_relevant
O7UdORII9pU,en,In this episode of Daily Mirror IMD DG M Mohapatra has joined Shreya Dhoundial to discuss the effects of the Michuang Cyclone,relevant
j144jVfOUn8,en,Cyclonic storm Phailin classified as very severe has not yet made landfall but strong winds are already blowing in coastal,highly_relevant
aWVeDG5eTD4,en,The Met department said the very severe cyclonic storm located over west central and adjoining south Bay of Bengal has,highly_relevant
SuTLraox9Gw,en,Tamil Nadu and Andhra Pradesh are bracing for a cyclone Deep depression in the Bay of Bengal has intensified into a cyclone,highly_relevant
z9D5GfYL_gM,en,A day before cyclone Phailin is likely to hit Odisha and Andhra Pradesh the Met department has said it will remain a very severe,highly_relevant
oWL9sDvMYzY,en,Coastal areas of Odisha and northern Andhra Pradesh are bracing themselves for Cyclone Titli to hit the coastlines tomorrow,highly_relevant
7HhvIiOBjUw,en,Orange alert has been issued for south Odisha and north Andhra Pradesh as cyclone Gulab that originated in the Bay of Bengal is,highly_relevant
5rom9lost6o,en,Cyclone Fani made landfall at Odisha s Puri on Friday Safety steps were taken by the governmnet to evacuate over a million,highly_relevant
ZwHD96IpPsY,en,Cyclone Nilam on Wednesday intensified into a severe storm with extremely heavy rainfall expected over North coastal Tamil,highly_relevant
31eGSDCM3GM,en,Cyclone Michaung News Landfall Expected In Andhra Pradesh Shortly Rain Subsides in Chennai N18V Landfall of cyclone,highly_relevant
BRJkZmhco_w,en,Tropical cyclone Titli made landfall north of Mandasa Andhra Pradesh India on 11 October 2018 with maximum sustained winds,highly_relevant
sxIUF5WLaaM,en,Viewer discretion advised due to possible graphic content Tropical cyclone Titli made landfall north of Mandasa Andhra Pradesh,relevant
g8MVJ-SFj_8,en,Cyclone Hudhud is pounding the eastern Indian coast causing extensive damage and prompting the evacuation of some 300000,highly_relevant
fwOJ0j-VIQM,en,Cyclone Titli makes landfall in India s eastern coast A cyclone slammed into India s eastern seaboard earlier today destroying,highly_relevant
ofXLHqmL2Wc,en,The cyclone Hudhud which is considered deadlier than estimated will make landfall during noon in Odisha and Andhra Pradesh,highly_relevant
pnInwUEanZU,en,Cyclone Michaung LIVE Cyclone Michaung To Hit Andhra Tamil Nadu Coast As Severe Storm N18L Coastal districts of,highly_relevant
7a7phhm1cQs,en,Odisha and Andhra Pradesh braced for the very severe cyclone that is expected to hit the east coast with winds gusting up to,highly_relevant
WP-Hh9pK_vw,en,Andhra Pradesh and Odisha gearing up to be hit by Cyclone Gulab In a rare occurrence during September a cyclone Gulab is set,highly_relevant
705BSq0GHXw,en,11 Oct 2018 A severe cyclone damaged mud huts and uprooted trees and electric poles on Thursday in eastern India where,highly_relevant
rRYfCJiR930,en,,highly_relevant
b3bx19M5VNg,en,Cyclone Asani remains fairly strong with winds up to hurricane strength as it closes in on Andhra Pradesh and Telangana India,highly_relevant
MNSEziP1-_Y,en,The India Meteorological Department IMD informed that the cyclone is expected to reach the north Andhra Pradesh and Odisha,highly_relevant
vR4XP9NfoG8,en,This is a dangerous system Damaging winds heavy rainfall storm surge rough seas mudslides and flash flooding are all,highly_relevant
yAWPWxgIydw,en,Massive Cyclone Hits Andhra taking toll,highly_relevant
HF7fEYx7Ifg,en,Subscribe,highly_relevant
SvbtTPeXKBE,en,The severe cyclonic storm MICHAUNG is currently brewing near the coast of Andhra Pradesh and is going to make landfall there,highly_relevant
9nnWr-ENePA,en,The gates of Chembarambakkam Lake in Chennai has been opened for the first time since 2015 as the water levels in the,highly_relevant
nJIrJDTo0DE,en,flooding in the states of Telangana and Andhra Pradesh Terrible flood in India in India,highly_relevant
zi57IJDYK1o,en,Download TeluguStop Android IOS App Vijayawada Dec 5 The severe cyclonic storm Michaung in,highly_relevant
acTOUAKP20k,en,Left Right Centre As the east coast of India braces for Cyclone Phailin we discuss have we learnt any lessons after the 1999,highly_relevant
GG56DFBdpeA,en,Thousands Evacuated as India s Eastern Coast Braces for Cyclone Dana Authorities in India have ordered the evacuation of,highly_relevant
lX-aNjYQ1kg,en,Officials are assessing the damage in Andhra Pradesh and Orissa states where six people have been killed The cyclone,highly_relevant
5oBAjHXVBAA,en,Tamil Nadu Puducherry and AP on High Alert Cyclone Gaja is set to make landfall between Cuddalore and Pamban on Thursday,relevant
MH81Gstt4M4,en,andhra pradesh floods andhra pradesh flood in andhra pradesh floods in andhra pradesh andhra pradesh flash floods andhra,highly_relevant
zuzYxSWDmks,en,Welcome to Bollywood Hardcore your one stop destination for everything and anything around Movies Celebrities and Indian,highly_relevant
mqZ8shwwH2c,en,High tidal waves lashed the coast of Andhra Pradesh on Wednesday under the impact of severe cyclonic storm Thane over the,highly_relevant
810CYQ0JiZo,en,About 1990 Andhrapradesh Super Cyclone or Machlipatnam Super Cyclone The Machlipatnam Cyclone is the worst Cyclone to,highly_relevant
b6NwmlSA9cs,en,A mass evacuation is taking place in India s south eastern coast a day before Cyclone Hudhud is expected to hit land Around,highly_relevant
WmfS9l0vP7I,en,Severe Cyclone Asani weakened to a cyclonic storm on Wednesday as it barrelled towards north coastal Andhra Pradesh and,highly_relevant
4BYgZMcdXFc,en,Cyclone Michaung LIVE Updates Severe Cyclone Michaung is set for landfall by the Bapatla coast in Andhra Pradesh on,relevant
iVbTvEXlSkI,en,Hurricane Irma to Batter Florida with Catastrophic Storm Surge Wind and Rain US,highly_relevant
X-EfOWkR-xA,en,Cyclone Hudhud pounds Indias Andhra Pradesh and Orissa 12 10 2014 number one latest news Cyclone Hudhud is pounding,highly_relevant
rrF1x7zto9Q,en,Temple Like Structure Washes Ashore Due To Cyclone Induced Storm Surge In Andhra Coast OdishaTV is Odisha s no 1 News,highly_relevant
jHNQHbs4084,en,India evacuates 150000 as cyclone Hudhud intensifies A mass evacuation is taking place in,highly_relevant
sAym-DmCrcg,en,Andhra Pradesh December 05 Cyclone Michaung pronounced migjaum is likely to make landfall between Nellore and,highly_relevant
whXZOW7kwn4,en,The effects of a cyclone also known as a hurricane or typhoon in different regions can be extensive and impactful Here s a,highly_relevant
r5u8Q0XZmOg,en,,highly_relevant
H-CbKnvtldA,en,Cyclone Michaung which is swirling over the Bay of Bengal is set to make landfall near Bapatla on the Andhra Pradesh coast,relevant
pT6tuftsugE,en,Tropical Cyclone Hudhud a strengthening tempest over the Bay of Bengal is on a collision course with India s central east coast,highly_relevant
UYi2MNXNEaw,en,India Red Alert 4 Cyclone Phailin Lakh Evacuated India s East Coast Cyclone Phailin heads for Odisha Andhra with winds of,highly_relevant
I9fpGmkc-kw,en,The very severe cyclone Hudhud made a landfall at Kailasagiri near Visakhapatanam at 11 30 a m It is expected to cross Bheemli,relevant
_WsUd3FNJjw,en,New Delhi May 10 The Severe Cyclonic Storm Asani over westcentral and adjoining southwest Bay of Bengal moved,highly_relevant
ObAFpKQTvbA,en,Two persons were killed in separate rain related incidents in Visakhapatnam and Srikakulam districts of coastal Andhra Pradesh,highly_relevant
aBTfRBoVLQk,en,VISAKHAPATNAM As cyclone Hudhud weakened moving north westwards Andhra Pradesh was today grappling with its,highly_relevant
UWs9Y1CeOtA,en,Visakhapatnam May 11 Parts of coastal Andhra and Rayalaseema regions of Andhra Pradesh were receiving heavy rains,highly_relevant
UQSFa2mYFqg,en,AP Havy Rain,highly_relevant
KIDRebj_Q3Q,en,Visakhapatnam May 10 Teams of the National Disaster Response Force NDRF and State Disaster Response Force SDRF,highly_relevant
VYvX5Zupzb8,en,Visakhapatnam May 12 Rains accompanied by squally winds continued in parts of coastal Andhra Pradesh on Thursday even,highly_relevant
HlcNAc8a01Q,en,Heavy rains are falling in Telangana Rains are bringing life to a standstill People are suffering from incessant rains Heavy rains,highly_relevant
JE5xLAu33EA,en,CycloneVardah is very likely to move nearly west southwestwards and weaken gradually from today evening onwards while,relevant
KaxF3Atwzro,en,Watch Krishna Godavari In Spate Over 4000 Evacuated In Two Districts,not_relevant
lGDVRNVoebo,en,New Delhi May 10 As the Severe Cyclonic Storm Asani moved towards Andhra Pradesh the India Meteorological Department,relevant
NmpvPBvag4A,en,Cyclone Fani has hit the coasts of Odisha as an extremely severe cyclonic storm with astronomical wind speeds Upto 8 lakh,highly_relevant
P3zB7aiV37Y,en,Visakhapatnam May 9 Bad weather at Visakhapatnam under the impact of severe cyclonic storm Asani in Bay of Bengal hit the,highly_relevant
HTwz3zF-eH4,en,With the well marked low pressure area over central parts of south Bay of Bengal likely to gather strength would,relevant
orlv5N-ND10,en,Cyclone Titli has intensified over the Bay of Bengal into a severe cyclonic storm On Wednesday it moved towards the Odisha,highly_relevant
p6lgl2nrZd4,en,Daily Weather Briefing English 04 12 2023,highly_relevant
TiqclMrbNmg,en,A major cyclone threatens to unleash a deluge of rainfall and strong winds gusting to Category 4 hurricane intensity for the Indian,highly_relevant
V5fqJJAZZnc,en,New Delhi May 11 The Severe Cyclonic Storm Asani weakened into Cyclonic Storm overnight and lay centred off Andhra,relevant
dIMuNrwjppg,en,Visakhapatnam May 9 Parts of coastal Andhra Pradesh are likely to receive heavy rains accompanied by squally winds under,highly_relevant
ivmuqxYyHDg,en,Named by Pakistan cyclonic storm Gulab to hit Andhra Pradesh coast on September 26 evening near Kalingapatnam warning,highly_relevant
BtxMsMnefyQ,en,,highly_relevant
hgKM7YX1yHM,en,Weakening Cyclonic Storm ASANI moves very close to Andhra Pradesh coast Will continue weakening STORM UPDATE 2,highly_relevant
3F2deTWYr_s,en,RAW FOOTAGE VIDEO HD Boat Cyclone Phailin heads for Odisha Andhra Hurricane Storm Huge Cyclone Phailin Hits Costal,highly_relevant
eHtkK1Fv5cQ,en,Animation of ADCIRC output for hurricane Irene in 2011,highly_relevant
aR849We70AM,en,Hurricane Irma to batter Florida with catastrophic storm surge wind and rain,highly_relevant
huKxuF5zXVQ,en,Phethai Cyclone High Alert in Costal Andhra Sakshi Live From Hyderabad Meteorological Centre Y K Reddy Face to Face,relevant
4L0M9ga7gtw,en,was all going well until the penultimate day Severe cyclonic storm Asani intensified rapidly over the Bay of Bengal and advanced,highly_relevant
_npGp9ka9yU,en,The Very Severe Cyclonic Storm Lehar is being rated at that intensity today by the IMD but to be honest this being called a Very,highly_relevant
ogWZEPUu-jQ,en,New Delhi May 10 As the Severe Cyclonic Storm Asani moved towards Andhra Pradesh the India Meteorological Department,relevant
YjLUxjDqw58,en,Visakhapatnam May 11 Parts of coastal Andhra and Rayalaseema regions of Andhra Pradesh were receiving heavy rains,highly_relevant
7bjwqiDiA48,en,The devastating cyclone Michuang now the sixth cyclone in the Indian seas this year has wreaked havoc with torrential rains and,highly_relevant
jw479kU5x_4,en,At least 17 have been killed in flash floods in four Rayalaseema districts Chittoor Kadapa Kurnool and Anantapur in Andhra,highly_relevant
#NAME?,en,Visakhapatnam May 10 Rains accompanied by gusty winds started lashing many parts of the coastal Andhra Pradesh on,highly_relevant
nBJM00Zsrj0,en,Visakhapatnam May 10 Coastal districts in Andhra Pradesh were Tuesday put on alert in view of Severe Cyclonic Storm Asani,highly_relevant
sz5IOir4VZk,en,High tidal waves lashed the coast of Andhra Pradesh on Wednesday under the impact of severe cyclonic storm Thane over the,highly_relevant
#NAME?,en,The has said that further intensified into a severe cyclonic storm as it moved,highly_relevant
Zw2qhNor_Io,en,Rains Ravage Hyderabad Short Stunning Hyderabad s Rainy Drama A 60 Second Spectacle Monsoon Mayhem in,highly_relevant
IgypjCH_Ong,en,New Delhi May 10 A total of 50 National Disaster Response Force NDRF teams have earmarked for West Bengal Odisha and,not_relevant
7VD3D3J7qyg,en,was all going well until the penultimate day Severe cyclonic storm Asani intensified rapidly over the Bay of Bengal and advanced,highly_relevant
B22aXfWbShQ,en,Cyclonic storm Michaung is expected to make landfall along the Andhra Pradesh coast between December 4 and 5 2023,highly_relevant
woZ6CxZVenY,en,The deep depression in the Bay of Bengal was set to intensify into a severe cyclonic storm and cross the coast between Ongole,highly_relevant
5GfXTvUmUHg,en,New Delhi May 9 The Severe Cyclonic Storm Asani over the west central and adjoining south Bay of Bengal moved nearly,highly_relevant
DhCJO10sx1E,en,WION exclusively speaks to Josh Morgerman is an obsessive stormchaser and gain his insight on Cyclone Fani Watch video to,highly_relevant
OwtFEGUwZmI,en,New Delhi May 10 The Severe Cyclonic Storm Asani over westcentral and adjoining southwest Bay of Bengal moved,highly_relevant
QUjneBCZwAs,en,Cyclone Cyclone Fani triggers heavy rains gales in Andhra Pradesh Fani Cyclone Updates ఫణి తూఫాన్,highly_relevant
THCwFBgySMs,en,NTV News Cyclone Thane leaves 11 dead in TN and Puducherry Thane Cyclone threatens to hit AP Tamil Nadu coast,highly_relevant
I1r0UU_RqAk,en,Visakhapatnam May 10 Teams of the National Disaster Response Force NDRF and State Disaster Response Force SDRF,highly_relevant
xQLoRKkTP7k,en,Unlikely to make landfall is expected to come near the coast of Andhra Pradesh The severe cyclonic storm is,highly_relevant
LAgwEmfi-K0,en,,not_relevant
LMDFNZHxYV8,en,MindWarehouse Catch a glimpse of the massive waves usually seen,not_relevant
qmUP6l1I2Z4,en,Taken on November 3rd 2018 at Reynisfjara also commonly known as the Black Sand Beach in Iceland People didn t pay,not_relevant
9U8duJMflXM,en,,not_relevant
QkCFiNTTzW4,en,,not_relevant
lCG85EieEjU,en,,not_relevant
KT03u9e1rBY,en,,not_relevant
aNc42SiiFrs,en,JuneShineCo,not_relevant
YUSk1Rw_hyE,en,CM SAWANT RELEASES BOOK SURFING GREY WAVES 09 09 2025 GNH_ LIVE,not_relevant
M6TjU1FE7TA,en,,not_relevant
JekUNGo-RVk,en,Ocean waves are the classic nature sleep sound The waves crashing create a natural white noise that is great for relaxation,not_relevant
Pj9tmLGpm_4,en,Dramatic drone footage captured massive waves crashing over beachgoers at Icacos Beach in Acapulco Mexico on June 1 just,not_relevant
EfFZ5jndBnU,en,,highly_relevant
qGE5gpjzq34,en,,not_relevant
ds0zKHF8lOA,en,,highly_relevant
gyCwadB_dME,en,,highly_relevant
TvouApX0VNo,en,,not_relevant
lOSmHNzzgNM,en,Tourist Captures Giant Tsunami Wave Approaching Beach If you like this video please Like Subscribe and Hit the Bell Button for,highly_relevant
Cpx6FipfbbQ,en,,highly_relevant
F1yNCXy-Aq8,en,,not_relevant
mnWPhG8Ss0o,en,What happens when Skagen Maersk hits very stormy weather at the Indian Ocean Nothing Because the vessel twists bends,highly_relevant
5JDe19t8KWg,en,Never turn your back to the waves at the beach You never know when a rogue wave may come through and ruin your day,not_relevant
LxzPutsjmLQ,en,,not_relevant
OEf-1M-a93U,en,,not_relevant
FMZMhmnYu0k,en,,not_relevant
FWosRyJj464,en,,not_relevant
#NAME?,en,Have a nice day Email me someonenotshorts com for any requests for removal of videos KEYWORDS Funny,not_relevant
y6PcMwHNW1c,en,,highly_relevant
RwV2pOpFsHs,en,In a dramatic and terrifying encounter a luxury cruise ship found itself battling against the full force of nature as massive waves,not_relevant
V5SsJBPE-B0,en,,not_relevant
STygciSWUT0,en,Shop 100 Foot Wave Gear at the store Justine Dupont on the bomb that shattered big wave,not_relevant
F3Csg97KIgQ,en,,not_relevant
YpkuB4806lM,en,,not_relevant
c5G0z1-LIoU,en,aquariusshorts Note This modified or synthetic,not_relevant
tbsWgTNzWOQ,en,Please put any smile in the comments,not_relevant
rMot7Ey88TE,en,Big Beach is getting flooded with huge for this beach waves Waves are washing all the way up to shore Taken Aug 30 2011,highly_relevant
MgB-_bmAWnU,en,Underwater Footage of a Tsunami Wave If you like this video please Like Subscribe and Hit the Bell Button for more Awesome,highly_relevant
Al3qScVheLw,en,,not_relevant
6BrCcsmtrIc,en,,not_relevant
TSvivd5CreE,en,,not_relevant
nydwk87iEuM,en,5 Monster Waves Caught On Camera SUBSCRIBE Music Licensed From SoundStripe Envato Elements,not_relevant
hVcJCWehvm8,en,Witness the terrifying power of nature as massive tsunami waves crash into the shores of Marina Beach in this hyper realistic,highly_relevant
CdXcsv1_L_U,en,Tsunami Obliterates City Unbelievable Tsunami Scene 13 A massive wave wiping out an entire city in an,highly_relevant
SxMhn8kf5RQ,en,,not_relevant
1qvEsPGmfPA,en,,not_relevant
IJazR-7m1LA,en,See the top 5 rides ever at Nazare and an extreme wipeout and rescue 5 insane huge rides by Lucas Chumbo Justine,not_relevant
ZVqSHDtFjPc,en,Tsunami,highly_relevant
7jHCY8Co998,en,,not_relevant
DUHYugpyo0c,en,This video is AI generated and does not depict real events It is created for entertainment and visual effects,not_relevant
yerGDR5Bl6o,en,WATCH RIVER BREAKS PART 2,not_relevant
pPfe9SYxJgs,en,,not_relevant
1ETFF0htlQY,en,,not_relevant
rAQ_G6lejLk,en,Surfer and more of the best pro surfers experience some of the biggest waves in their lives in High Surf,not_relevant
t7QPJ0ssJtY,en,,not_relevant
mtCD8DyxwqU,en,,not_relevant
hyjfEsZpVHY,en,The guy that got swept away safely made it back to shore make sure you are aware of rip currents and be safe out there,not_relevant
LiDcIszTujM,en,Professional Red Bull watersports athlete Lucas Fink rescues a surfer from a big wave,not_relevant
zOkrJxMeEDc,en,A fishing vessel is facing rough seas and massiv waves in the North Sea It s rare to film them during conditions like this Subscribe,not_relevant
uf2jXycbSvg,en,,not_relevant
EtGzTyIcmcg,en,,not_relevant
a2NxgF2aSDw,en,Mexi Log Fest 2022 with stylish loggers around the world Footage by Heiko Bothe Full edit,not_relevant
GJc4Ir78KdE,en,Re live ALL the incredible action When the hurricane Epsilon swell arrived in,highly_relevant
1mXQaSA3-rE,en,Watch the full film Matahi Drollet Tucker,not_relevant
WMElRoS5MSM,en,hariessyaifudin Please subscribe to my YouTube channel HARIES SYAIFUDIN Video editing is just for entertainment,not_relevant
Fc6FrOmFock,en,Troll Face Edits Troll Face Moment Before Disaster Troll Face Troll Face Edit Troll Moments Before Disaster,not_relevant
xYe15FsLG5c,en,Witness the Raw Force of a Tsunami Real Footage of Nature s Most Powerful Waves This gripping video captures the,highly_relevant
FI5jDFG91oI,en,Brazilian Surfer Rodrigo Koxa Breaks World Record For Biggest Wave Ever Surfed Thanks For watching This Video and Don t,not_relevant
cMNH4nmOims,en,Compilation of our most spectacular ship in storm videos Lean back while watching Tankers Bulk Carriers Navy Ships Cruise,highly_relevant
K6aYwcfyI2w,en,In a shocking and heart stopping moment a massive wave was caught on camera towering behind a large cruise ship causing,not_relevant
G0XyrIarLyA,en,,not_relevant
g24aYQHd8Iw,en,Have a nice day Email me someonenotshorts com for any requests for removal of videos KEYWORDS Funny,not_relevant
2MJnhqWKUck,en,,not_relevant
EDWQpYTY2JA,en,,not_relevant
ALRoebu0Rgs,en,,not_relevant
sH9viMLs5WE,en,No one knows Mumbai better than us For more Bollywood news and sports videos subscribe here,not_relevant
MlCUAoTYuEc,en,,not_relevant
BeomPvehK_0,en,Tornado in thunderstorm caught in camera florida hurricane 2025 tornado thunderstorm 2025 storm 2025 storms tornado,highly_relevant
ydLwCQLHDzY,en,If you enjoy surfing or simply want to view some incredible waves that may reach up to 30 meters 100 feet in height Nazaré is,not_relevant
TZz7Xb3Bdew,en,tsunami AI generated content for simulation purposes Virtual Mayhem brings you stunning hyper realistic AI generated short,highly_relevant
n9bjJWtWykU,en,This Giant Just Broke World Records in 2025 Tsunami Scene 21 A massive wave wiping out an entire city in an,highly_relevant
UbfmgWAX3cg,en,This jaw dropping footage captures the stunning and terrifying moment when a massive wave unexpectedly crashes into a,not_relevant
ZbhdK8QKLvw,en,,not_relevant
62rM-US2YSg,en,Huge Wave breaks during the 2010 contest at Mavericks in halfmoon bay CA Clink the links to Watch the videos from the full day,not_relevant
65j2_BPyRQA,en,The California coast has some of the most beautiful beaches in the US The Big Sur is one of them Gaze across the shore and,not_relevant
tIZt0857a_o,en,Passengers were rattled after their cruise ship returning from Antarctica experienced huge waves while crossing the Drake,not_relevant
ipN76HzhBsc,en,Want to watch live sport and original documentaries for free Check out our website,not_relevant
bImk2wEVVCc,en,Welcome to Waves of the World Waves of the World Merch,not_relevant
#NAME?,en,,highly_relevant
8Sjir4gtLc4,en,kineticsand,highly_relevant
0ZXUxiO3-Pk,en,If you re watching this please take a second to subscribe to our channel and check out some of our longer videos,not_relevant
yu2qWKuQGzY,en,In this video we re seeing the terrifying Tsunami Sized Tidal Waves Strike China Be sure to stay safe and smart during these,highly_relevant
p-KKNKcoRiE,en,,not_relevant
NC8BhrVJxGE,en,,not_relevant
fZZ9PDQnGhY,en,,not_relevant
QAoHtyYbh-U,en,How to get 360 waves in 1 minute This process takes time and consistency Results do not come overnight Day 1 is completely,not_relevant
ZICCCd-iXNU,en,This big wave in the Canary Islands came outta nowhere and absolutely cooked everyone People were just vibing then,not_relevant
auw_mpX3IyE,en,sea,not_relevant
