"Question","Answer"
"What is a cyclone?","A rotating storm system with low pressure center and strong winds."
"How do cyclones form?","Warm ocean water evaporates, rises, and rotates due to Coriolis effect."
"What temperature is needed for cyclone formation?","Sea surface temperature of at least 26.5°C (80°F)."
"What is the difference between cyclone, typhoon, and hurricane?","Same phenomenon in different regions: Pacific (typhoon), Atlantic (hurricane), Indian Ocean (cyclone)."
"What is the eye of a cyclone?","Calm center with clear skies and light winds."
"What is the eyewall?","Ring of thunderstorms around the eye with strongest winds."
"What are spiral rainbands?","Curved bands of clouds and precipitation extending from the center."
"How are cyclones classified?","By maximum sustained wind speeds using Saffir-Simpson or similar scales."
"What is a Category 5 hurricane?","Storm with winds exceeding 252 km/h (157 mph)."
"When is cyclone season in the Atlantic?","June 1 to November 30, peak in August-October."
"When is typhoon season in the Pacific?","Year-round, but most active May to October."
"What causes cyclones to move?","Steering winds in the upper atmosphere and pressure systems."
"How fast do cyclones typically move?","15-25 km/h (10-15 mph) but can vary greatly."
"What is storm surge?","Rise in sea level caused by cyclone winds pushing water toward shore."
"How high can storm surge reach?","Up to 9 meters (30 feet) in extreme cases."
"What is the most dangerous aspect of cyclones?","Storm surge and flooding cause most fatalities."
"How are cyclones tracked?","Satellites, aircraft reconnaissance, weather buoys, and radar."
"What is a hurricane hunter?","Specially equipped aircraft that fly into storms to gather data."
"How accurate are cyclone forecasts?","Track forecasts are 70% accurate 5 days out, intensity harder to predict."
"What is the cone of uncertainty?","Probable path area showing where storm center might go."
"What technology is used for tracking?","Doppler radar, satellites, buoys, dropsondes, and computer models."
"How often are forecasts updated?","Every 6 hours officially, more frequently during rapid changes."
"What is rapid intensification?","Wind speed increase of 55 km/h (35 mph) in 24 hours."
"What causes rapid intensification?","Very warm water, low wind shear, and favorable atmospheric conditions."
"What is wind shear?","Change in wind speed or direction with altitude that can weaken storms."
"When are cyclone watches issued?","48 hours before tropical storm conditions expected."
"When are cyclone warnings issued?","36 hours before tropical storm conditions expected."
"What is a tropical storm warning?","Winds of 63-118 km/h (39-73 mph) expected within 36 hours."
"What is a hurricane warning?","Winds of 119+ km/h (74+ mph) expected within 36 hours."
"What should you do when a watch is issued?","Complete preparations and be ready to evacuate if ordered."
"What should you do when a warning is issued?","Take immediate action, complete preparations, evacuate if ordered."
"How much advance warning do we typically get?","3-5 days for track, 1-2 days for specific intensity."
"What is storm surge warning?","Life-threatening inundation expected within 36 hours."
"Who issues cyclone warnings?","National meteorological services like NHC, JMA, or local weather offices."
"What information is in cyclone advisories?","Location, intensity, movement, warnings, watches, and hazards."
"How are evacuation zones determined?","Storm surge risk, elevation, distance from water, and escape routes."
"What is a mandatory evacuation?","Legal order to leave an area due to life-threatening conditions."
"Should you evacuate for wind or water?","Evacuate from water (storm surge/flooding), shelter from wind."
"What areas are most vulnerable to storm surge?","Low-lying coastal areas, barrier islands, and estuaries."
"How early should you evacuate?","Before tropical storm force winds arrive, when roads are still safe."
"What if you can't evacuate?","Move to highest floor, stay away from windows, have emergency supplies."
"What should be in your hurricane kit?","Water, food, flashlight, radio, batteries, first aid, medications."
"How much water should you store?","1 gallon per person per day for at least 3 days."
"How much food should you store?","3-day supply of non-perishable food per person."
"What medications should you prepare?","7-day supply of prescription and over-the-counter medications."
"Should you fill bathtubs with water?","Yes, for washing and sanitation if utilities fail."
"What documents should you protect?","Insurance papers, IDs, bank records in waterproof container."
"How should you protect your home?","Install shutters, secure loose objects, trim trees, check roof."
"Should you tape windows?","No, tape doesn't prevent breaking and creates dangerous shards."
"What should you do with outdoor furniture?","Bring inside or secure firmly to prevent becoming projectiles."
"How do you prepare your car?","Full gas tank, check tires, emergency kit, evacuation route mapped."
"Should you withdraw cash?","Yes, ATMs and credit card systems may be down after storm."
"How do you prepare pets?","Carriers, food, water, medications, vaccination records, ID tags."
"What if shelters don't accept pets?","Plan ahead with pet-friendly hotels or friends outside area."
"How do you protect important papers?","Waterproof container or cloud storage backup."
"Should you stay with friends inland?","Yes, if possible and safer than your location."
"What is shelter-in-place?","Staying in your home or building rather than evacuating."
"When is it safe to shelter in place?","Sturdy building away from storm surge and flood zones."
"What room is safest during a cyclone?","Interior room on lowest floor, away from windows."
"Should you open windows to equalize pressure?","No, this is a myth that increases wind damage risk."
"What should you do if power goes out?","Use flashlights, not candles; check on neighbors; conserve phone battery."
"Can you go outside during the eye of the cyclone?","No, winds return quickly from opposite direction with little warning."
"When is it safe to go outside during a cyclone?","Never until authorities give all-clear after storm completely passes."
"What should you do if tornado warning issued during cyclone?","Move to interior room on lowest floor, avoid windows."
"How do you stay informed during the cyclone?","Battery/hand-crank radio, cell phone alerts, weather radio."
"What if you lose cell service during cyclone?","Try text messages, they often work when calls don't."
"Should you use generators indoors during cyclone?","Never, they produce deadly carbon monoxide gas."
"How do you avoid carbon monoxide poisoning during cyclone?","Never use generators, grills, or camp stoves indoors."
"What if flooding begins during cyclone?","Move to higher ground immediately, never drive through flood water."
"How deep of water can sweep you away during cyclone?","Just 6 inches of moving water can knock you down."
"How deep water can move a car during cyclone?","12 inches can float most cars, 18 inches can carry them away."
"What is the rule about driving during cyclone floods?","Turn around, don't drown - find alternate route."
"Should you walk through flood water during cyclone?","No, you can't see depth, debris, or downed power lines."
"What about downed power lines during cyclone?","Assume all are energized, stay at least 35 feet away."
"When is it safe to go outside?","Only when authorities declare all-clear and winds have stopped."
"What should you check first after the storm?","Gas leaks, structural damage, electrical hazards."
"How do you check for gas leaks?","Smell for gas, listen for hissing, never use matches to check."
"What if you smell gas?","Turn off main valve, evacuate, call gas company from safe location."
"How do you document damage?","Take photos/videos before cleanup for insurance claims."
"Should you enter damaged buildings?","Only if structurally sound, watch for hanging objects."
"How do you safely use chainsaws?","Wear protective gear, check for power lines, never work alone."
"What about contaminated flood water?","Avoid contact, wear gloves and boots, wash hands frequently."
"How do you clean up flood damage?","Remove water quickly, discard contaminated items, disinfect surfaces."
"Should you eat food that got wet?","Discard anything that contacted flood water or lost refrigeration."
"How long can food last without power?","Refrigerated: 4 hours, frozen: 24-48 hours if unopened."
"When should you call insurance company?","As soon as safely possible after the storm."
"What if roads are blocked?","Wait for emergency crews to clear, don't move debris yourself."
"How do you help neighbors safely?","Check welfare, share resources, report injuries to authorities."
"When will power be restored?","Depends on damage severity, could be days to weeks."
"How are power restoration priorities set?","Hospitals, emergency services, then residential areas."
"What about water service?","May take days to restore, boil water when service returns."
"Should you return home immediately after evacuation?","Only when authorities say it's safe and roads are clear."
"How do you prepare for long-term recovery?","Document losses, contact insurance, find temporary housing if needed."
"What financial assistance is available?","FEMA aid, SBA loans, insurance claims, charitable organizations."
"How do you apply for FEMA assistance?","Online, by phone, or at disaster recovery centers."
"What does FEMA assistance cover?","Temporary housing, home repairs, personal property replacement."
"How long do you have to file insurance claims?","Usually 1-2 years, but file as soon as possible."
"What if you disagree with insurance settlement?","Request re-evaluation, hire public adjuster, or seek legal advice."
"How do you find temporary housing?","FEMA assistance, insurance coverage, local shelters, family/friends."
"What about children's needs during recovery?","Maintain routines, provide emotional support, connect with school services."
"How do you deal with emotional trauma?","Seek counseling, join support groups, maintain social connections."
"What is disaster case management?","Service that helps coordinate recovery resources and services."
"How long does full recovery typically take?","Months to years depending on damage severity and resources."
"What is building back better?","Reconstructing with improved materials and methods to resist future storms."
"How do you make your home more storm-resistant?","Impact-resistant windows, stronger roof, elevated utilities, proper drainage."
"What are hurricane straps?","Metal connectors that secure roof to walls and walls to foundation."
"Should you elevate your home?","Consider if in flood-prone area, may reduce insurance costs."
"What is a safe room?","Reinforced interior space designed to protect from extreme winds."
"How do you landscape for hurricane resistance?","Plant native trees, avoid shallow-rooted species near structures."
"What insurance should you have?","Homeowners, flood insurance, windstorm coverage where needed."
"Why is flood insurance important?","Standard homeowners insurance doesn't cover flood damage."
"When should you buy flood insurance?","Before you need it, has 30-day waiting period."
"What is the National Flood Insurance Program?","Federal program providing flood insurance to property owners."
"How do you reduce insurance costs?","Mitigation measures like storm shutters, stronger roofing, elevation."
"What is a Community Rating System?","FEMA program that reduces flood insurance rates for participating communities."
"How do communities prepare for hurricanes?","Emergency plans, evacuation routes, shelters, public education, building codes."
"What are building codes for hurricane areas?","Standards for wind resistance, storm surge, and flooding."
"How do evacuation routes work?","Pre-planned roads that move people away from danger zones."
"What is a hurricane shelter?","Facility designed to protect people who cannot evacuate."
"How are shelters managed during storms?","Red Cross, Salvation Army, and local emergency management."
"What should communities do for vulnerable populations?","Special needs registries, assisted evacuation, accessible shelters."
"How do schools prepare for hurricanes?","Evacuation plans, communication systems, structural assessments."
"What is business continuity planning?","Preparing to maintain operations during and after disasters."
"How do hospitals prepare for hurricanes?","Backup power, extra supplies, evacuation plans, staff housing."
"What is mutual aid in disasters?","Communities helping each other with resources and personnel."
"How do you create a family emergency plan?","Meeting places, contacts, evacuation routes, communication methods."
"What information should be in your family plan?","Contact numbers, meeting locations, evacuation routes, important documents."
"How often should you practice your plan?","At least once a year, update when family situations change."
"What is a go-bag?","Pre-packed emergency supplies ready for quick evacuation."
"What should be in a workplace emergency kit?","Similar to home kit but for 3 days at work location."
"How do you communicate during emergencies?","Text messages, social media, out-of-state contact person."
"Why choose an out-of-state contact?","Local phone lines may be overloaded, long-distance often works."
"What is reverse 911?","Emergency notification system that calls phones in affected areas."
"How do you sign up for emergency alerts?","Register with local emergency management, enable phone alerts."
"What apps help during hurricanes?","Weather apps, emergency alert apps, family communication apps."
"How do you conserve phone battery?","Lower brightness, close apps, use airplane mode when not needed."
"What is amateur radio's role in disasters?","Backup communication when other systems fail."
"How do you stay informed without power?","Battery/hand-crank radio, car radio, neighbors with power."
"What is psychological first aid?","Providing comfort and support to disaster survivors."
"How do you help children cope with disasters?","Honest age-appropriate information, maintain routines, extra comfort."
"What are common post-disaster emotions?","Anxiety, sadness, anger, feeling overwhelmed - all normal reactions."
"When should you seek professional help?","If emotions interfere with daily life for extended periods."
"How do you maintain mental health during recovery?","Self-care, social support, professional help if needed, realistic expectations."
"What is survivor guilt?","Feeling bad about your situation when others suffered more."
"How do communities build resilience?","Education, planning, infrastructure improvements, social connections."
"What is climate change's effect on hurricanes?","May increase intensity and slow movement, raising sea levels."
"Are hurricanes becoming more frequent?","Not necessarily more frequent, but potentially more intense."
"What is hurricane modification?","Historical attempts to weaken storms, not currently operational."
"How accurate are long-range forecasts?","Limited skill beyond 7-10 days for specific storms."
"What is the difference between deterministic and ensemble forecasts?","Single forecast vs. multiple scenarios showing uncertainty."
"How do forecasters predict intensity?","Complex models considering ocean temperature, wind shear, atmospheric patterns."
"What is the biggest forecast challenge?","Predicting rapid intensification and exact landfall location."
"How has forecast accuracy improved?","Better satellites, models, and understanding have improved track forecasts significantly."
"What role do buoys play in forecasting?","Provide real-time ocean temperature and wave data."
"How do computer models work?","Mathematical equations simulate atmospheric behavior using current conditions."
"What is model consensus?","When multiple forecast models agree on storm track or intensity."
"Why do forecast tracks sometimes change dramatically?","Small changes in steering patterns can cause large track differences."
"What is the importance of continuous monitoring?","Storm conditions change rapidly, requiring frequent forecast updates."
"How do you interpret forecast uncertainty?","Larger cone of uncertainty means less confidence in exact track."
"What is storm surge modeling?","Computer simulations predicting surge height and inland penetration."
"How do you prepare for forecast uncertainty?","Prepare for range of possibilities, not just most likely scenario."
"What is the value of hurricane research?","Improves understanding, forecasting, and preparation saving lives."
"How do researchers study hurricanes?","Hurricane hunters, satellites, radar, ocean instruments, computer modeling."
"What is the Hurricane Research Division?","NOAA unit that studies hurricanes to improve forecasts."
"What new technologies are being developed?","Advanced satellites, drones, improved computer models, AI applications."
"How do you stay prepared year-round?","Maintain supplies, review plans, stay informed about forecast improvements."
"What is the importance of sustainable reconstruction?","Reduces vulnerability, prevents environmental damage, and ensures long-term safety."
"Question","Answer"
"What should coastal residents do before a cyclone strikes?","Follow evacuation orders, secure property, and stock emergency supplies."
"How can local cyclone shelters help during a storm?","They provide safe refuge for those who cannot evacuate to higher ground or safer areas."
"Who coordinates disaster response in India during cyclones?","National Disaster Management Authority (NDMA) along with State Disaster Management Authorities."
"How can schools prepare for cyclone season?","Develop evacuation plans, conduct drills, and communicate with parents and local authorities."
"What is a real-life example of a devastating cyclone?","Cyclone Fani in 2019 caused extensive damage in Odisha, India, with winds exceeding 200 km/h."
"How do mangroves help reduce cyclone impact?","Mangroves act as natural barriers, absorbing storm surge and reducing wind damage inland."
"Are elderly people at higher risk during cyclones?","Yes, elderly individuals may need assistance evacuating and managing medical needs."
"What should hospitals do to prepare for cyclones?","Ensure backup power, secure medical supplies, and have evacuation or shelter plans for patients."
"How can mobile apps help during cyclones?","Provide real-time alerts, evacuation routes, and emergency contacts for residents."
"What are common post-cyclone hazards?","Flooding, debris, contaminated water, and potential outbreaks of waterborne diseases."
"How can communities coordinate evacuation safely?","By using pre-planned routes, public alerts, volunteer networks, and transportation resources."
"What is the importance of disaster case management?","Helps survivors access aid, coordinate services, and recover efficiently after a cyclone."
"How can pregnant women stay safe during a cyclone?","Follow evacuation orders, have a go-bag ready, and seek medical advice ahead of storms."
"Why is local knowledge important during cyclones?","Local experience helps identify high-risk areas, safe shelters, and effective response strategies."
"What are some myths about cyclone safety?","Opening windows, going outside during the eye, or using candles indoors are all unsafe practices."
"How do drones assist in cyclone disaster response?","They help assess damage, locate stranded people, and monitor flooded or hazardous areas."
"What is the role of the military in cyclone response?","Assist with evacuations, rescue operations, and distribution of relief supplies."
"How do past cyclones inform current preparedness?","Lessons from previous events help improve building codes, evacuation planning, and public awareness."
"What is the impact of cyclones on coral reefs?","Strong waves and debris can damage reefs, affecting marine biodiversity and fisheries."
"How should pets be cared for during cyclone evacuation?","Bring them in carriers with food, water, vaccination records, and identification tags."
"What should be included in community emergency kits?","Water, food, first aid, flashlights, batteries, blankets, and communication devices."
"How can volunteers help during cyclone response?","Assist with evacuation, distribute relief, help with shelters, and provide first aid."
"What role do local NGOs play during cyclones?","Coordinate relief, provide emergency supplies, and support vulnerable populations."
"How can social media aid cyclone response?","Spread alerts, provide real-time updates, and help locate stranded individuals."
"What is the role of early warning systems?","Provide timely alerts to minimize loss of life and property damage."
"How should boats be secured during a cyclone?","Move to safe harbor or tie down securely to prevent drifting and damage."
"What should fishermen do when a cyclone is forecasted?","Return to port immediately, secure boats, and avoid venturing into stormy seas."
"How do cyclone-resistant structures reduce damage?","They withstand high winds, storm surges, and flying debris, protecting lives and property."
"What is the difference between primary and secondary hazards?","Primary hazards are direct (wind, surge), secondary hazards are indirect (flooding, disease)."
"How can community drills improve preparedness?","Practice evacuation, communication, and resource management to reduce confusion during actual events."
"How does climate change affect cyclone intensity?","Warmer oceans can increase storm intensity and rainfall, making cyclones more destructive."
"Why are low-lying areas most vulnerable?","They are prone to flooding and storm surge, increasing risk of property damage and fatalities."
"What is the role of insurance in cyclone recovery?","Covers property damage, helps rebuild homes, and provides financial support for victims."
"How can solar power be used during cyclones?","Portable solar panels can provide emergency electricity when the grid fails."
"How should mental health be addressed post-cyclone?","Provide counseling, support groups, and community resources to manage trauma and stress."
"What is the importance of documenting cyclone damage?","Necessary for insurance claims, government aid, and planning future mitigation."
"How do levees and seawalls help during cyclones?","They reduce flooding, divert water, and protect communities from storm surge."
"What is the importance of proper drainage systems?","Prevents waterlogging, reduces flood damage, and maintains sanitary conditions."
"How should water be purified after flooding?","Boil, use purification tablets, or filter to avoid waterborne diseases."
"How can communities manage debris safely?","Separate hazardous waste, use protective gear, and coordinate with authorities for removal."
"How do local government agencies coordinate during cyclones?","Share information, manage resources, lead evacuations, and communicate with the public."
"What is reverse 911?","Automated system calling residents to inform about hazards and evacuation orders."
"How should vehicles be used during evacuation?","Avoid driving through flooded areas, follow designated routes, and maintain fuel."
"What is the importance of backup communication channels?","Ensure continued information flow if primary networks fail."
"How can emergency shelters support special needs populations?","Provide accessible facilities, medical care, and assistance for mobility or hearing-impaired individuals."
"What are key items in a go-bag for a family?","Water, food, medications, clothes, important documents, flashlight, and battery-powered radio."
"How can teachers educate students about cyclones?","Classroom lessons, drills, and engaging educational materials on hazards and safety."
"What are the main phases of cyclone management?","Preparedness, response, recovery, and mitigation."
"How do volunteers assist with post-storm cleanup?","Remove debris, help rebuild structures, and support affected families."
"What is mutual aid in cyclone recovery?","Neighboring communities or organizations provide assistance with resources and manpower."
"How can communities plan for long-term resilience?","Invest in infrastructure, enforce building codes, educate public, and maintain emergency plans."
"What is the role of local meteorological offices?","Forecast storms, issue warnings, and provide public guidance."
"How can remote sensing aid cyclone management?","Monitor storm development, track movement, and assess post-storm damage."
"What is a storm surge map?","Shows potential areas of flooding from storm-driven sea-level rise."
"How should farmers protect crops during cyclones?","Harvest early, secure structures, use protective coverings, and follow advisories."
"How can businesses prepare for cyclones?","Develop continuity plans, secure assets, backup data, and train staff for emergency procedures."
"What is the role of the Red Cross during cyclones?","Provide shelters, medical aid, food, and coordinate disaster relief."
"How do hospitals prioritize care post-cyclone?","Treat critical patients first, manage triage, and restore essential services."
"What are common electrical hazards after cyclones?","Downed power lines, flooded electrical systems, and exposed wires."
"How can communities prevent waterborne diseases?","Boil water, avoid contact with flood water, and maintain sanitation."
"What is the importance of early evacuation?","Reduces fatalities, prevents injuries, and allows emergency services to operate effectively."
"How can local radio stations help during a cyclone?","Broadcast updates, warnings, and safety instructions to residents."
"What are high-risk behaviors during cyclones?","Driving through floods, ignoring evacuation orders, and staying near windows."
"What are low-risk behaviors during cyclones?","Following official guidance, sheltering safely, and having emergency supplies."
"How do international organizations assist during cyclones?","Provide funds, expertise, supplies, and coordinate with local authorities."
"How can GIS be used in cyclone management?","Map hazards, evacuation routes, and resources to support planning and response."
"What are the legal obligations of authorities during cyclones?","Issue warnings, coordinate evacuations, and provide public safety measures."
"How should food be stored during cyclones?","Non-perishable, sealed, and sufficient for at least 3 days per person."
"How can people communicate when networks are down?","Use radios, satellite phones, or pre-arranged meeting points."
"What is the importance of family emergency meetings?","Ensures everyone knows the plan, contacts, and evacuation routes."
"What are the responsibilities of community leaders?","Coordinate response, distribute resources, inform public, and support vulnerable members."
"How do you recognize signs of structural damage?","Cracks in walls, sagging roofs, tilted buildings, and water intrusion."
"How can technology improve cyclone response?","Drones, AI, early warning systems, and data analytics enhance preparedness and recovery."
"What are common myths about storm surge?","Water level rises slowly or only affects beachfront; actually it can surge rapidly and inland."
"How can communities support displaced populations?","Temporary housing, food, medical aid, and psychosocial support."
"How is cyclone intensity categorized?","By wind speed, central pressure, and potential damage (Saffir-Simpson or regional scales)."
"How do local emergency plans improve safety?","Predefines responsibilities, communication, and evacuation, reducing confusion."
"What is the importance of continuous education on cyclones?","Keeps public aware, improves preparedness, and reduces risk during future events."
"What are key lessons from major cyclones?","Early warning saves lives, resilient infrastructure reduces damage, and coordination improves recovery."
"How can children be educated about cyclone safety?","Age-appropriate lessons, drills, and involving them in family preparedness plans."
"What is the role of social support networks?","Provide emotional, logistical, and material assistance during and after disasters."
"What are indicators of flood risk during cyclones?","Low elevation, proximity to coast, historical flood records, and heavy rainfall."
"What is the importance of personal responsibility in cyclone preparedness?","Individuals who prepare reduce strain on emergency services and increase survival chances."
"How do you handle hazardous chemicals after a cyclone?","Do not touch, report to authorities, and avoid contamination."
"What are common post-cyclone psychological effects?","Anxiety, depression, PTSD, grief, and stress due to loss and disruption."
"What are key strategies for long-term mitigation?","Strengthen infrastructure, improve land-use planning, community education, and environmental protection."
"Question","Answer"
"What is a tsunami?","Series of ocean waves caused by sudden displacement of large water volumes."
"What causes tsunamis?","Underwater earthquakes, volcanic eruptions, landslides, or meteorite impacts."
"What is the most common cause of tsunamis?","Underwater earthquakes with magnitude 7.0 or greater."
"How deep must earthquake be to cause tsunami?","Usually less than 70 kilometers deep in ocean floor."
"What type of fault movement creates tsunamis?","Vertical displacement of seafloor, not horizontal sliding."
"Can volcanic eruptions cause tsunamis?","Yes, explosive eruptions or volcanic collapses can displace water."
"Can landslides cause tsunamis?","Yes, underwater or coastal landslides can generate local tsunamis."
"What was the deadliest tsunami in history?","2004 Indian Ocean tsunami that killed over 230,000 people."
"What was the largest tsunami wave ever recorded?","1958 Lituya Bay, Alaska - 524 meters (1,720 feet) high."
"How fast do tsunamis travel in deep ocean?","500-800 km/h (300-500 mph), speed of commercial jet."
"How fast do tsunamis travel in shallow water?","Slow to 50-100 km/h (30-60 mph) but increase in height."
"Why do tsunamis slow down near shore?","Shallow water creates friction that reduces speed but increases height."
"How high can tsunami waves get?","Generally 3-30 meters, but can exceed 40 meters in extreme cases."
"What is tsunami runup?","Maximum vertical height water reaches inland from sea level."
"How far inland can tsunamis travel?","Up to 10 kilometers inland on flat coastal plains."
"Are all tsunami waves the same size?","No, waves vary in size and the largest may not be first."
"How many waves are in a tsunami?","Multiple waves over hours, later waves can be larger than first."
"What is the time between tsunami waves?","Usually 10-45 minutes between wave crests."
"Do tsunamis always appear as giant walls of water?","No, often appear as rapidly rising tide or fast-moving flood."
"What is a tsunami bore?","Wall of turbulent water that forms in rivers and narrow bays."
"What are the early natural warning signs of tsunami?","Strong earthquake lasting over 20 seconds near coast."
"What does ocean recession mean before tsunami?","Water suddenly retreats exposing seafloor and marine life."
"Should you investigate exposed seafloor during recession?","No, immediately evacuate to high ground - tsunami is coming."
"What sound might you hear before tsunami?","Loud roaring sound like freight train or jet engine."
"Can animals sense tsunamis before humans?","Animals may act strangely, but don't rely on this as warning."
"What if you feel strong earthquake at coast?","Immediately move to high ground, don't wait for official warning."
"How long do you have after earthquake to evacuate?","Usually 15-30 minutes for nearby tsunamis, hours for distant ones."
"What if earthquake is too weak to feel?","Distant earthquakes can still generate tsunamis, watch for other signs."
"Should you wait for official warnings?","No, natural signs require immediate self-evacuation to high ground."
"What if you see ocean recession but felt no earthquake?","Still evacuate immediately - tsunami could be from distant source."
"Can small earthquakes generate tsunamis?","Rarely, but underwater landslides triggered by small quakes can."
"What if water level rises unusually fast?","Evacuate immediately, this could be first wave of tsunami."
"Who issues tsunami warnings?","National tsunami warning centers and local emergency management."
"What is a tsunami watch?","Tsunami possible based on earthquake data, stay alert for updates."
"What is a tsunami advisory?","Strong currents expected, stay out of water but evacuation not required."
"What is a tsunami warning?","Dangerous tsunami waves expected, immediate evacuation required."
"How are tsunami warnings distributed?","Sirens, radio, TV, cell phone alerts, social media."
"What should you do when tsunami warning issued?","Evacuate immediately to high ground or inland."
"How much time do warnings give you?","Minutes to hours depending on distance from tsunami source."
"What if warning systems fail?","Trust natural warning signs and evacuate based on earthquake or ocean changes."
"Should you wait to confirm tsunami before evacuating?","No, by the time you see it, it's too late to escape safely."
"What technology detects tsunamis?","Deep ocean buoys (DART system), coastal tide gauges, seismographs."
"How do deep ocean buoys work?","Detect pressure changes on seafloor and transmit data via satellite."
"What is the DART system?","Deep-ocean Assessment and Reporting of Tsunamis buoy network."
"How accurate are tsunami warnings?","Very accurate for detection, but height and arrival time estimates vary."
"Can tsunamis be predicted like weather?","No, they can only be detected after the triggering event occurs."
"What should be in your tsunami emergency kit?","Water, food, flashlight, radio, first aid, important documents, sturdy shoes."
"How much water should you store for tsunamis?","1 gallon per person per day for at least 3 days."
"What type of radio is best for tsunami emergencies?","Battery-powered or hand-crank weather radio with NOAA alerts."
"What documents should you protect from tsunamis?","ID, insurance papers, medical records in waterproof container above flood level."
"Should you keep emergency supplies at work?","Yes, workplace kit with supplies for 72 hours."
"What shoes are best for tsunami evacuation?","Sturdy closed-toe shoes that won't slip off during running."
"How do you prepare your home for tsunamis?","Know evacuation routes, secure water heater, elevate utilities, have emergency kit."
"Should you elevate your house in tsunami zones?","Consider elevation on posts/pilings if structurally and financially feasible."
"What insurance covers tsunami damage?","Flood insurance may cover some tsunami damage, check policy details."
"How do you create tsunami family plan?","Meeting places, evacuation routes, communication methods, out-of-area contact."
"Where should family members meet after tsunami?","High ground location away from coast that everyone can reach."
"How do you practice tsunami evacuation?","Walk evacuation routes, time how long it takes, practice at different times."
"What if family members are separated during tsunami?","Use predetermined meeting places and out-of-state contact person."
"How do you prepare pets for tsunami evacuation?","Carriers, leashes, food, water, medications, identification tags."
"Can you drive during tsunami evacuation?","Only if absolutely necessary, traffic may be gridlocked - walking often faster."
"What if you're at beach when earthquake occurs?","Drop, cover, hold, then immediately move to high ground when shaking stops."
"What if you're in boat when tsunami warning issued?","If in deep water stay there, if near shore get to land and move inland."
"How high is safe during tsunami evacuation?","At least 30 meters (100 feet) above sea level or 2 km inland."
"What if no high ground is available?","Move as far inland as possible, seek upper floors of strong buildings."
"Should you use elevators during tsunami evacuation?","No, use stairs in case power fails during evacuation."
"What if you're driving when tsunami warning issued?","Park safely, grab emergency kit, evacuate on foot to high ground."
"Can you outrun a tsunami in a car?","Unlikely due to traffic, debris, and tsunami speed - evacuate on foot when possible."
"What if evacuation routes are blocked?","Find alternate route to high ground, don't return to dangerous areas."
"Should you help others during evacuation?","Yes if safe to do so, but don't risk your life unnecessarily."
"What if you encounter injured person during evacuation?","Help if possible but prioritize getting to safety first."
"How do you evacuate with mobility limitations?","Plan assistance in advance, use wheelchairs/walkers, seek help from others."
"What if you're caring for small children during evacuation?","Carry infants, hold hands with toddlers, practice evacuation regularly."
"Should elderly or disabled people evacuate?","Yes, make advance plans for assistance and transportation."
"What if you can't reach designated evacuation area?","Get to highest ground available, even upper floors of buildings."
"What do you do if caught in tsunami water?","Grab floating debris, avoid power lines, try to get out of water quickly."
"Can you swim in tsunami water?","Very difficult due to debris and powerful currents - avoid if possible."
"What if tsunami water is rising around you?","Climb to highest available point, call for help, avoid electrical hazards."
"Should you enter buildings during tsunami?","Only strong, tall buildings as last resort - high ground is better."
"What if you're swept away by tsunami?","Grab something that floats, protect head from debris, try to swim to safety."
"Can you survive being in tsunami water?","Possible but dangerous due to debris, contamination, and powerful currents."
"What if you're trapped in building during tsunami?","Get to highest floor, signal for help, stay away from windows."
"Should you go back for belongings during tsunami?","Never, material possessions can be replaced - your life cannot."
"What if you forgot someone during evacuation?","Don't return, notify emergency responders of missing person location."
"How long should you stay in evacuation area?","Until authorities give all-clear, usually several hours after last wave."
"What if you hear tsunami siren during evacuation?","Continue evacuation immediately, siren means danger is imminent."
"Can you drink tsunami water?","Never, it's contaminated with saltwater, debris, and hazardous materials."
"What if you're hungry during long evacuation?","Ration emergency food supplies, help may take hours to arrive."
"Should you use cell phone during tsunami?","Only for emergencies, preserve battery and avoid overloading networks."
"When is it safe to return after tsunami?","Only when authorities give official all-clear and inspect for hazards."
"What should you check first after returning from tsunami?","Structural damage, electrical hazards, gas leaks, contaminated water."
"How do you check for gas leaks after tsunami?","Smell for gas, listen for hissing, turn off main valve, call gas company."
"What if your house was flooded by tsunami?","Don't enter until inspected, assume contamination, document damage with photos."
"Should you drink tap water after tsunami?","Not until authorities confirm it's safe, use bottled or boiled water."
"How do you clean up after tsunami?","Wear protective gear, remove contaminated materials, disinfect surfaces thoroughly."
"What should you throw away after tsunami?","Food that contacted water, damaged electrical items, porous materials like carpet."
"How do you deal with tsunami debris?","Don't handle alone, report large debris to authorities, watch for hazardous materials."
"What if utilities are damaged after tsunami?","Don't use until professionally inspected and repaired."
"Should you enter your car after tsunami?","Have it inspected first, saltwater can damage electrical and mechanical systems."
"How do you document tsunami damage for insurance?","Take photos/videos before cleanup, keep receipts, contact insurer immediately."
"What emotional reactions are normal after tsunami?","Anxiety, sadness, anger, difficulty sleeping - all normal stress responses."
"When should you seek mental health help after tsunami?","If symptoms persist or interfere with daily functioning."
"How do you help children cope with tsunami trauma?","Provide comfort, maintain routines, give honest age-appropriate information."
"What if you lost important documents in tsunami?","Contact agencies to replace ID, insurance papers, medical records."
"How do you find missing family members after tsunami?","Contact Red Cross, check emergency shelters, use social media safely."
"What assistance is available after tsunamis?","FEMA aid, Red Cross help, local charity support, insurance claims."
"How long does tsunami recovery take?","Months to years depending on damage severity and available resources."
"Should you rebuild in same location after tsunami?","Consider elevation, setbacks, and improved construction methods."
"What is tsunami-resistant construction?","Elevated structures, breakaway walls, reinforced materials, proper drainage."
"How do you make existing building more tsunami-resistant?","Elevate utilities, install flood vents, strengthen foundation, create escape routes."
"What landscaping helps with tsunamis?","Native vegetation, natural barriers, avoid hard surfaces that increase runup."
"Should coastal communities have seawalls?","Can help but may create false security, not effective against large tsunamis."
"What is vertical evacuation?","Going up in buildings when horizontal evacuation impossible."
"How high should vertical evacuation buildings be?","At least 4 stories or designed to withstand expected tsunami forces."
"What makes a good tsunami evacuation building?","Reinforced concrete, steel frame, above expected wave height, multiple exits."
"How do you design tsunami evacuation routes?","Wide, clear paths to high ground with minimal obstacles and chokepoints."
"Should evacuation routes have signs?","Yes, clear multilingual signs showing direction and distance to safety."
"What role do natural barriers play?","Mangroves, coral reefs, and dunes can reduce tsunami energy but not stop them."
"How do communities educate about tsunami risk?","Public drills, education campaigns, school programs, warning system tests."
"What is TsunamiReady certification?","NOAA program recognizing communities with effective tsunami preparedness."
"How often should communities practice tsunami drills?","At least annually, more frequently in high-risk areas."
"What should schools do for tsunami preparedness?","Evacuation plans, regular drills, parent notification systems, elevated safe areas."
"How do hotels prepare for tsunamis?","Guest education, evacuation plans, staff training, emergency supplies."
"What should hospitals do in tsunami zones?","Elevation planning, backup power, patient evacuation procedures, staff training."
"How do ports and harbors prepare for tsunamis?","Warning systems, vessel evacuation plans, infrastructure protection, emergency response."
"What is international tsunami cooperation?","Sharing warning data, research cooperation, standardized alert systems."
"What is the Pacific Tsunami Warning Center?","International center that monitors Pacific Ocean for tsunami threats."
"How do different countries share tsunami warnings?","Through regional warning networks and international communication protocols."
"What research is improving tsunami science?","Computer modeling, historical studies, geological research, early warning technology."
"How do scientists study past tsunamis?","Sediment deposits, coral growth patterns, historical records, geological evidence."
"What is paleotsunamiology?","Study of prehistoric tsunamis using geological and biological evidence."
"How do tsunami models work?","Computer simulations of wave generation, propagation, and coastal impact."
"What new technology is being developed?","Faster detection systems, improved modeling, better warning dissemination."
"Can artificial intelligence help with tsunamis?","AI can improve wave prediction, optimize evacuation routes, analyze risk patterns."
"What is community-based tsunami warning?","Local systems that complement official warnings with neighborhood networks."
"How do you maintain long-term tsunami preparedness?","Regular plan updates, continued education, equipment maintenance, community engagement."
"What is tsunami risk assessment?","Scientific evaluation of tsunami probability and potential impact for specific areas."
"How do you balance development with tsunami risk?","Zoning restrictions, building codes, setback requirements, risk disclosure."
"What is the role of education in tsunami preparedness?","Teaching recognition of natural warnings and appropriate response actions."
"How do you update tsunami preparedness plans?","Regular reviews, incorporate lessons learned, update contact information, practice drills."
"What makes tsunami preparedness successful?","Community awareness, effective warning systems, clear evacuation routes, regular practice."
"Should you trust traditional knowledge about tsunamis?","Yes, indigenous knowledge often contains valuable insights about historical events."
"How do you prepare for night-time tsunamis?","Flashlights ready, know evacuation routes by feel, practice in darkness."
"What if tsunami occurs during bad weather?","Still evacuate immediately, seek sturdy shelter on high ground."
"Can small tsunamis be dangerous?","Yes, even small waves can have powerful currents and cause drowning."
"What is the difference between tsunami and storm surge?","Tsunamis caused by geological events, storm surge caused by weather."
"How do you distinguish tsunami from normal waves?","Tsunamis affect entire water column, have longer periods, continue for hours."
"What if you live inland but near tsunami evacuation zone?","You may still need to evacuate if in low-lying river valley."
"Can rivers carry tsunami waves inland?","Yes, tsunamis can travel up rivers and cause flooding miles from coast."
"What is tsunami sediment and why is it dangerous?","Sand and debris carried by waves, can bury areas and contain contaminants."
"How do you prepare for cascading disasters after tsunamis?","Plan for fires, chemical spills, infrastructure failures that may follow."
"What if nuclear plant is damaged by tsunami?","Follow evacuation orders, take potassium iodide if directed, monitor radiation levels."
"Should you stay informed about global earthquake activity?","Yes, large distant earthquakes can generate tsunamis hours later."
"What is the most important tsunami safety rule?","When in doubt, get out - evacuate to high ground immediately."
"How do you remember tsunami safety basics?","Think DROP (earthquake), CHECK (natural signs), GO (evacuate to high ground)."
"Question","Answer"
"What is a tsunami?","Series of ocean waves caused by sudden displacement of large water volumes."
"What causes tsunamis?","Underwater earthquakes, volcanic eruptions, landslides, or meteorite impacts."
"What is the most common cause of tsunamis?","Underwater earthquakes with magnitude 7.0 or greater."
"Can volcanic eruptions cause tsunamis?","Yes, explosive eruptions or collapses can displace large volumes of water."
"Can landslides cause tsunamis?","Yes, underwater or coastal landslides can generate local tsunamis."
"What was the deadliest tsunami in history?","2004 Indian Ocean tsunami that killed over 230,000 people."
"What was the largest tsunami wave ever recorded?","1958 Lituya Bay, Alaska - 524 meters (1,720 feet) high."
"How fast do tsunamis travel in deep ocean?","500-800 km/h (300-500 mph), similar to a commercial jet."
"How fast do tsunamis travel in shallow water?","50-100 km/h (30-60 mph), but waves grow taller near the shore."
"Why do tsunamis slow down near the coast?","Shallow water creates friction reducing speed but increasing height."
"How high can tsunami waves get?","Generally 3-30 meters, but can exceed 40 meters in extreme cases."
"What is tsunami runup?","Maximum vertical height water reaches inland from sea level."
"How far inland can tsunamis travel?","Up to 10 kilometers inland on flat coastal plains."
"Are all tsunami waves the same size?","No, waves vary and later waves may be larger than the first."
"What is the time between tsunami waves?","Usually 10-45 minutes between wave crests."
"Do tsunamis always appear as giant walls of water?","No, often as a rapidly rising tide or fast-moving flood."
"What is a tsunami bore?","Wall of turbulent water forming in rivers or narrow bays."
"What are early natural warning signs of a tsunami?","Strong, long earthquake near coast, ocean recession, unusual roaring sound."
"Can animals sense tsunamis before humans?","Sometimes, but do not rely solely on animal behavior for warning."
"What should you do if you feel a strong earthquake at the coast?","Immediately move to high ground, do not wait for official warning."
"How long do you have to evacuate after an earthquake?","Usually 15-30 minutes for nearby tsunamis, hours for distant sources."
"Who issues tsunami warnings?","National tsunami warning centers and local emergency management."
"What is a tsunami watch?","Tsunami possible based on earthquake data, stay alert for updates."
"What is a tsunami advisory?","Strong currents expected, stay out of water but evacuation not required."
"What is a tsunami warning?","Dangerous tsunami waves expected, immediate evacuation required."
"How are tsunami warnings distributed?","Sirens, radio, TV, cell phone alerts, social media."
"What should you do during a tsunami warning?","Evacuate immediately to high ground or inland."
"Should you wait to confirm tsunami before evacuating?","No, evacuate immediately based on natural signs or warning."
"What technology detects tsunamis?","Deep ocean buoys (DART), coastal tide gauges, seismographs."
"How do deep ocean buoys work?","Detect pressure changes on seafloor and transmit data via satellite."
"What is the DART system?","Deep-ocean Assessment and Reporting of Tsunamis buoy network."
"How accurate are tsunami warnings?","Very accurate for detection, but wave height and arrival time vary."
"Can tsunamis be predicted like weather?","No, they can only be detected after the triggering event."
"What should be in your tsunami emergency kit?","Water, food, flashlight, radio, first aid, important documents, sturdy shoes."
"How much water should you store for tsunamis?","1 gallon per person per day for at least 3 days."
"What type of radio is best for tsunami emergencies?","Battery-powered or hand-crank weather radio with alerts."
"What documents should you protect from tsunamis?","ID, insurance papers, medical records in waterproof container above flood level."
"Should you keep emergency supplies at work?","Yes, workplace kit with supplies for 72 hours."
"What shoes are best for tsunami evacuation?","Sturdy closed-toe shoes that won't slip off during running."
"How do you prepare your home for tsunamis?","Know evacuation routes, secure water heater, elevate utilities, have emergency kit."
"Should you elevate your house in tsunami zones?","Consider elevation on posts/pilings if feasible."
"What insurance covers tsunami damage?","Flood insurance may cover some tsunami damage, check policy details."
"How do you create a tsunami family plan?","Meeting places, evacuation routes, communication methods, out-of-area contact."
"Where should family members meet after tsunami?","High ground location away from coast that everyone can reach."
"How do you practice tsunami evacuation?","Walk evacuation routes, time it, practice at different times."
"What if family members are separated during tsunami?","Use predetermined meeting places and out-of-state contact person."
"How do you prepare pets for tsunami evacuation?","Carriers, leashes, food, water, medications, identification tags."
"Can you drive during tsunami evacuation?","Only if necessary; traffic may be gridlocked - walking is often faster."
"What if you're at the beach when earthquake occurs?","Drop, cover, hold, then immediately move to high ground."
"What if you're in a boat during tsunami warning?","If deep water, stay; if near shore, get to land and move inland."
"How high is safe during tsunami evacuation?","At least 30 meters (100 feet) above sea level or 2 km inland."
"What if no high ground is available?","Move inland as far as possible, or to upper floors of strong buildings."
"Should you use elevators during tsunami evacuation?","No, use stairs in case power fails."
"What if you're driving when tsunami warning issued?","Park safely, grab emergency kit, evacuate on foot to high ground."
"Can you outrun a tsunami in a car?","Unlikely due to speed and traffic; evacuate on foot when possible."
"What if evacuation routes are blocked?","Find alternate route to high ground, avoid returning to danger."
"Should you help others during evacuation?","Yes if safe, but prioritize your own safety."
"What if you encounter an injured person during evacuation?","Help if possible, but get yourself to safety first."
"How do you evacuate with mobility limitations?","Plan assistance, use wheelchairs/walkers, seek help."
"What if you're caring for small children during evacuation?","Carry infants, hold toddlers' hands, practice regularly."
"Should elderly or disabled people evacuate?","Yes, plan assistance and transportation in advance."
"What if you can't reach designated evacuation area?","Get to highest ground or upper floors of buildings."
"What do you do if caught in tsunami water?","Grab floating debris, protect head, try to swim to safety."
"Can you swim in tsunami water?","Very difficult due to debris and currents - avoid if possible."
"What if tsunami water is rising around you?","Climb to highest point, call for help, avoid electrical hazards."
"Should you enter buildings during tsunami?","Only strong, tall buildings as last resort; high ground is safer."
"What if you're swept away by tsunami?","Grab something that floats, protect head, try to reach safety."
"Can you survive being in tsunami water?","Possible but dangerous due to debris, contamination, and currents."
"What if you're trapped in building during tsunami?","Get to highest floor, signal for help, stay away from windows."
"Should you go back for belongings during tsunami?","Never, your life is more important than material possessions."
"What if you forgot someone during evacuation?","Don't return; notify emergency responders."
"How long should you stay in evacuation area?","Until authorities give all-clear, usually several hours after last wave."
"What if you hear tsunami siren during evacuation?","Continue evacuation immediately; siren means imminent danger."
"Can you drink tsunami water?","Never; it's contaminated with saltwater, debris, and hazardous materials."
"What if you're hungry during long evacuation?","Ration emergency food supplies; help may take hours to arrive."
"Should you use cell phone during tsunami?","Only for emergencies; preserve battery and avoid overloading networks."
"When is it safe to return after tsunami?","Only when authorities give official all-clear and inspect hazards."
"What should you check first after returning?","Structural damage, electrical hazards, gas leaks, contaminated water."
"How do you check for gas leaks after tsunami?","Smell for gas, listen for hissing, turn off valve, call gas company."
"What if your house was flooded by tsunami?","Don't enter until inspected; assume contamination; document damage."
"Should you drink tap water after tsunami?","Not until authorities confirm safety; use bottled or boiled water."
"How do you clean up after tsunami?","Wear protective gear, remove contaminated materials, disinfect surfaces."
"What should you throw away after tsunami?","Food that contacted water, damaged electrical items, porous materials."
"How do you deal with tsunami debris?","Report large debris to authorities, avoid hazardous materials."
"What if utilities are damaged after tsunami?","Don't use until professionally inspected."
"Should you enter your car after tsunami?","Have it inspected first; saltwater damages electrical and mechanical systems."
"How do you document tsunami damage for insurance?","Take photos/videos before cleanup, keep receipts, contact insurer."
"What emotional reactions are normal after tsunami?","Anxiety, sadness, anger, difficulty sleeping - normal stress responses."
"When should you seek mental health help after tsunami?","If symptoms persist or interfere with daily functioning."
"How do you help children cope with tsunami trauma?","Provide comfort, maintain routines, give honest age-appropriate information."
"What if you lost important documents in tsunami?","Contact agencies to replace ID, insurance papers, medical records."
"How do you find missing family members after tsunami?","Contact Red Cross, check shelters, use social media safely."
"What assistance is available after tsunamis?","FEMA aid, Red Cross, local charities, insurance claims."
"How long does tsunami recovery take?","Months to years depending on damage severity and resources."
"Should you rebuild in same location after tsunami?","Consider elevation, setbacks, and improved construction methods."
"What is tsunami-resistant construction?","Elevated structures, breakaway walls, reinforced materials, proper drainage."
"How do you make existing building more tsunami-resistant?","Elevate utilities, install flood vents, strengthen foundation, create escape routes."
"What landscaping helps with tsunamis?","Native vegetation, natural barriers, avoid hard surfaces that increase runup."
"Should coastal communities have seawalls?","Can help but may create false security, not effective against large tsunamis."
"What is vertical evacuation?","Going up in buildings when horizontal evacuation impossible."
"How high should vertical evacuation buildings be?","At least 4 stories or designed to withstand expected tsunami forces."
"What makes a good tsunami evacuation building?","Reinforced concrete, steel frame, above expected wave height, multiple exits."
"How do you design tsunami evacuation routes?","Wide, clear paths to high ground with minimal obstacles."
"Should evacuation routes have signs?","Yes, clear multilingual signs showing direction and distance to safety."
"What role do natural barriers play?","Mangroves, coral reefs, and dunes reduce tsunami energy but do not stop it."
"How do communities educate about tsunami risk?","Public drills, campaigns, school programs, warning system tests."
"What is TsunamiReady certification?","NOAA program recognizing communities with effective tsunami preparedness."
"How often should communities practice tsunami drills?","At least annually, more frequently in high-risk areas."
"What should schools do for tsunami preparedness?","Evacuation plans, regular drills, parent notification systems, elevated safe areas."
"How do hotels prepare for tsunamis?","Guest education, evacuation plans, staff training, emergency supplies."
"What should hospitals do in tsunami zones?","Elevation planning, backup power, patient evacuation procedures, staff training."
"How do ports and harbors prepare for tsunamis?","Warning systems, vessel evacuation plans, infrastructure protection, emergency response."
"What is international tsunami cooperation?","Sharing warning data, research cooperation, standardized alert systems."
"What is the Pacific Tsunami Warning Center?","International center monitoring Pacific Ocean for tsunami threats."
"How do different countries share tsunami warnings?","Through regional warning networks and international communication protocols."
"What research is improving tsunami science?","Computer modeling, historical studies, geological research, early warning technology."
"How do scientists study past tsunamis?","Sediment deposits, coral growth patterns, historical records, geological evidence."
"What is paleotsunamiology?","Study of prehistoric tsunamis using geological and biological evidence."
"How do tsunami models work?","Computer simulations of wave generation, propagation, and coastal impact."
"What new technology is being developed?","Faster detection systems, improved modeling, better warning dissemination."
"Can artificial intelligence help with tsunamis?","AI can improve wave prediction, optimize evacuation routes, analyze risk patterns."
"What is community-based tsunami warning?","Local systems that complement official warnings with neighborhood networks."
"How do you maintain long-term tsunami preparedness?","Regular plan updates, continued education, equipment maintenance, community engagement."
"What is tsunami risk assessment?","Scientific evaluation of tsunami probability and potential impact for specific areas."
"How do you balance development with tsunami risk?","Zoning restrictions, building codes, setback requirements, risk disclosure."
"What is the role of education in tsunami preparedness?","Teaching recognition of natural warnings and appropriate response actions."
"How do you update tsunami preparedness plans?","Regular reviews, incorporate lessons learned, update contact information, practice drills."
"What makes tsunami preparedness successful?","Community awareness, effective warning systems, clear evacuation routes, regular practice."
"Should you trust traditional knowledge about tsunamis?","Yes, indigenous knowledge often contains valuable insights about historical events."
"How do you prepare for night-time tsunamis?","Flashlights ready, know evacuation routes by feel, practice in darkness."
"What if tsunami occurs during bad weather?","Still evacuate immediately, seek sturdy shelter on high ground."
"Can small tsunamis be dangerous?","Yes, even small waves can have powerful currents and cause drowning."
"What is the difference between tsunami and storm surge?","Tsunamis caused by geological events, storm surge caused by weather."
"How do you distinguish tsunami from normal waves?","Tsunamis affect entire water column, have longer periods, continue for hours."
"What if you live inland but near tsunami evacuation zone?","You may still need to evacuate if in low-lying river valley."
"Can rivers carry tsunami waves inland?","Yes, tsunamis can travel up rivers and cause flooding miles from coast."
"What is tsunami sediment and why is it dangerous?","Sand and debris carried by waves can bury areas and contain contaminants."
"How do you prepare for cascading disasters after tsunamis?","Plan for fires, chemical spills, and infrastructure failures that may follow."
"What if a nuclear plant is damaged by tsunami?","Follow evacuation orders, take potassium iodide if directed, monitor radiation levels."
"Should you stay informed about global earthquake activity?","Yes, large distant earthquakes can generate tsunamis hours later."
"What is the most important tsunami safety rule?","When in doubt, get out - evacuate to high ground immediately."
"How do you remember tsunami safety basics?","Think DROP (earthquake), CHECK (natural signs), GO (evacuate to high ground)."
"Question","Answer"
"What is storm surge?","Rise in sea level caused by strong winds pushing water toward shore."
"What causes storm surge?","Hurricane or tropical storm winds combined with low atmospheric pressure."
"How does low pressure contribute to storm surge?","Low pressure allows sea level to rise like water being sucked up through straw."
"How high can storm surge reach?","Up to 9 meters (30 feet) in extreme hurricanes, typically 1-6 meters."
"What factors determine storm surge height?","Wind speed, storm size, approach angle, coastal bathymetry, and tide level."
"What is the most dangerous aspect of hurricanes?","Storm surge causes approximately 50% of hurricane fatalities."
"How far inland can storm surge travel?","Up to 25 kilometers inland on flat coastal plains."
"What is storm tide?","Storm surge height combined with normal astronomical tide."
"Does storm surge occur only during hurricanes?","No, any strong storm system can generate surge including nor'easters."
"What is wind setup?","Water pushed toward shore by sustained winds before storm arrives."
"How does coastal shape affect storm surge?","Funnel-shaped bays and estuaries amplify surge height significantly."
"What is wave setup?","Additional water level rise caused by breaking waves on top of surge."
"What are the different types of flooding?","Coastal, riverine, flash, urban, groundwater, and dam failure flooding."
"What causes flash flooding?","Heavy rainfall that exceeds ground absorption and drainage capacity."
"How quickly can flash floods develop?","Within minutes to hours of heavy rainfall."
"What is riverine flooding?","Overflow of rivers and streams due to prolonged or heavy rainfall."
"What is urban flooding?","Surface water flooding in cities due to overwhelmed drainage systems."
"What causes groundwater flooding?","Prolonged rainfall raising water table above ground level."
"What is a 100-year flood?","Flood with 1% chance of occurring in any given year."
"What is a 500-year flood?","Flood with 0.2% chance of occurring in any given year."
"Are flood zones permanent?","No, FEMA updates flood maps as conditions and development change."
"What is base flood elevation?","Water level of 100-year flood used for building and insurance requirements."
"How are storm surge zones determined?","Computer modeling of worst-case scenarios for different hurricane categories."
"What is SLOSH model?","Sea, Lake, and Overland Surges from Hurricanes computer prediction model."
"Who creates storm surge forecast maps?","National Hurricane Center using SLOSH and other advanced models."
"How accurate are storm surge predictions?","Generally accurate for height, timing can vary by several hours."
"When are storm surge warnings issued?","When life-threatening surge expected within 36 hours."
"What should you do when storm surge warning issued?","Evacuate immediately if in surge zone, move to higher ground."
"Should you evacuate from wind or water?","Always evacuate from water (storm surge), shelter in place from wind."
"What is mandatory evacuation for storm surge?","Legal order to leave surge-prone areas due to life-threatening conditions."
"How do you know if you're in storm surge evacuation zone?","Check local emergency management maps and evacuation zone designations."
"What should be in your storm surge emergency kit?","Water, food, flashlight, radio, first aid, medications, important documents."
"How much advance notice do you get for storm surge?","Usually 12-36 hours depending on storm speed and forecast confidence."
"Should you board up windows for storm surge?","Focus on evacuation first, boarding helps with wind but not surge."
"How do you prepare your home for storm surge?","Elevate utilities, secure outdoor items, turn off utilities if evacuating."
"What documents should you protect from storm surge?","Insurance papers, IDs, medical records in waterproof container above surge level."
"Should you fill bathtubs before storm surge?","Only if staying inland, not helpful if evacuating surge zones."
"How do you prepare pets for storm surge evacuation?","Carriers, food, water, medications, vaccination records, identification."
"What if shelters don't accept pets during storm surge?","Plan with pet-friendly hotels or friends outside evacuation zones."
"Should you drive through storm surge evacuation?","Only to get out of surge zone, then shelter from wind elsewhere."
"When should you leave surge evacuation zone?","As soon as warning issued, before tropical storm force winds arrive."
"What if you can't evacuate from storm surge zone?","Go to highest floor of strongest building, away from surge-side windows."
"Should you stay with neighbors during storm surge?","Only if their location is safer and outside evacuation zone."
"How do you create storm surge family plan?","Identify if in surge zone, evacuation routes, meeting places, communication."
"What should children know about storm surge?","Difference between surge and regular flooding, evacuation procedures, meeting places."
"How high above sea level is safe from storm surge?","At least 6-10 meters depending on local storm surge history and projections."
"What if you live in mobile home during storm surge?","Always evacuate, mobile homes cannot withstand surge or hurricane winds."
"Should you use sandbags for storm surge?","Ineffective against surge, focus on evacuation rather than property protection."
"Can you drive during storm surge flooding?","Never drive through any flood water, even if it looks shallow."
"What is the rule about driving in flood water during storm surge?","Turn around, don't drown - find alternate evacuation route."
"How deep water can float a car during storm surge?","Just 12 inches can float most cars, 18 inches can sweep them away."
"What if your evacuation route floods during storm surge?","Find alternate route to high ground, don't attempt to drive through water."
"Should you walk through storm surge water?","Never, you can't see depth, debris, or electrical hazards."
"What if you're caught in rising storm surge water?","Get to highest available point immediately, call for help if possible."
"Can you swim in storm surge?","Extremely dangerous due to debris, currents, and contaminated water."
"What should you do if trapped by storm surge?","Get to highest floor, signal for help, avoid electrical hazards."
"How do you signal for help during storm surge?","Bright clothing, flashlight, cell phone, whistle, anything visible or audible."
"What if storm surge enters your safe room?","Move to highest point available, attic if accessible with escape route."
"Should you go on roof during storm surge?","Only as last resort and ensure you can get down safely."
"What if you smell gas during storm surge?","Turn off main valve if accessible, evacuate area, call from safe location."
"Can you use electricity during storm surge flooding?","Never touch electrical equipment in flood water, risk of electrocution."
"What if carbon monoxide alarm sounds during storm surge?","Get fresh air immediately, don't use generators or grills indoors."
"Should you drink storm surge flood water?","Never, it's contaminated with sewage, chemicals, and saltwater."
"What if you run out of food during storm surge event?","Ration supplies, wait for emergency services, don't venture into flood water."
"How do you stay warm if power out during storm surge?","Layer clothing, blankets, body heat, never use grills or camp stoves indoors."
"What if someone gets injured during storm surge?","Provide first aid if safe, call 911 if possible, wait for rescue if trapped."
"Should you help others during storm surge?","Only if you can do so safely without entering flood water."
"What if you hear people calling for help during storm surge?","Call 911 to report location, don't attempt water rescue unless trained."
"How long does storm surge typically last?","Several hours during storm passage, can persist if winds remain onshore."
"When is it safe to go outside after storm surge?","Only when authorities give all-clear and flood waters have receded."
"What should you check first after storm surge?","Structural damage, electrical hazards, gas leaks, water contamination."
"How do you check for storm surge damage safely?","Wear protective gear, assume utilities damaged, document with photos."
"Should you enter your house after storm surge?","Not until inspected for structural damage and electrical hazards."
"What if storm surge damaged your electrical system?","Don't use until professionally inspected, assume all outlets contaminated."
"How do you check for gas leaks after storm surge?","Smell for gas, listen for hissing, don't use matches or lighters to check."
"What should you throw away after storm surge?","Food that contacted flood water, damaged electronics, porous materials."
"How do you clean up after storm surge?","Wear protective equipment, remove wet materials quickly, disinfect thoroughly."
"Is storm surge water contaminated?","Yes, contains sewage, chemicals, debris, and harmful bacteria."
"How do you disinfect after storm surge?","Use bleach solution, throw away porous items, clean all surfaces."
"What if wells contaminated by storm surge?","Don't use until tested and treated, use bottled water."
"Should you drink tap water after storm surge?","Not until authorities confirm water system is safe and operational."
"How do you document storm surge damage?","Take photos/videos before cleanup, keep receipts, contact insurance immediately."
"What insurance covers storm surge damage?","Flood insurance covers surge damage, homeowners insurance typically doesn't."
"How quickly should you file storm surge insurance claims?","As soon as safely possible, within policy time limits."
"What if you disagree with storm surge damage assessment?","Request re-inspection, hire public adjuster, document all damage thoroughly."
"How do you find temporary housing after storm surge?","FEMA assistance, insurance coverage, Red Cross shelters, family/friends."
"What assistance is available after storm surge?","FEMA disaster aid, SBA loans, Red Cross support, local charity help."
"How do you apply for FEMA assistance after storm surge?","Online at disasterassistance.gov, by phone, or at disaster recovery centers."
"What does FEMA cover for storm surge damage?","Temporary housing, home repairs, personal property replacement, medical expenses."
"How long does storm surge recovery take?","Months to years depending on damage extent and available resources."
"What emotional effects are common after storm surge?","Anxiety, depression, sleep problems, stress - all normal disaster reactions."
"When should you seek mental health help after storm surge?","If symptoms persist or interfere with daily functioning for weeks."
"How do you help children cope with storm surge trauma?","Maintain routines, provide comfort, give age-appropriate information."
"What if you lost important documents in storm surge?","Contact agencies to replace identification, insurance papers, medical records."
"How do you prevent mold after storm surge?","Remove wet materials within 24-48 hours, dry thoroughly, use dehumidifiers."
"What health risks come from storm surge cleanup?","Contaminated water exposure, mold, physical injury, carbon monoxide."
"Should you hire contractors immediately after storm surge?","Research carefully, beware of price gouging and unlicensed contractors."
"How do you make your home more storm surge resistant?","Elevate structure, flood vents, sump pumps, waterproof barriers."
"What is dry floodproofing?","Sealing building to prevent water entry up to certain depth."
"What is wet floodproofing?","Allowing water to enter/exit freely to prevent structural damage."
"Should you elevate your home above storm surge levels?","Consider if in flood-prone area, may significantly reduce insurance costs."
"What are flood vents?","Openings that allow water to flow through foundation to prevent damage."
"How do sump pumps help with storm surge?","Remove water that enters basement or lower levels."
"What utilities should be elevated above storm surge levels?","Furnace, water heater, electrical panels, air conditioning units."
"What landscaping helps reduce storm surge impact?","Native vegetation, permeable surfaces, rain gardens, natural barriers."
"Do seawalls stop storm surge?","Can reduce impact but not effective against major surge, may increase erosion."
"What is living shoreline approach to storm surge?","Using natural materials like oyster reefs and marsh grass for protection."
"How do communities prepare for storm surge?","Evacuation planning, warning systems, building codes, public education."
"What are storm surge evacuation routes?","Pre-planned roads that safely move people away from surge-prone areas."
"How do evacuation zones work for storm surge?","Areas categorized by surge risk requiring evacuation for different storm strengths."
"What makes effective storm surge evacuation?","Clear zones, multiple routes, adequate time, public education."
"How do emergency shelters prepare for storm surge evacuees?","Capacity planning, supplies, registration systems, pet accommodations."
"What should schools do in storm surge zones?","Have evacuation plans, practice drills, coordinate with emergency management."
"How do hospitals prepare for storm surge?","Backup power above surge levels, evacuation plans, supply stockpiles."
"What should businesses do about storm surge risk?","Continuity planning, employee safety, property protection, insurance review."
"How do ports prepare for storm surge?","Secure vessels, protect infrastructure, coordinate with maritime traffic."
"What is storm surge modeling used for?","Predicting surge heights, evacuation planning, building codes, land use."
"How accurate are storm surge computer models?","Generally good for height prediction, less precise for timing and location."
"What data improves storm surge forecasting?","Historical surge records, detailed coastal mapping, real-time water level data."
"How does climate change affect storm surge?","Sea level rise increases baseline, potentially stronger storms create higher surge."
"What is relative sea level rise?","Local sea level change including land subsidence and global sea level rise."
"How do you stay informed about storm surge risk?","Monitor weather alerts, know your evacuation zone, understand local geography."
"What apps help with storm surge information?","Weather apps, emergency alert apps, FEMA app, local emergency management apps."
"Should you trust social media for storm surge information?","Only verified official sources, ignore rumors and unconfirmed reports."
"How do you prepare for overnight storm surge?","Have flashlights ready, know evacuation routes, listen to weather radio."
"What if storm surge occurs during high tide?","Creates storm tide - much higher water levels and greater inland penetration."
"Can storm surge affect areas not directly on coast?","Yes, can travel up rivers and bays, affecting inland waterfront areas."
"What is back-door surge?","Water pushed into bays and rivers from opposite side of storm."
"How do you distinguish storm surge from regular flooding?","Surge is coastal and storm-related, often has saltwater and marine debris."
"What if multiple storms cause repeated storm surge?","Cumulative damage, weakened structures, saturated soils increase risk."
"Should you return home immediately after storm surge?","Only when authorities declare area safe and accessible."
"What if roads are damaged by storm surge?","Wait for repair crews, don't drive around barriers or through damaged areas."
"How do you help community recover from storm surge?","Volunteer safely, donate to reputable charities, support local businesses."
"What lessons help prevent future storm surge damage?","Proper evacuation, elevated construction, natural barriers, early warning compliance."
"How do you maintain storm surge preparedness year-round?","Update plans annually, maintain supplies, stay informed about risk changes."
"What is most important storm surge safety rule?","When ordered to evacuate, go immediately - storm surge can be deadly."
"How do you remember storm surge basics?","Know your zone, have a plan, heed the call - evacuate when ordered."
"Question","Answer"
"How can people with mobility challenges evacuate safely?","Plan in advance with accessible transportation, elevators if safe, and assistance from volunteers."
"What precautions should hospitals take for storm surge?","Backup power above surge levels, patient evacuation plans, and stockpile essential medical supplies."
"How should nursing homes prepare for storm surge?","Develop evacuation plans, train staff, secure transportation, and maintain emergency supplies."
"What role does public transit play in surge evacuation?","Buses, trains, and ferries may be used to move people out of surge zones safely."
"How are bridges and tunnels affected by storm surge?","Can be flooded or structurally compromised, may be closed during evacuation."
"Can airports be impacted by storm surge?","Yes, low-lying runways may flood, delaying flights and emergency transport."
"How do ports prepare for storm surge?","Secure vessels, protect equipment, suspend operations, and follow emergency protocols."
"What is the role of community volunteers during surge?","Assist with evacuations, distribute supplies, report hazards, and support first responders."
"How can local NGOs help during storm surge events?","Provide emergency shelter, food, medical care, and aid in recovery efforts."
"How can neighbors help each other safely?","Check on vulnerable residents, share transportation, and communicate evacuation plans."
"How does storm surge affect farmland?","Saltwater intrusion can damage crops, soil fertility, and irrigation systems."
"Can storm surge cause beach erosion?","Yes, strong waves and surge can wash away sand and reshape coastlines."
"What impact does storm surge have on wildlife?","Flooding can destroy habitats, displace animals, and contaminate water sources."
"How does storm surge affect fisheries?","Damage to boats, equipment, and coastal hatcheries can disrupt livelihoods."
"What technology monitors storm surge in real-time?","Tide gauges, coastal sensors, buoys, and satellite data help track water levels."
"How does GIS mapping help during storm surge?","Maps flood-prone areas, evacuation routes, and shelters to improve planning and response."
"Which mobile apps provide surge alerts?","FEMA app, local emergency management apps, and weather alert apps."
"What is a living shoreline approach to storm surge?","Using natural materials like marsh grass or oyster reefs to reduce wave energy."
"How should volunteers coordinate rescues?","Follow official instructions, avoid floodwater if untrained, and communicate locations to authorities."
"What are common myths about sandbags?","Sandbags help slow minor flooding but cannot stop major storm surge."
"Is it safe to stay on upper floors during storm surge?","Only if evacuation is impossible; highest ground outside is safer if accessible."
"Can you drive through surge water safely?","No, even shallow water can sweep vehicles away; always evacuate on foot if possible."
"Is it safe to swim during storm surge?","No, currents, debris, and contamination make swimming extremely dangerous."
"How should schools prepare for storm surge?","Evacuation drills, parent communication plans, and safe shelter locations above surge level."
"How should businesses prepare for surge risk?","Continuity planning, employee safety measures, elevated utilities, and insurance review."
"What is dry floodproofing for buildings?","Sealing the structure to prevent water entry up to a certain depth."
"What is wet floodproofing for buildings?","Allowing water to enter and exit freely to prevent structural damage."
"Which utilities should be elevated above surge levels?","Furnaces, water heaters, electrical panels, and HVAC units."
"How can landscaping reduce storm surge impact?","Use native vegetation, permeable surfaces, and natural barriers to slow water flow."
"Can seawalls prevent all surge damage?","No, they reduce impact but cannot stop major storm surges."
"What is back-door surge?","Water pushed into bays and rivers from the opposite side of the storm."
"How can repeated storms affect surge-prone areas?","Cumulative damage weakens structures and increases flooding risk."
"How do you stay informed during surge events?","Monitor official alerts via radio, apps, and emergency management channels."
"What should children know about surge safety?","Difference between surge and normal flooding, evacuation procedures, and meeting points."
"How should pets be prepared for storm surge?","Carriers, food, water, medications, and identification tags for safe evacuation."
"How can community education improve surge safety?","Teaching natural warning signs, evacuation routes, and emergency procedures."
"What is the impact of climate change on storm surge?","Sea level rise and stronger storms can increase surge height and inland penetration."
"How can volunteers avoid hazards during recovery?","Wear protective gear, avoid floodwater, and follow official safety guidance."
"How do you prevent mold after storm surge?","Remove wet materials quickly, dry thoroughly, and use dehumidifiers."
"What health risks exist during cleanup?","Contaminated water exposure, injury, chemical hazards, and electrical risks."
"How do you document damage for insurance?","Take photos and videos before cleanup, keep receipts, and contact insurers promptly."
"How can temporary housing be found after surge?","FEMA shelters, insurance coverage, friends/family, or disaster relief centers."
"How long does recovery usually take?","Months to years depending on damage severity and available resources."
"How can mental health be supported post-surge?","Counseling, maintaining routines, community support, and monitoring for stress symptoms."
"Should you return home immediately after surge?","Only when authorities declare the area safe and accessible."
"How can communities prepare long-term for storm surge?","Update evacuation plans, maintain warning systems, enforce building codes, and educate residents."
"How do you remember storm surge safety basics?","Know your zone, have an emergency plan, heed official orders, and evacuate promptly."
"Question","Answer"
"What should you do if a storm surge hits at night?","Keep flashlights ready, know evacuation routes by feel, and evacuate immediately."
"What if a surge occurs during heavy rain?","Evacuate quickly, avoid driving in flooded areas, and follow emergency routes."
"What if multiple storms hit in succession?","Expect cumulative flooding, weakened structures, and delayed recovery; evacuate each time."
"What if surge floods the only road out?","Find alternative route or move to highest safe building if escape is impossible."
"What if bridges collapse during surge?","Do not attempt to cross; seek alternate route or vertical evacuation in tall buildings."
"What if surge traps you in your home?","Move to highest floor, signal for help, and avoid windows and electrical hazards."
"What if surge causes power outage?","Use battery-powered devices, avoid floodwater, and ration supplies."
"What if surge hits while you are at work?","Evacuate via designated routes, follow workplace emergency plan, and assist colleagues if safe."
"What if surge hits a mobile home community?","Evacuate immediately; mobile homes cannot withstand storm surge."
"What if pets panic during evacuation?","Use carriers, leashes, and keep them calm; never leave them behind."
"What if surge floods evacuation shelters?","Move to secondary shelter, follow official guidance, and avoid floodwater."
"What if you are on a boat during storm surge?","If deep water, stay there; if near shore, move inland immediately."
"What if surge coincides with high tide?","Expect higher storm tide; evacuate earlier and further inland than usual."
"What if surge affects inland rivers?","Evacuate low-lying river valleys; surge can travel miles upstream."
"What if roads are blocked by debris?","Find alternate routes, do not attempt to drive through blocked areas."
"What if floodwaters contain hazardous chemicals?","Avoid contact, evacuate immediately, and report hazards to authorities."
"What if sewage contaminates water after surge?","Do not drink or touch floodwater; use bottled or boiled water only."
"What if storm surge damages gas lines?","Turn off main valve if safe, evacuate, and call emergency services from a safe location."
"What if storm surge floods your car?","Abandon vehicle and move to higher ground; even shallow water can sweep cars away."
"What if surge traps you on upper floors?","Signal for help, move away from windows, and wait for rescue."
"What if children are separated during surge evacuation?","Go to pre-arranged meeting points and notify emergency services."
"What if elderly neighbors cannot evacuate?","Assist safely, coordinate with authorities or community volunteers."
"What if surge blocks public transit?","Walk to high ground if safe, or move to vertical evacuation buildings."
"What if medical supplies are inaccessible during surge?","Bring emergency kit with medications, first aid, and prescriptions in waterproof bag."
"What if surge damages water supply?","Use bottled or boiled water, avoid using contaminated taps until cleared."
"What if surge cuts off communication?","Use battery-powered radio, SMS, or emergency channels; conserve phone battery."
"What if surge damages your roof?","Move to strongest part of building, avoid weakened areas, and signal for help."
"What if floodwater contains dangerous wildlife?","Avoid contact, move to high ground, and call authorities if needed."
"What if surge occurs in urban area?","Expect fast-flowing water, debris, and blocked streets; evacuate on foot if possible."
"What if surge coincides with landslide-prone areas?","Evacuate immediately, avoid slopes, and follow official landslide warnings."
"What if surge traps you in a hospital?","Move patients to upper floors, avoid elevators, and coordinate with emergency management."
"What if storm surge damages elevators?","Use stairs only if safe, otherwise move to highest accessible floor."
"What if surge affects fire stations?","Coordinate with emergency management; use alternate stations if needed."
"What if surge causes widespread flooding in shopping centers?","Seek highest area, avoid floodwater, and wait for rescue."
"What if surge hits construction sites?","Evacuate, avoid machinery and trenches, and follow site emergency plan."
"What if surge hits nightclubs or theaters?","Use emergency exits immediately, avoid panic, and move to high ground."
"What if surge damages critical infrastructure?","Follow official guidance, avoid unsafe areas, and report hazards."
"What if surge floods critical road intersections?","Find alternate evacuation routes, avoid driving through water."
"What if surge impacts airports mid-flight?","Flights may be delayed or diverted; follow airline and official emergency guidance."
"What if surge coincides with wildfire risk?","Evacuate as directed; prioritize immediate water hazards but stay aware of fire threats."
"What if surge damages shelters?","Move to secondary shelter or vertical evacuation location as directed."
"What if surge damages elderly care facilities?","Evacuate residents safely, coordinate with emergency management and family contacts."
"What if surge hits during a festival or large gathering?","Follow emergency evacuation plans, stay calm, and assist others if possible."
"What if surge damages power plants?","Avoid flooded areas, follow local energy advisories, and stay updated via radio."
"What if surge destroys coastal roads?","Seek alternative inland routes or vertical evacuation if available."
"What if surge blocks hospitals or clinics?","Move patients to accessible locations and coordinate with emergency responders."
"What if surge contaminates food supplies?","Discard contaminated items, use stored safe food, and follow public health guidance."
"What if surge disrupts emergency services?","Follow official instructions, stay calm, and rely on pre-arranged emergency plans."
"What if surge damages schools during class hours?","Move students to upper floors, follow school emergency plan, and communicate with parents."
"What if surge happens during night evacuation drills?","Practice routes in low light, use flashlights, and follow designated paths safely."
"Question","Answer"
"What is a tropical depression?","Organized tropical cyclone with sustained winds up to 62 km/h (38 mph)."
"What is a tropical storm?","Tropical cyclone with sustained winds of 63-118 km/h (39-73 mph)."
"How do tropical depressions form?","Low pressure system over warm ocean water begins to organize and develop circulation."
"How do tropical storms form?","Tropical depression intensifies when winds reach 63 km/h (39 mph)."
"What's the difference between tropical depression and tropical storm?","Wind speed - depression under 63 km/h, tropical storm 63-118 km/h."
"What's the difference between tropical storm and hurricane?","Hurricane has sustained winds of 119+ km/h (74+ mph), tropical storm is weaker."
"Can tropical depressions become hurricanes?","Yes, if conditions are favorable they can intensify through tropical storm to hurricane."
"What conditions help tropical systems intensify?","Warm ocean water, low wind shear, high humidity, favorable upper-level winds."
"What conditions weaken tropical systems?","Cool water, high wind shear, dry air, land interaction."
"What ocean temperature is needed for tropical development?","At least 26.5°C (80°F) in upper 50 meters of ocean."
"Where do tropical depressions typically form?","Between 5-20 degrees latitude over warm ocean waters."
"Why don't tropical systems form near equator?","Insufficient Coriolis effect to create rotation needed for development."
"What is the eye in tropical storms?","Not well-defined like hurricanes, may have weak circulation center."
"Do tropical depressions have eyes?","Rarely, usually just loose circulation without clear eye structure."
"How are tropical depressions numbered?","Sequential numbers by basin (e.g., Tropical Depression 5)."
"When do tropical storms get names?","When sustained winds reach 63 km/h (39 mph) - tropical storm strength."
"Who assigns tropical storm names?","Regional meteorological centers using predetermined alphabetical lists."
"How long do tropical depressions last?","Usually 2-7 days, either dissipate or strengthen to tropical storm."
"How long do tropical storms last?","Typically 3-14 days depending on environmental conditions and track."
"How fast do tropical systems move?","Usually 15-30 km/h (10-20 mph), can stall or move rapidly."
"What makes tropical systems slow down or stall?","Weak steering currents in upper atmosphere."
"Can tropical systems move backward?","Yes, can make loops or erratic tracks when steering flow is weak."
"What is tropical cyclogenesis?","Process of tropical cyclone formation and development."
"What are tropical waves?","Areas of low pressure that can develop into tropical depressions."
"Where do most Atlantic tropical systems originate?","From tropical waves coming off the African coast."
"What is the Intertropical Convergence Zone?","Area near equator where trade winds meet, breeding ground for tropical systems."
"How are tropical systems tracked?","Satellites, aircraft reconnaissance, weather stations, ocean buoys."
"What is the difference in tracking tropical storms vs hurricanes?","Same methods but tropical storms get less frequent reconnaissance flights."
"How accurate are tropical storm forecasts?","Track forecasts good 3-5 days out, intensity harder to predict."
"What is the cone of uncertainty for tropical storms?","Probable path showing where storm center might travel."
"How often are tropical storm forecasts updated?","Every 6 hours, more frequently if rapid changes occur."
"Who issues tropical storm warnings?","National Hurricane Center and regional weather services."
"What is a tropical storm watch?","Tropical storm conditions possible within 48 hours."
"What is a tropical storm warning?","Tropical storm conditions expected within 36 hours."
"Should you evacuate for tropical storms?","Depends on storm surge risk and local conditions, not usually required."
"What are main hazards of tropical depressions?","Heavy rainfall, flooding, rough surf, isolated tornadoes."
"What are main hazards of tropical storms?","Damaging winds, heavy rain, flooding, storm surge, tornadoes."
"Can tropical storms cause storm surge?","Yes, though typically less than hurricanes, still dangerous near coast."
"How much rain can tropical systems produce?","Often 150-500mm (6-20 inches), sometimes much more."
"Why do tropical storms cause so much flooding?","Slow movement allows prolonged heavy rainfall over same areas."
"Can tropical storms spawn tornadoes?","Yes, especially in outer rainbands and right-front quadrant."
"What wind damage can tropical storms cause?","Power outages, downed trees, damaged roofs, broken windows."
"Are tropical storms dangerous to aviation?","Very dangerous due to turbulence, wind shear, and embedded thunderstorms."
"Can you drive safely in tropical storms?","Avoid driving in heavy rain and wind, especially near coast."
"What should be in tropical storm emergency kit?","Water, food, flashlight, radio, batteries, first aid, medications."
"How do you prepare your home for tropical storms?","Secure outdoor furniture, trim trees, check drainage, have supplies."
"Should you board up windows for tropical storms?","Usually not necessary unless storm strengthening or in mobile home."
"How do you prepare for tropical storm flooding?","Know evacuation routes, move valuables up, have sandbags ready."
"What documents should you protect during tropical storms?","Insurance papers, IDs, medical records in waterproof containers."
"Should you fill bathtub before tropical storm?","Yes, good backup water source if utilities disrupted."
"How do you prepare pets for tropical storms?","Bring indoors, have carriers ready, extra food and water."
"Should you evacuate for tropical depressions?","Rarely necessary unless in flood-prone or surge-vulnerable areas."
"What if tropical depression is forecast to strengthen?","Monitor closely and prepare as if for tropical storm or hurricane."
"How do you create family plan for tropical storms?","Communication methods, meeting places, evacuation routes, supply locations."
"What should children know about tropical storms?","Basic safety rules, where to go during storm, how to stay calm."
"Should schools close for tropical storms?","Often yes due to dangerous driving conditions and potential power outages."
"What if you're traveling during tropical storm?","Cancel or postpone travel, avoid driving in heavy rain and wind."
"What if you live in mobile home during tropical storm?","Consider moving to sturdy shelter, mobile homes vulnerable to wind."
"Can you stay in high-rise during tropical storm?","Yes, but avoid windows and prepare for power outages and elevators failing."
"What should you do when tropical storm warning issued?","Complete preparations, avoid unnecessary travel, stay informed."
"Should you go to work during tropical storm?","Follow employer guidance, many businesses close for safety."
"What if tropical storm approaches at night?","Stay indoors, have flashlights ready, listen to weather radio."
"Can you go outside during tropical storm?","Avoid unnecessary outdoor activity due to wind and flying debris."
"What if you must drive during tropical storm?","Drive slowly, avoid flooded roads, pull over if conditions worsen."
"Should you walk outside during tropical storm?","No, risk of falling trees, flying debris, and dangerous conditions."
"What if power goes out during tropical storm?","Use flashlights, check on neighbors, preserve phone battery."
"Can you use candles during tropical storm?","Not recommended, use flashlights to avoid fire risk."
"What if trees fall during tropical storm?","Stay away from downed trees, assume power lines are energized."
"Should you go in basement during tropical storm?","Only if tornadoes threaten, otherwise stay on main floors."
"What if flooding starts during tropical storm?","Move to higher ground, don't drive through flood water."
"Can you swim during tropical storm?","Never, dangerous surf conditions and rip currents."
"What if tornado warning issued during tropical storm?","Go to interior room on lowest floor away from windows."
"Should you use generator during tropical storm?","Only outdoors away from windows, never inside due to carbon monoxide."
"What if you smell gas during tropical storm?","Turn off gas at meter, evacuate area, call gas company."
"Can you charge devices during tropical storm?","Charge before storm hits, have backup batteries and portable chargers."
"What if cell service fails during tropical storm?","Try text messages, use landline if available, have battery radio."
"Should you open windows during tropical storm?","No, this doesn't equalize pressure and increases water damage."
"What if someone gets injured during tropical storm?","Provide first aid, call 911 if possible, shelter in place if unsafe outside."
"How long do tropical storms typically last?","Usually 12-48 hours to pass through an area."
"When is it safe to go outside after tropical storm?","When sustained winds drop below 63 km/h and no longer gusting."
"What should you check first after tropical storm?","Structural damage, downed power lines, gas leaks, flooding."
"Should you drive immediately after tropical storm?","Only if necessary, watch for debris, flooding, and downed lines."
"How do you assess tropical storm damage safely?","Wear protective gear, take photos, don't enter damaged structures."
"What if utilities are damaged after tropical storm?","Don't use until professionally inspected, report outages to utilities."
"Should you clean up debris immediately after tropical storm?","Clear immediate hazards, leave large trees and power lines for professionals."
"What if your roof leaks after tropical storm?","Cover with tarps, document damage, contact insurance and contractors."
"How do you prevent mold after tropical storm?","Dry wet areas within 24-48 hours, use fans and dehumidifiers."
"What if wells contaminated after tropical storm?","Don't use until tested, boil water or use bottled water."
"Should you eat food that lost refrigeration during tropical storm?","Discard if temperature rose above 4°C (40°F) for over 2 hours."
"How do you document tropical storm damage?","Take photos/videos before cleanup, keep receipts, contact insurance."
"Does homeowners insurance cover tropical storm damage?","Usually covers wind damage, but flood damage requires separate flood insurance."
"What if you can't afford tropical storm repairs?","Look into FEMA assistance, SBA loans, local charity programs."
"How do you find contractors after tropical storm?","Get multiple estimates, check licenses, beware of door-to-door solicitors."
"What emotional effects are normal after tropical storms?","Stress, anxiety, sleep disruption - normal responses to traumatic events."
"How do you help children cope after tropical storm?","Maintain routines, provide reassurance, involve them in age-appropriate cleanup."
"When should you seek counseling after tropical storm?","If emotional distress interferes with daily functioning for extended periods."
"How do you help neighbors after tropical storm?","Check on elderly/disabled, share resources, help with cleanup safely."
"What community resources help after tropical storms?","Red Cross, Salvation Army, local emergency management, faith-based organizations."
"How long does recovery take after tropical storms?","Days to weeks for basic services, months for complete repairs."
"Should you rebuild exactly as before after tropical storm?","Consider improvements like better drainage, stronger materials, elevation."
"How do you make your home more tropical storm resistant?","Improve drainage, secure roof, trim trees, install impact windows."
"What landscaping helps with tropical storm damage?","Native plants, proper drainage, avoid shallow-rooted trees near structures."
"Should you install hurricane shutters for tropical storms?","Can help but usually not necessary unless storm is strengthening."
"How do you improve drainage around your home?","Clean gutters, grade away from foundation, install French drains."
"What roof improvements help with tropical storms?","Hurricane straps, impact-resistant materials, proper flashing, regular maintenance."
"Should you elevate utilities for tropical storm flooding?","Yes, move water heaters, furnaces, electrical panels above flood levels."
"How do communities prepare for tropical storms?","Early warning systems, drainage improvements, emergency shelters, public education."
"What infrastructure is most vulnerable to tropical storms?","Power lines, roads, drainage systems, older buildings."
"How do schools prepare for tropical storm season?","Evacuation plans, communication systems, supply stockpiles, building maintenance."
"What should businesses do for tropical storm preparedness?","Continuity planning, employee safety protocols, property protection, insurance review."
"How do hospitals prepare for tropical storms?","Backup power, extra supplies, staff housing, patient discharge planning."
"What role do emergency managers play in tropical storms?","Coordinate response, issue warnings, manage shelters, oversee recovery."
"How accurate are tropical storm intensity forecasts?","Less accurate than track forecasts, especially for rapid changes."
"What new technology improves tropical storm forecasting?","Advanced satellites, hurricane hunter aircraft, improved computer models."
"How does climate change affect tropical storms?","May increase intensity and rainfall, sea level rise worsens impacts."
"What research is being done on tropical storms?","Better understanding of intensification, rainfall prediction, track forecasting."
"How do you stay informed about tropical storm threats?","Weather apps, NOAA Weather Radio, local emergency management alerts."
"What are reliable sources for tropical storm information?","National Hurricane Center, local National Weather Service, emergency management."
"Should you trust social media for tropical storm updates?","Only verified official sources, avoid rumors and unconfirmed reports."
"How do you prepare for tropical storm season?","Review plans, update supplies, trim trees, check insurance coverage."
"When is tropical storm season?","Atlantic: June 1-November 30, Pacific: May 15-November 30."
"What if tropical storm develops rapidly?","Monitor forecasts closely, be ready to take action quickly."
"Can tropical storms reform after dissipating?","Yes, remnants can reorganize if they move over warm water."
"What happens to tropical storms over land?","Usually weaken rapidly due to loss of warm water energy source."
"Can tropical storms cause significant economic damage?","Yes, through flooding, power outages, business disruption, agricultural losses."
"How do you protect important documents from tropical storms?","Waterproof containers, safe deposit boxes, digital copies in cloud storage."
"What if you're caring for elderly during tropical storm?","Ensure medications, backup power for medical devices, evacuation assistance."
"Should you cancel events for tropical storms?","Yes, outdoor events should be cancelled, indoor events consider safety."
"What if tropical storm hits during holiday or weekend?","Emergency services still operate, but response may be limited."
"How do you maintain tropical storm supplies?","Check expiration dates, rotate supplies, update annually."
"What's most important thing to remember about tropical storms?","Don't underestimate them - they can cause serious flooding and damage."
"How do you distinguish tropical storm from regular thunderstorm?","Tropical storms are organized systems with sustained winds and circulation."
"What if multiple tropical storms threaten at once?","Prepare for strongest threat first, monitor all systems closely."
"Can tropical storms affect areas far from landfall?","Yes, through heavy rainfall, flooding, and spawned tornadoes hundreds of miles away."
"What if you're new to area prone to tropical storms?","Learn local risks, evacuation routes, sign up for alerts, meet neighbors."
"How do you help community prepare for tropical storms?","Volunteer with emergency services, help neighbors prepare, support preparedness education."
"What lesson is most important for tropical storm safety?","Preparation and early action save lives - don't wait until last minute."
"Question","Answer"
"What happens if a tropical storm merges with another storm system?","Can intensify rainfall, winds, and flooding; follow updated forecasts closely."
"Can tropical storms spawn waterspouts?","Yes, especially over warm coastal waters; dangerous for boats and swimmers."
"What if a tropical storm interacts with mountainous terrain?","Heavy rainfall causes flash floods and landslides; evacuate valleys and lowlands."
"Can tropical storms reactivate after moving over land?","Yes, remnants can reorganize over warm water."
"What happens if a tropical storm stalls over an area?","Prolonged heavy rainfall and flooding; stay on high ground."
"Can tropical storms produce tornado outbreaks?","Yes, often in outer rainbands; seek safe interior shelter."
"Can tropical storms combine with cold fronts?","Yes, can intensify rainfall and cause severe weather inland."
"What is a subtropical storm?","A hybrid system with tropical and extratropical characteristics."
"Can tropical storms weaken and strengthen multiple times?","Yes, depending on water temperature, wind shear, and land interaction."
"Do tropical storms affect rivers far from the coast?","Yes, heavy rainfall can cause flooding hundreds of km inland."
"Can tropical storms close ports or airports?","Yes, may suspend operations until safe."
"Should cruise ships change routes for tropical storms?","Yes, ships are rerouted to avoid storm hazards."
"Can public transport operate safely during tropical storms?","Often reduced or suspended; follow official advisories."
"Are trains safe during tropical storm flooding?","Only if tracks are clear; flooding can wash out tracks and bridges."
"Should you drive near coastal areas during a tropical storm?","Avoid driving; roads can flood and winds can blow debris."
"What happens to ferry services during tropical storms?","Usually suspended for safety."
"Can flights be diverted due to tropical storms?","Yes, airlines reroute or delay flights to avoid storm impact."
"Is boating safe during tropical storms?","No, dangerous due to high waves, currents, and debris."
"Can highways be closed due to tropical storm flooding?","Yes, authorities may close low-lying roads."
"Should you use GPS during tropical storm evacuations?","Yes, but be aware some roads may be flooded; follow official updates."
"Does flood insurance cover tropical storm flooding?","Usually yes, separate from standard homeowners policy; check coverage."
"Does homeowners insurance cover wind damage from tropical storms?","Yes, typically included."
"How do you document tropical storm damage for insurance?","Photos, videos, receipts, and written notes before cleanup."
"Can you claim damages from tropical storm wind if you don’t have flood insurance?","Yes, wind damage usually covered under homeowners policy."
"What if your claim is denied for tropical storm damage?","Request re-inspection, document evidence, contact insurance regulators."
"Are business losses covered during tropical storms?","Business interruption insurance may cover lost income; check policy."
"Does renters insurance cover tropical storm damage?","Typically covers personal property, not structure; flood coverage separate."
"How soon should you file an insurance claim after tropical storm?","As soon as safely possible, document everything thoroughly."
"Can insurance premiums rise after tropical storm claims?","Yes, multiple claims or high-damage events can increase premiums."
"Are temporary housing costs covered by insurance?","Depends on policy; some include temporary accommodations for wind or flood damage."
"What diseases can spread after tropical storm flooding?","Waterborne diseases like cholera, leptospirosis, hepatitis A; avoid floodwater."
"How do you purify water after a tropical storm?","Boil for at least 1 minute, use purification tablets, or bottled water."
"Can mold form after tropical storms?","Yes, if wet areas aren’t dried within 24–48 hours; clean and ventilate thoroughly."
"What precautions prevent illness after tropical storms?","Avoid floodwater, wash hands, disinfect surfaces, handle food safely."
"Can animals carry disease during tropical storm flooding?","Yes, displaced animals may spread bacteria or parasites."
"What should you do if injured during a tropical storm?","Provide first aid if safe, call emergency services if possible."
"How do you prevent electrocution in flooded homes?","Turn off main power, avoid standing water, don’t use electrical devices."
"Should you drink tap water after tropical storms?","Only if authorities confirm it’s safe; otherwise boil or use bottled water."
"Can contaminated water cause skin infections?","Yes, avoid contact with floodwater if possible, disinfect wounds."
"What if food was submerged in floodwater?","Discard all food that contacted floodwater, including canned goods with compromised seals."
"Question","Answer"
"What is marine pollution?","Contamination of ocean waters by harmful substances from human activities."
"What are the main types of marine pollution?","Oil spills, plastic waste, chemical runoff, sewage, industrial discharge, ship emissions."
"What causes oil spills?","Tanker accidents, pipeline leaks, offshore drilling, illegal dumping, ship collisions."
"What is the largest source of ocean oil pollution?","Land-based sources account for about 70% of ocean oil pollution."
"What was the largest oil spill in history?","Deepwater Horizon in Gulf of Mexico (2010) - 4.9 million barrels."
"What is crude oil?","Unrefined petroleum extracted from underground or underwater reserves."
"What are refined petroleum products?","Gasoline, diesel, heating oil, and other products processed from crude oil."
"How does oil behave in water?","Floats on surface, spreads into thin slick, weathers through evaporation and emulsification."
"What is oil weathering?","Natural processes that change oil's physical and chemical properties over time."
"What is emulsification of oil?","Oil mixing with water to form thick, mousse-like substance."
"How far can oil spills spread?","Depending on conditions, can spread hundreds of kilometers from source."
"What factors affect oil spill movement?","Wind, currents, tides, water temperature, oil type, weather conditions."
"What marine life is most affected by oil spills?","Seabirds, marine mammals, fish, shellfish, coral reefs, coastal vegetation."
"How does oil harm marine animals?","Coating feathers/fur, poisoning through ingestion, habitat destruction, reproductive damage."
"What happens to birds covered in oil?","Lose waterproofing and insulation, can't fly or feed, often die from hypothermia."
"How does oil affect fish?","Damages gills, causes liver problems, affects reproduction, contaminates food chain."
"What are the human health risks of oil spills?","Skin irritation, respiratory problems, eye irritation, potential cancer risk from long-term exposure."
"Can you swim in oil-contaminated water?","No, oil can cause skin and eye irritation and respiratory problems."
"Is it safe to eat seafood after oil spill?","Only if tested and approved by health authorities, avoid self-caught seafood."
"What are volatile organic compounds from oil?","Toxic gases that evaporate from oil, can cause headaches and respiratory problems."
"How do you recognize oil pollution?","Rainbow sheen on water, tar balls on beach, petroleum odor, dead wildlife."
"What does oil smell like?","Strong petroleum or gasoline-like odor, can be detected from distance."
"How do you identify tar balls?","Dark, sticky masses that wash ashore, feel oily, have petroleum smell."
"What should you do if you see oil spill?","Report immediately to Coast Guard (1-800-424-8802) or local authorities."
"Who do you call to report oil spill?","U.S. Coast Guard National Response Center: 1-800-424-8802."
"What information should you provide when reporting spill?","Location, size, source if known, weather conditions, wildlife impacts."
"Should you take photos of oil spill?","Yes, document extent and impacts, but don't get too close to contamination."
"Can you clean up small oil spill yourself?","Only very small spills with proper materials, report larger spills to authorities."
"What should you never use to clean oil spills?","Detergents or soaps, they make contamination worse and harm wildlife."
"Should you wash oiled birds yourself?","No, requires special training and facilities, contact wildlife rehabilitation center."
"What if you find oiled wildlife?","Don't touch, report location to wildlife authorities, keep pets away."
"How do you protect yourself near oil spill?","Avoid direct contact, wear protective clothing, stay upwind, don't inhale vapors."
"Should you evacuate during major oil spill?","Follow official evacuation orders, especially if fire risk or toxic fumes present."
"What if oil spill threatens drinking water?","Use bottled water, don't use tap water until authorities declare it safe."
"Can oil spills cause explosions?","Yes, oil vapors can ignite, creating fire and explosion hazards."
"What if you smell strong petroleum odors?","Leave area immediately, avoid ignition sources, report to authorities."
"Should you drive through oil-contaminated areas?","Avoid if possible, oil makes roads slippery and vehicle can spread contamination."
"What if oil gets on your skin?","Wash immediately with soap and water, seek medical attention if irritation persists."
"What if you inhale oil vapors?","Get fresh air immediately, seek medical attention if breathing problems develop."
"Should you enter water during oil spill cleanup?","Only trained professionals with proper protective equipment should enter contaminated water."
"What protective equipment is needed for oil spill response?","Waterproof suits, gloves, respirators, eye protection, non-slip boots."
"How long do oil spills take to clean up?","Weeks to years depending on size, location, weather, and cleanup methods."
"What are booms used for in oil spill cleanup?","Floating barriers that contain and direct oil movement on water surface."
"What are skimmers in oil spill cleanup?","Equipment that removes oil from water surface through various mechanical methods."
"What is dispersant use in oil spills?","Chemicals that break oil into smaller droplets, controversial due to toxicity."
"What is in-situ burning for oil spills?","Controlled burning of oil on water surface to reduce volume."
"What are sorbents in oil cleanup?","Materials that absorb oil, including natural materials like straw and synthetic products."
"How is beach cleanup done after oil spills?","Manual removal, pressure washing, sand replacement, vegetation restoration."
"What is bioremediation for oil spills?","Using microorganisms to break down oil naturally, enhanced with nutrients."
"How effective are different cleanup methods?","Mechanical recovery most effective, but typically only recovers 10-40% of spilled oil."
"What happens to collected oil during cleanup?","Processed for recycling, disposal at licensed facilities, or incineration."
"Who pays for oil spill cleanup?","Responsible party liable for costs, government may use Oil Spill Liability Trust Fund."
"How much do major oil spills cost?","Billions of dollars including cleanup, damages, fines, and economic losses."
"What is Natural Resource Damage Assessment?","Scientific process to determine environmental impacts and restoration needs."
"How long do oil spill environmental impacts last?","Acute effects weeks to months, chronic effects can persist for decades."
"What is oil spill trajectory modeling?","Computer predictions of where spilled oil will move based on environmental conditions."
"How do weather conditions affect oil spill response?","High winds and waves make cleanup difficult, calm conditions better for containment."
"What seasonal factors affect oil spill impacts?","Wildlife breeding seasons, fishing seasons, tourism periods increase vulnerability."
"Should fishing be banned after oil spills?","Often yes, until seafood testing confirms safety for consumption."
"How are beaches reopened after oil spill cleanup?","After testing shows contamination levels are safe for public use."
"What monitoring continues after oil spill cleanup?","Water quality, sediment contamination, wildlife health, seafood safety testing."
"How do communities recover economically from oil spills?","Tourism recovery, fishing industry restoration, compensation programs, economic diversification."
"What assistance is available for oil spill-affected businesses?","Government disaster loans, compensation from responsible parties, insurance claims."
"How do you document oil spill damage for compensation?","Photos, receipts, business records, expert assessments, legal documentation."
"What health monitoring follows oil spill exposure?","Medical screening, long-term health studies, tracking of respiratory and other symptoms."
"Should you seek medical attention after oil exposure?","Yes if experiencing symptoms like headaches, nausea, skin irritation, breathing problems."
"How do you decontaminate equipment after oil spill?","Professional cleaning with appropriate solvents, disposal of contaminated materials."
"What long-term environmental restoration follows oil spills?","Habitat restoration, species reintroduction, ecosystem monitoring, adaptive management."
"How do you prevent future oil spills?","Double-hull tankers, better navigation systems, stricter regulations, regular inspections."
"What are double-hull tankers?","Ships with two layers of steel to prevent oil release if outer hull damaged."
"What navigation systems help prevent oil spills?","GPS, radar, automatic identification systems, electronic chart systems."
"How do weather routing systems prevent spills?","Help ships avoid severe weather that could cause accidents and spills."
"What regulations govern oil transportation?","International Maritime Organization rules, national laws, port state control inspections."
"What is the Oil Pollution Act of 1990?","U.S. law requiring spill prevention, response planning, and liability for damages."
"What are vessel response plans?","Required plans detailing how ships will respond to oil spill emergencies."
"What is area contingency planning for oil spills?","Regional plans coordinating government and industry response to potential spills."
"How do ports prepare for oil spill response?","Equipment stockpiles, trained response teams, regular drills, coordination agreements."
"What role do pilots play in preventing oil spills?","Local mariners who guide large vessels safely through ports and waterways."
"How does vessel traffic management prevent spills?","Coordinated routing, speed restrictions, weather advisories, collision avoidance."
"What is the role of Coast Guard in oil spill response?","Federal on-scene coordinator, search and rescue, law enforcement, cleanup oversight."
"What are Regional Response Teams for oil spills?","Multi-agency groups that coordinate federal, state, and local spill response."
"How do states prepare for oil spill response?","Response equipment, trained personnel, wildlife rescue capabilities, public health planning."
"What is the National Response Framework for oil spills?","Coordinated federal approach to major oil spill incidents."
"How do international agreements address oil spills?","MARPOL Convention, liability conventions, mutual assistance agreements."
"What is MARPOL Convention?","International agreement preventing pollution from ships including oil discharges."
"How do you report chronic oil pollution?","Document repeated small spills or illegal discharges to environmental authorities."
"What are illegal ship discharges?","Deliberate release of oily water, tank cleaning waste, or other pollutants."
"How is ship-source pollution monitored?","Satellite surveillance, aerial patrols, port inspections, whistleblower reports."
"What penalties exist for oil pollution violations?","Fines, criminal charges, vessel detention, cleanup costs, natural resource damages."
"How do citizen groups help with oil spill response?","Volunteer beach cleanup, wildlife rescue support, damage documentation, advocacy."
"What training is needed for oil spill volunteers?","Safety training, proper cleanup techniques, wildlife handling protocols, health protection."
"Should untrained people help with oil spill cleanup?","No, improper cleanup can spread contamination and create safety hazards."
"How do you organize community response to oil spills?","Coordinate with official response, focus on safe activities, provide logistical support."
"What research helps improve oil spill response?","New cleanup technologies, environmental impact studies, wildlife treatment methods."
"How does climate change affect oil spill risks?","More severe weather increases accident risk, changing ice patterns in Arctic."
"What are emerging oil spill threats?","Arctic drilling, deepwater operations, aging pipeline infrastructure, rail transport."
"How do you prepare coastal communities for oil spills?","Response planning, equipment pre-positioning, public education, economic diversification."
"What early warning systems exist for oil spills?","Automatic ship tracking, pipeline monitoring, coastal radar, satellite surveillance."
"How do you protect sensitive areas from oil spills?","Pre-boom deployment, wildlife deterrents, rapid response capability, access restrictions."
"What is environmental sensitivity mapping?","Identifying vulnerable areas requiring priority protection during spill response."
"How do you protect coral reefs from oil spills?","Rapid containment, specialized cleanup methods, long-term monitoring, restoration efforts."
"What special considerations apply to Arctic oil spills?","Extreme weather, remote locations, ice conditions, limited cleanup season, sensitive ecosystems."
"How do you respond to oil spills in rivers?","Downstream containment, drinking water protection, rapid source control, aquatic habitat protection."
"What makes underwater oil spills different?","Harder to detect and contain, affects entire water column, complex cleanup challenges."
"How do you handle oil spill waste disposal?","Classified as hazardous waste, requires licensed disposal facilities, tracking documentation."
"What public health measures follow oil spills?","Air quality monitoring, seafood safety testing, health advisories, medical surveillance."
"How do you communicate during oil spill emergencies?","Public information officers, media briefings, community meetings, social media updates."
"What information should public receive during oil spills?","Health risks, evacuation orders, cleanup progress, safety precautions, assistance resources."
"How do you counter misinformation during oil spills?","Provide accurate official information, correct false reports, use trusted messengers."
"What role does media play in oil spill response?","Information dissemination, public education, response accountability, recovery documentation."
"How do you maintain public confidence during oil spill response?","Transparent communication, regular updates, community involvement, accountability measures."
"What lessons have major oil spills taught us?","Importance of prevention, rapid response, community preparedness, long-term monitoring."
"How has oil spill response technology improved?","Better detection systems, more effective cleanup methods, improved dispersants, satellite monitoring."
"What future technologies may improve oil spill response?","Autonomous cleanup systems, advanced materials, real-time monitoring, biotechnology applications."
"How do you evaluate oil spill response effectiveness?","Recovery rates, environmental protection, public health outcomes, cost-effectiveness measures."
"What are best practices for oil spill prevention?","Regular equipment maintenance, crew training, navigation safety, weather routing, inspection compliance."
"How do you build community resilience to oil spills?","Preparedness planning, diverse economy, environmental restoration, response capability."
"What is the most important oil spill safety message?","Report spills immediately and leave cleanup to trained professionals with proper equipment."
"How do you stay informed about oil spill risks?","Monitor shipping traffic, follow environmental agencies, know local response plans, understand evacuation routes."
"What should every coastal resident know about oil spills?","How to recognize pollution, who to call for reporting, basic safety precautions, evacuation procedures."
"What is the key to successful oil spill response?","Rapid detection, immediate response, coordinated effort, adequate resources, community cooperation."
"Question","Answer"
"What are notable historical oil spills besides Deepwater Horizon?","Exxon Valdez (Alaska, 1989) - 11 million gallons; Prestige (Spain, 2002); MV Wakashio (Mauritius, 2020)."
"What are India-specific oil spill incidents?","MV Western Pioneer (Mumbai Coast, 2011); oil tanker collisions near Kochi, Kerala; minor port-based discharges in Mumbai and Gujarat."
"Which Indian regulations govern oil spills?","The Maritime Zones of India Act, 1976; Coastal Regulation Zone Notifications; Oil Pollution Rules under the Environment Protection Act, 1986."
"Which agencies handle oil spills in India?","Indian Coast Guard, Ministry of Environment, Forest and Climate Change, local port authorities, Oil Industry Safety Directorate (OISD)."
"How do oil spills interact with tropical storms or cyclones?","Storms can disperse oil over larger areas, complicate cleanup, increase coastal flooding and marine life exposure."
"How are fisheries affected economically by oil spills?","Loss of catch, temporary fishing bans, contamination of seafood, income loss for local fishermen communities."
"How is tourism affected by oil spills?","Beach closures, damage to resorts and marine attractions, long-term reduction in visitor numbers, economic loss for coastal towns."
"What are social impacts of oil spills on coastal communities?","Health problems, disruption of livelihoods, psychological stress, increased migration, reliance on aid."
"How do oil spills affect mangroves and wetlands?","Smothering of roots, reduced oxygen, long-term habitat degradation, loss of breeding grounds for fish and birds."
"How are small-scale chronic oil discharges monitored in India?","Satellite monitoring, local port inspections, voluntary industry reporting, whistleblower reports."
"What are effective community preparedness measures for oil spills?","Local response training, awareness campaigns, stockpiling protective equipment, coordinated evacuation plans."
"How can local communities aid in monitoring and response?","Citizen science reporting, beach surveys, wildlife monitoring, assisting trained response teams safely."
"Which international bodies guide oil spill prevention and response?","IMO, UNEP, International Tanker Owners Pollution Federation (ITOPF), Regional Seas Conventions."
"How do oil spills affect coral reefs?","Oil coats coral surfaces, blocks sunlight, reduces photosynthesis, leads to bleaching and mortality."
"What rehabilitation measures exist for affected wildlife?","Oiled bird washing stations, veterinary care for marine mammals, relocation of sensitive species, habitat restoration."
"How can oil spill risks be reduced in Arctic regions?","Ice navigation protocols, seasonal drilling restrictions, specialized spill response equipment, continuous monitoring."
"How do pipelines and offshore drilling contribute to oil spill risks?","Leaks, blowouts, corrosion, equipment failure, human error, inadequate monitoring or maintenance."
"How is public health monitored after oil spills?","Health screenings, respiratory and skin assessments, long-term epidemiological studies, advisories on seafood consumption."
"How are beaches and ports reopened safely after oil spills in India?","Through chemical testing of sand and water, removal of contamination, approval by Coast Guard and environmental authorities."
"What role do local NGOs play in oil spill recovery?","Community mobilization, awareness campaigns, wildlife rescue support, documenting environmental damage, advocacy for stricter regulations."
"Question","Answer"
"What is sea level rise?","Global increase in ocean water levels due to climate change and thermal expansion."
"What causes sea level rise?","Thermal expansion of warming oceans and melting of glaciers and ice sheets."
"How much has sea level risen historically?","About 21-24 centimeters since 1880, with accelerating rates in recent decades."
"What is the current rate of sea level rise?","Approximately 3.3 millimeters per year globally, varying by region."
"How much could sea level rise by 2100?","Projections range from 0.43 to 2.84 meters depending on emission scenarios."
"What is thermal expansion of seawater?","Water expanding as it warms, contributing about half of current sea level rise."
"Which ice sheets contribute most to sea level rise?","Greenland and Antarctic ice sheets, containing enough water to raise seas by 70+ meters."
"What is coastal erosion?","Wearing away of land and removal of beach or dune sediments by wave action."
"What causes coastal erosion?","Wave action, storms, sea level rise, human activities, sediment supply changes."
"How fast does coastal erosion occur?","Varies from centimeters to meters per year depending on location and conditions."
"What are the main types of coastal erosion?","Beach erosion, bluff retreat, wetland loss, barrier island migration."
"What is shoreline retreat?","Landward movement of coastline due to erosion processes over time."
"What factors accelerate coastal erosion?","Sea level rise, increased storm intensity, reduced sediment supply, human development."
"How does sea level rise worsen coastal erosion?","Higher water levels allow waves to reach and erode areas previously protected."
"What is coastal squeeze?","Loss of intertidal habitat as sea level rises against fixed coastal defenses."
"What areas are most vulnerable to sea level rise?","Low-lying coastal plains, river deltas, small islands, areas with land subsidence."
"Which U.S. regions face highest sea level rise risk?","Gulf Coast, Mid-Atlantic, Southeast, and parts of California and Alaska."
"What infrastructure is threatened by sea level rise?","Roads, airports, ports, utilities, sewage treatment plants, coastal buildings."
"How does sea level rise affect drinking water?","Saltwater intrusion into groundwater aquifers and surface water supplies."
"What is saltwater intrusion?","Movement of saltwater into freshwater aquifers due to sea level rise."
"How does coastal erosion threaten buildings?","Undermines foundations, reduces lot sizes, eventually leads to structural collapse."
"What happens to beaches during sea level rise?","Many will be permanently submerged or migrate landward if space allows."
"How does sea level rise affect wetlands?","Can drown existing wetlands while creating new ones in previously dry areas."
"What economic impacts result from coastal erosion?","Property loss, infrastructure damage, tourism decline, relocation costs."
"How much property is at risk from sea level rise?","Trillions of dollars in coastal property worldwide threatened by 2100."
"What agricultural areas are threatened by sea level rise?","Coastal farmland subject to saltwater intrusion and permanent flooding."
"How does sea level rise affect coastal ecosystems?","Habitat migration, species displacement, ecosystem service disruption."
"What happens to coral reefs during sea level rise?","May keep pace if rise is slow, but threatened by warming and acidification."
"How do mangroves respond to sea level rise?","Can migrate landward if not blocked by development or topography."
"What is nuisance flooding from sea level rise?","Regular flooding during high tides without storms, increasingly frequent."
"How often does nuisance flooding occur?","Increasing from occasional to dozens of times per year in vulnerable areas."
"What is relative sea level rise?","Local sea level change including land subsidence and regional variations."
"What causes land subsidence?","Groundwater pumping, oil/gas extraction, natural settling, geological processes."
"How do you measure sea level rise?","Tide gauges, satellite altimetry, GPS measurements, geological indicators."
"What are tide gauges?","Instruments that measure water level changes at coastal locations over time."
"How do satellites measure sea level?","Radar altimeters measure distance from satellite to ocean surface."
"What is a sea level rise projection?","Scientific estimate of future sea level based on climate models and scenarios."
"How do you assess your property's sea level rise risk?","Check elevation, flood maps, local projections, and vulnerability assessments."
"What online tools show sea level rise projections?","NOAA Sea Level Rise Viewer, Climate Central's Surging Seas, state coastal programs."
"How do you determine your property elevation?","Survey maps, LIDAR data, professional surveys, FEMA flood maps."
"What is base flood elevation?","Water surface elevation of 100-year flood used for building and insurance requirements."
"Should you buy property in sea level rise zones?","Consider long-term risks, insurance costs, resale value, and adaptation options."
"How does sea level rise affect property values?","Properties at higher risk show declining values and longer time on market."
"What insurance covers sea level rise damage?","Flood insurance covers some impacts, but not gradual erosion or chronic flooding."
"How do you prepare your home for sea level rise?","Elevate structure, improve drainage, use flood-resistant materials, plan retreat options."
"What is wet floodproofing for sea level rise?","Allowing water to enter and exit structure freely to prevent damage."
"What is dry floodproofing for sea level rise?","Sealing structure to prevent water entry up to certain elevation."
"Should you elevate your house for sea level rise?","Consider if in vulnerable area, may be required for insurance or permits."
"How high should you elevate above sea level rise?","At least 1-3 feet above projected flood levels for useful design life."
"What building materials resist sea level rise impacts?","Flood-resistant materials like closed-cell foam, marine-grade plywood, concrete."
"How do you protect utilities from sea level rise?","Elevate HVAC, water heaters, electrical panels above projected flood levels."
"What landscaping helps with sea level rise?","Native salt-tolerant plants, rain gardens, permeable surfaces, natural drainage."
"Should you install sump pumps for sea level rise?","Can help with minor flooding but ineffective against major sea level rise."
"How do you improve property drainage for sea level rise?","Grade away from buildings, install French drains, use permeable pavement."
"What if your septic system is threatened by sea level rise?","Consider connection to sewer system or elevated/alternative treatment systems."
"How do you protect important documents from sea level rise?","Waterproof storage, digital copies, off-site storage, cloud backup."
"Should you plant trees to stop coastal erosion?","Appropriate vegetation can help, but major erosion requires professional solutions."
"What if sea level rise threatens your well water?","Monitor salinity, consider alternative water sources, install deeper wells."
"How do communities adapt to sea level rise?","Zoning changes, building codes, infrastructure upgrades, managed retreat programs."
"What is managed retreat from sea level rise?","Planned relocation of people and infrastructure away from vulnerable coastal areas."
"What is accommodation to sea level rise?","Learning to live with higher water levels through floating structures and adaptation."
"What is protection from sea level rise?","Hard and soft engineering solutions to defend against rising waters."
"What are seawalls used for against sea level rise?","Vertical barriers that protect land from wave action and flooding."
"What are the problems with seawalls for sea level rise?","Expensive, cause beach erosion, require maintenance, eventually overtopped."
"What is living shoreline approach to coastal erosion?","Using natural materials like oyster reefs and marsh grasses for protection."
"What are breakwaters used for in coastal protection?","Offshore structures that reduce wave energy reaching the shore."
"What is beach nourishment for coastal erosion?","Adding sand to eroded beaches to restore width and elevation."
"How long does beach nourishment last?","Typically 5-10 years before requiring renewal, depending on conditions."
"What are dunes used for in coastal protection?","Natural barriers that absorb wave energy and provide storm protection."
"How do you restore sand dunes?","Plant native vegetation, install sand fencing, restrict access, add sand."
"What is ecosystem-based adaptation to sea level rise?","Using natural systems like wetlands and reefs for coastal protection."
"How do wetlands protect against sea level rise?","Absorb storm surge, reduce wave energy, can build elevation with sediment."
"What role do oyster reefs play in coastal protection?","Create natural breakwaters, build reef height, support ecosystem services."
"How effective are natural solutions vs. hard engineering?","Natural solutions often more cost-effective and provide multiple benefits long-term."
"What is blue-green infrastructure for sea level rise?","Combining natural systems with built infrastructure for coastal resilience."
"How do you plan for long-term sea level rise?","Consider multiple time horizons, adaptive management, flexibility in solutions."
"What is adaptive management for sea level rise?","Adjusting strategies based on monitoring, new information, and changing conditions."
"How do you monitor sea level rise impacts?","Regular surveys, photo documentation, water level monitoring, ecosystem assessments."
"What early warning signs indicate accelerating sea level rise?","More frequent nuisance flooding, saltwater in wells, vegetation die-back."
"How do you communicate sea level rise risks to community?","Use local examples, visual tools, engage trusted messengers, focus on solutions."
"What if community denies sea level rise is happening?","Present local evidence, focus on current flooding issues, emphasize co-benefits."
"How do you build political support for sea level rise action?","Start with no-regret measures, build coalitions, use economic arguments."
"What funding is available for sea level rise adaptation?","Federal grants, state programs, local bonds, private investment, insurance discounts."
"How do you prioritize sea level rise adaptation measures?","Risk assessment, cost-benefit analysis, co-benefits, feasibility, stakeholder input."
"What is retreat vs. protect decision-making?","Economic analysis comparing long-term costs of defending vs. relocating."
"How do you plan retreat from sea level rise?","Identify receiving areas, provide relocation assistance, preserve community cohesion."
"What happens to abandoned areas after retreat?","May become wetlands, parks, or natural coastal buffers."
"How do you handle property rights during managed retreat?","Fair compensation, voluntary programs, regulatory takings, eminent domain."
"What legal issues arise with sea level rise?","Property rights, liability, insurance disputes, regulatory jurisdiction."
"How does zoning change with sea level rise?","Restrict new development, require higher standards, create buffer zones."
"What building codes address sea level rise?","Higher elevation requirements, flood-resistant construction, setback rules."
"How do you update infrastructure for sea level rise?","Elevate roads, improve drainage, relocate facilities, use flexible designs."
"What transportation adaptations help with sea level rise?","Elevate roads, improve drainage, plan alternate routes, floating bridges."
"How do ports adapt to sea level rise?","Flexible dock systems, elevated infrastructure, improved drainage, planning retreat."
"How do airports prepare for sea level rise?","Runway drainage, elevated facilities, salt-resistant materials, alternate locations."
"What utility adaptations help with sea level rise?","Underground lines, elevated equipment, salt-resistant materials, backup systems."
"How do schools prepare for sea level rise?","Elevation assessment, emergency planning, curriculum integration, facility upgrades."
"How do hospitals adapt to sea level rise?","Backup power above flood levels, emergency plans, supply chain resilience."
"What emergency planning addresses sea level rise?","Updated evacuation routes, flood response, communication systems, shelter locations."
"How do you evacuate during sea level rise flooding?","Follow emergency plans, move to higher ground, avoid flooded roads."
"What if roads flood during sea level rise events?","Use alternate routes, don't drive through water, wait for waters to recede."
"How do you communicate during sea level rise emergencies?","Emergency alerts, backup communication systems, neighborhood networks."
"What supplies do you need during sea level rise flooding?","Water, food, flashlights, radio, first aid, medications, important documents."
"Should you stay or leave during chronic flooding from sea level rise?","Follow official guidance, prioritize safety, have evacuation plan ready."
"How do you help neighbors during sea level rise events?","Check on vulnerable residents, share resources, provide transportation."
"What health risks come from sea level rise flooding?","Waterborne diseases, mold, mental health impacts, infrastructure failures."
"How do you prevent mold after sea level rise flooding?","Dry structures quickly, remove wet materials, use dehumidifiers, improve ventilation."
"What if drinking water contaminated by sea level rise?","Use bottled water, boil if advised, test private wells, report problems."
"How do you clean up after sea level rise flooding?","Wear protective gear, document damage, remove wet materials, disinfect surfaces."
"What economic assistance is available after sea level rise damage?","FEMA aid, SBA loans, insurance claims, local assistance programs."
"How do you document damage from sea level rise?","Photos before cleanup, keep receipts, contact insurance, get professional assessments."
"What if insurance doesn't cover sea level rise damage?","Appeal decision, check other policies, seek legal advice, apply for assistance."
"How do communities recover from chronic sea level rise impacts?","Economic diversification, infrastructure rebuilding, population relocation, ecosystem restoration."
"What industries are most affected by sea level rise?","Tourism, fishing, agriculture, real estate, insurance, shipping."
"How do you maintain community cohesion during sea level rise adaptation?","Inclusive planning, preserve cultural sites, support vulnerable populations."
"What research helps understand sea level rise?","Tide gauge data, satellite measurements, ice sheet studies, climate modeling."
"How do scientists predict future sea level rise?","Climate models, ice sheet dynamics, thermal expansion calculations, statistical analysis."
"What are the biggest uncertainties in sea level rise projections?","Ice sheet behavior, regional variations, tipping points, emission scenarios."
"How does climate change acceleration affect sea level rise?","Faster warming could trigger rapid ice loss and accelerated rise."
"What are sea level rise tipping points?","Thresholds beyond which ice sheet loss becomes irreversible and rapid."
"How do regional factors affect sea level rise?","Ocean currents, land movement, ice sheet gravity effects create local variations."
"What international cooperation addresses sea level rise?","Climate agreements, scientific collaboration, technology sharing, adaptation funding."
"How do small island nations cope with sea level rise?","Adaptation measures, international assistance, migration planning, sovereignty issues."
"What role do cities play in sea level rise adaptation?","Local planning, infrastructure investment, regional coordination, innovation testing."
"How do you engage youth in sea level rise solutions?","Education programs, community projects, climate action, future planning."
"What technologies help monitor sea level rise?","Satellite altimetry, GPS, tide gauges, LIDAR, underwater sensors."
"How do you use sea level rise projections for planning?","Risk assessment, infrastructure design, zoning decisions, investment priorities."
"What co-benefits come from sea level rise adaptation?","Storm protection, ecosystem services, recreation, water quality, carbon storage."
"How do you balance development with sea level rise risk?","Smart growth principles, risk disclosure, adaptive design, retreat planning."
"What is the most cost-effective sea level rise adaptation?","Prevention through emission reduction combined with no-regret local measures."
"How do you maintain hope while addressing sea level rise?","Focus on solutions, community action, adaptation success stories, co-benefits."
"What is the key message about sea level rise adaptation?","Start planning now, use flexible approaches, combine protection with retreat options."
"Question","Answer"
"What are compound coastal hazards?","Simultaneous impacts from sea level rise combined with storms, hurricanes, tsunamis, or river flooding."
"How does storm surge interact with sea level rise?","Rising sea levels increase the height and reach of storm surges, worsening flooding."
"Can tsunamis be worsened by sea level rise?","Yes, higher baseline sea levels allow tsunami waves to penetrate further inland."
"What is saltwater intrusion's long-term effect on soil?","Gradual salinization reduces fertility and affects agriculture over decades."
"How does chronic flooding affect mental health?","Repeated flooding causes stress, anxiety, depression, and community trauma."
"What happens to wetlands under slow submersion?","They can drown gradually, altering habitat, carbon storage, and biodiversity."
"How are underground utilities affected by sea level rise?","Subways, tunnels, and sewage systems can flood, disrupting services."
"What risks do industrial sites face?","Chemical spills, contamination, and infrastructure damage increase during flooding."
"How does sea level rise impact low-income populations?","They often live in vulnerable areas, have limited resources, and face higher relocation challenges."
"What are legal challenges in retreat zones?","Property disputes, eminent domain, and compensation conflicts can arise."
"Can insurance cover gradual erosion?","Most standard policies do not; special coverage or government programs may be required."
"What happens to migratory bird habitats?","Rising seas can destroy nesting grounds, forcing migration changes or population decline."
"How do invasive species respond to sea level rise?","Brackish water expansion can allow new species to colonize, altering ecosystems."
"What is biodiversity loss from sea level rise?","Species displacement, habitat fragmentation, and local extinctions in coastal zones."
"How can floating buildings help adaptation?","Structures float on rising waters, reducing flood risk in vulnerable areas."
"What are amphibious houses?","Homes that rest on the ground but can rise with floodwaters using buoyant foundations."
"How do combined heatwaves and flooding affect communities?","Stress on infrastructure, public health risks, and challenges in cooling shelters."
"What is coastal groundwater depletion?","Rising seas and extraction can lower aquifers, worsening saltwater intrusion."
"How does repeated nuisance flooding affect property value?","Continuous minor flooding can drastically reduce resale value and insurance options."
"How do coastal transportation systems adapt?","Elevated roads, floating bridges, and movable ferry terminals maintain connectivity."
"What emergency plans exist for chemical plants during flooding?","Evacuation, containment, spill response, and elevated storage for hazardous materials."
"What is the impact of sea level rise on public health infrastructure?","Hospitals, clinics, and water treatment can face operational disruption and contamination."
"How does sea level rise affect tourism?","Beach loss, flooding, and infrastructure damage reduce visitors and local income."
"What is sediment starvation and its effect?","Reduced sediment supply from rivers accelerates beach and wetland erosion."
"How do river deltas respond to sea level rise?","Deltas can submerge, sink, or migrate, affecting agriculture and settlements."
"What role does land subsidence play in flooding?","Subsiding land worsens relative sea level rise and accelerates inundation."
"How can early warning systems help compound hazards?","Alert communities to storms, floods, and rapid water rise for timely evacuation."
"What are blue carbon ecosystems?","Mangroves, marshes, and seagrasses storing carbon while protecting coasts from flooding."
"How do mangrove restoration projects help?","They reduce wave energy, trap sediments, and buffer against erosion."
"What is climate gentrification?","Wealthier populations move to higher ground, displacing vulnerable communities as sea levels rise."
"How can urban heat islands worsen flooding?","Impervious surfaces prevent drainage, intensifying water pooling during floods."
"How do floating solar panels aid coastal resilience?","Generate renewable energy while reducing evaporation and stormwater impacts."
"What are long-term groundwater salinity threats?","Saltwater intrusion can make freshwater aquifers unusable for decades."
"How can wetlands migrate naturally?","Wetlands shift inland if space and conditions allow, maintaining ecological functions."
"What are hybrid adaptation strategies?","Combining retreat, protection, and accommodation for flexible long-term planning."
"How do cultural heritage sites face risk?","Historic buildings and landmarks may flood or erode, threatening preservation."
"What is the role of citizen science in monitoring?","Community volunteers can collect water level, erosion, and habitat data for planning."
"How do repeated storm surges affect infrastructure lifespan?","Accelerated wear, corrosion, and structural fatigue reduce service life."
"What is coastal inundation modeling?","Simulations predicting flooding extent under different sea level rise scenarios."
"How do rising seas affect fisheries?","Changes in salinity and habitat can reduce fish populations and affect livelihoods."
"What is salt marsh drowning?","Marshes unable to accumulate sediment fast enough get submerged permanently."
"How do extreme tidal events combine with sea level rise?","Higher tides increase frequency and extent of flooding beyond normal predictions."
"What role do coral reefs play in coastal protection?","Reefs absorb wave energy, reduce erosion, and protect shorelines."
"How does shoreline armoring affect neighboring areas?","Seawalls can increase erosion downstream or adjacent beaches."
"What is managed realignment?","Deliberately allowing areas to flood to restore natural habitats and reduce risk elsewhere."
"How can urban drainage systems fail under chronic flooding?","Sewer backups, ponding, and infrastructure collapse can occur during repeated events."
"What is the impact of sea level rise on power plants?","Flooded plants risk outages, equipment damage, and emergency shutdowns."
"How do you monitor chronic ecosystem changes?","Regular surveys, remote sensing, and species population tracking."
"What are ecological tipping points from sea level rise?","Thresholds beyond which ecosystems collapse or irreversibly change."
"How can artificial reefs mitigate erosion?","Submerged structures reduce wave energy and encourage sediment deposition."
"What are the effects on coastal agriculture?","Salt intrusion, reduced soil fertility, and periodic flooding reduce yields."
"How does permafrost thaw interact with sea level rise?","Coastal permafrost melt can destabilize shorelines and release greenhouse gases."
"How do shipping ports adapt to extreme water level changes?","Elevated docks, flexible moorings, and redesigned storage zones."
"What are coastal blackout risks?","Flooding can cut off electricity to communities, critical facilities, and communication systems."
"How do sea level rise and river flooding combine?","High tides can back up rivers, worsening inland flooding during storms."
"What are lessons from island nations facing sea level rise?","Early adaptation, migration planning, and ecosystem-based defenses are key."
"How does chronic erosion affect cultural landscapes?","Loss of beaches, dunes, and traditional land features impacts identity and tourism."
"What is the role of insurance in extreme adaptation?","Coverage can incentivize elevation, floodproofing, and relocation measures."
"How do you integrate climate projections into urban planning?","Use probabilistic models, adaptive zoning, and infrastructure standards."
"What are the challenges for remote communities?","Limited evacuation routes, communication, and emergency resources increase vulnerability."
"How do floating wetland projects work?","Artificial wetlands absorb stormwater, filter pollutants, and provide habitat."
"What is coastal aquaculture risk?","Rising seas can flood fish farms and salinize freshwater for shellfish."
"How do flood gates and tidal barriers help?","Control water entry, protect urban areas, and reduce flood peaks."
"What is the impact of coastal erosion on shipping channels?","Sedimentation can require dredging and increase navigational hazards."
"How do public health systems prepare for compound hazards?","Stockpile medicines, maintain clean water, and develop evacuation protocols."
"What is long-term planning for chronic nuisance flooding?","Elevating infrastructure, creating buffer zones, and adopting flexible regulations."
"How does sea level rise affect groundwater recharge?","Inundation and salinity reduce freshwater infiltration and aquifer replenishment."
"What are multi-layered coastal defense strategies?","Combining hard barriers, ecosystem restoration, and policy interventions."
"How do extreme events affect social cohesion?","Displacement, unequal recovery, and resource competition can strain communities."
"What is the role of technology in adaptation?","Sensors, drones, predictive modeling, and real-time monitoring enhance resilience."
"How do emergency shelters cope with rising seas?","Elevated locations, floating facilities, and pre-stocked resources ensure safety."
"How does sea level rise affect inland areas?","Backwater flooding and higher water tables can impact areas far from the coast."
"What are secondary impacts of chronic flooding?","Mold, vector-borne diseases, mental health issues, and property devaluation."
"How do migratory patterns change with habitat loss?","Species may relocate inland or face population decline due to lost breeding grounds."
"How can communities plan for multi-decade adaptation?","Use phased retreat, infrastructure upgrades, zoning, and ecosystem-based planning."
"How do you prioritize adaptation for vulnerable populations?","Assess risk, equity, cost, and accessibility to ensure inclusive strategies."
"What role does education play in long-term adaptation?","Raising awareness, fostering resilience, and encouraging proactive community action."
"How do global supply chains respond to sea level rise?","Ports, warehouses, and transport disruptions can affect national and international trade."
"What is the role of government policy in adaptation?","Regulations, incentives, land-use planning, and funding shape mitigation efforts."
"How do rising seas affect emergency medical services?","Road closures, facility flooding, and equipment damage hinder response times."
"How do you track long-term effectiveness of adaptation measures?","Monitoring, auditing, and adjusting strategies based on data and outcomes."
"How can social media aid during flooding events?","Real-time alerts, resource sharing, and community coordination improve response."
"What are the environmental justice concerns?","Low-income, minority, and marginalized communities face disproportionate risk."
"What is the effect of microplastics during flooding?","Rising waters can mobilize plastics into ecosystems, impacting wildlife and health."
"How do multi-hazard simulations help planning?","Predict interactions of storms, sea level rise, and human activities for better decisions."
"How can coastal forests reduce erosion?","Roots stabilize soil, absorb wave energy, and trap sediments."
"What is the role of international aid in extreme events?","Funding, expertise, and disaster relief help communities recover and adapt."
"What are emerging technologies for sea level rise adaptation?","Smart barriers, floating infrastructure, AI-based monitoring, and resilient construction."
"Question","Answer"
"What is a submarine earthquake?","Earthquake occurring under the ocean floor that can generate tsunamis."
"How deep do tsunami-generating earthquakes occur?","Usually less than 70 kilometers deep in the ocean floor."
"What magnitude earthquake can generate tsunamis?","Generally magnitude 7.0 or greater, though smaller ones can in rare cases."
"What type of fault movement creates tsunamis?","Vertical displacement of seafloor, not horizontal sliding motion."
"What is a megathrust earthquake?","Large earthquake along subduction zone boundaries, most likely to generate tsunamis."
"Where do most tsunami-generating earthquakes occur?","Around Pacific Ring of Fire, especially subduction zones."
"What is the difference between tectonic and submarine earthquakes?","Location - submarine occurs under ocean, can displace water and cause tsunamis."
"How long do submarine earthquakes typically last?","Usually 30 seconds to 2 minutes for major events."
"What is earthquake magnitude vs intensity?","Magnitude measures energy released, intensity measures shaking effects at location."
"What is the Richter Scale for earthquakes?","Logarithmic scale measuring earthquake magnitude, each number is 10x stronger."
"What is the moment magnitude scale?","More accurate modern scale for measuring large earthquake energy release."
"How are submarine earthquakes detected?","Global seismic networks, ocean bottom seismometers, hydrophone arrays."
"How quickly can submarine earthquakes be detected?","Within minutes using automated global seismic monitoring systems."
"What is P-wave vs S-wave in earthquakes?","P-waves arrive first (primary), S-waves follow (secondary), difference helps locate epicenter."
"How do seismologists locate earthquake epicenter?","Triangulation using arrival time differences from multiple monitoring stations."
"What information do earthquake alerts provide?","Location, magnitude, depth, time, potential for tsunami generation."
"Who issues tsunami warnings after submarine earthquakes?","National tsunami warning centers and Pacific Tsunami Warning Center."
"How quickly are tsunami warnings issued after submarine earthquakes?","Usually within 5-15 minutes of earthquake detection."
"What triggers automatic tsunami warnings?","Submarine earthquakes above magnitude 7.0 in tsunami-prone areas."
"Can small submarine earthquakes generate tsunamis?","Rarely, but underwater landslides triggered by small quakes can cause local tsunamis."
"What is earthquake swarm activity?","Series of earthquakes in local area over short time period."
"Can earthquake swarms indicate coming tsunami risk?","May indicate unstable conditions, but individual events must be assessed."
"What is foreshock vs mainshock vs aftershock?","Smaller quakes before main event, largest quake, smaller quakes following main event."
"Do foreshocks always precede submarine earthquakes?","No, only about half of major earthquakes have identifiable foreshocks."
"How long do aftershocks continue after submarine earthquakes?","Can continue for days to months, gradually decreasing in frequency and magnitude."
"Can aftershocks also generate tsunamis?","Yes, if large enough and cause vertical seafloor displacement."
"What is the most dangerous aspect of submarine earthquakes?","Their potential to generate destructive tsunamis with little warning time."
"How far can submarine earthquake effects travel?","Earthquake shaking felt hundreds of kilometers away, tsunamis can cross oceans."
"What coastal areas feel submarine earthquakes?","Areas within 100-200 kilometers may feel shaking before tsunami arrives."
"Should you evacuate immediately after feeling strong coastal earthquake?","Yes, don't wait for official warnings - move to high ground immediately."
"What if you feel long earthquake shaking at coast?","Evacuate immediately to high ground, strong long shaking indicates tsunami risk."
"What if earthquake shaking lasts more than 20 seconds at coast?","Immediate evacuation required, this duration suggests tsunami potential."
"Should you wait for official warnings after coastal earthquake?","No, natural warning signs require immediate self-evacuation."
"What if earthquake is too weak to feel but tsunami warning issued?","Still evacuate, distant earthquakes can generate tsunamis hours later."
"How do you prepare for submarine earthquake tsunamis?","Know evacuation routes, have emergency kit, practice drills, learn warning signs."
"What should be in earthquake-tsunami emergency kit?","Water, food, flashlight, radio, first aid, sturdy shoes, important documents."
"How do you earthquake-proof your home in tsunami zones?","Secure heavy objects, know gas shutoff, have emergency supplies, practice drop-cover-hold."
"What is drop, cover, and hold during earthquakes?","Drop to knees, take cover under desk, hold on and protect head."
"Should you run outside during earthquake?","No, drop-cover-hold where you are, most injuries occur from falling objects."
"What if you're in bed during earthquake?","Stay in bed, cover head with pillow, don't run in dark."
"What if you're driving during earthquake?","Pull over safely, stay in vehicle, avoid bridges and overpasses."
"What if you're at beach during submarine earthquake?","Drop-cover-hold during shaking, then immediately evacuate to high ground."
"Should you use elevators after earthquake?","No, use stairs in case of structural damage or aftershocks."
"What if you're in high-rise during submarine earthquake?","Stay inside, drop-cover-hold, don't use elevators, be prepared for evacuation."
"How do you protect children during earthquakes?","Teach drop-cover-hold, practice regularly, keep shoes and flashlights by beds."
"What if you're caring for elderly during earthquake?","Help them drop-cover-hold, assist with evacuation if tsunami risk."
"Should you turn off gas after earthquake?","Only if you smell gas or see damage, don't turn off as precaution."
"What if lights go out during earthquake?","Use flashlight, not candles, check for injuries and hazards."
"Should you check on neighbors after earthquake?","Yes, but only after ensuring your own safety and completing evacuation if needed."
"What if building is damaged after earthquake?","Evacuate if structural damage, don't re-enter until inspected."
"How do you communicate after earthquake?","Text messages often work when calls don't, use social media, have battery radio."
"What if cell towers damaged in earthquake?","Use landlines if available, have battery-powered radio for information."
"What if you're trapped after earthquake?","Don't shout unless you hear rescuers, tap on pipes, cover mouth from dust."
"How long should you expect aftershocks?","Major aftershocks possible for days to weeks, smaller ones for months."
"What if aftershock occurs during tsunami evacuation?","Continue evacuation, don't stop for aftershock unless in immediate danger."
"When is it safe to return after earthquake-tsunami?","Only when authorities give all-clear and tsunami threat has passed."
"What should you check first after returning from evacuation?","Gas leaks, structural damage, electrical hazards, water contamination."
"How do you inspect for earthquake damage?","Look for cracks, shifts, water/gas leaks, electrical damage, don't enter if unsafe."
"What if chimney damaged in earthquake?","Don't use fireplace, have professionally inspected before use."
"Should you clean up immediately after earthquake?","Photograph damage first for insurance, clean up hazards, wear protective gear."
"How do you document earthquake damage?","Photos/videos before cleanup, keep receipts, contact insurance immediately."
"What if utilities damaged in earthquake?","Don't use until professionally inspected, report outages to utility companies."
"How do you deal with earthquake trauma?","Expect emotional reactions, seek support, maintain routines, get professional help if needed."
"What emotional reactions are normal after earthquakes?","Fear of aftershocks, anxiety, sleep problems, difficulty concentrating."
"How do you help children cope with earthquake trauma?","Provide comfort, maintain routines, limit media exposure, answer questions honestly."
"What if you're afraid to go back inside after earthquake?","Normal reaction, stay in safe outdoor area, seek counseling support."
"How long does earthquake recovery take?","Days for utilities, weeks to months for repairs, years for major damage."
"What assistance is available after earthquake damage?","Insurance claims, FEMA disaster aid, SBA loans, local relief organizations."
"How do you make your home more earthquake resistant?","Bolt to foundation, secure water heater, install flexible gas connections, brace chimneys."
"What building materials are earthquake resistant?","Reinforced concrete, steel frame, engineered wood, flexible connections."
"Should you retrofit older homes for earthquakes?","Yes, especially in seismic zones, may qualify for grants or tax credits."
"What is base isolation for earthquake protection?","Building technique that allows structure to move independently of ground motion."
"How do you secure furniture for earthquakes?","Anchor tall furniture to walls, use safety latches on cabinets, secure electronics."
"What items should you secure in earthquake zones?","Water heater, bookcases, televisions, computers, artwork, mirrors."
"How do you earthquake-proof your water heater?","Strap to wall studs, install flexible gas and water connections."
"Should you have earthquake insurance?","Consider in seismic areas, standard homeowners insurance doesn't cover earthquake damage."
"What does earthquake insurance typically cover?","Structure repair, personal property replacement, additional living expenses."
"How do communities prepare for submarine earthquakes?","Building codes, emergency plans, public education, tsunami evacuation routes."
"What building codes address earthquake risk?","Seismic design standards, foundation requirements, structural connections, material specifications."
"How do schools prepare for earthquakes?","Practice drop-cover-hold drills, secure heavy objects, have emergency supplies, communication plans."
"What should workplaces do for earthquake preparedness?","Emergency plans, supply kits, secure equipment, designate safety coordinators, practice drills."
"How do hospitals prepare for earthquakes?","Seismic retrofits, backup power, medical supplies, patient evacuation plans, staff training."
"What role do building inspectors play after earthquakes?","Assess structural safety, issue red/yellow/green tags, determine occupancy safety."
"What are post-earthquake building tags?","Green (safe), yellow (limited entry), red (unsafe) placards indicating building condition."
"How do utilities prepare for earthquakes?","Automatic shutoff valves, flexible connections, backup systems, rapid repair capabilities."
"What is early earthquake warning system?","Network that detects P-waves and provides seconds of warning before strong shaking."
"How much warning does earthquake early warning provide?","Usually 10-60 seconds depending on distance from epicenter."
"What should you do when earthquake early warning received?","Immediately drop-cover-hold, stop elevators, pull over if driving."
"Can earthquake early warning prevent tsunami damage?","Helps with immediate earthquake response, but tsunami evacuation still required."
"What technology monitors submarine seismic activity?","Ocean bottom seismometers, hydrophone arrays, GPS buoys, satellite monitoring."
"What is DART system for tsunami detection?","Deep-ocean Assessment and Reporting of Tsunamis - buoys that detect pressure changes."
"How do scientists study submarine earthquake patterns?","Historical records, geological evidence, seafloor mapping, continuous monitoring."
"What is paleoseismology?","Study of prehistoric earthquakes using geological and archaeological evidence."
"How do submarine fault systems work?","Tectonic plates moving past, over, or under each other, storing and releasing energy."
"What are subduction zones?","Areas where ocean plate slides under continental plate, creating major earthquake risk."
"Why are subduction zone earthquakes dangerous for tsunamis?","Large vertical seafloor displacement pushes massive amounts of water upward."
"What is a tsunami earthquake?","Earthquake that generates disproportionately large tsunami for its magnitude."
"How do slow-slip earthquakes relate to tsunamis?","Usually don't generate tsunamis but may increase stress for larger events."
"What is earthquake clustering in time and space?","Tendency for earthquakes to occur in groups rather than randomly."
"Can human activities trigger submarine earthquakes?","Rarely, but offshore drilling, mining, or fluid injection might influence small events."
"How does climate change affect earthquake-tsunami risk?","May influence earthquake patterns through ice loading changes and sea level effects."
"What international cooperation exists for earthquake-tsunami warning?","Global seismic networks, data sharing agreements, coordinated warning systems."
"How do different countries coordinate tsunami warnings?","Regional warning centers, standardized alert systems, communication protocols."
"What research improves earthquake-tsunami science?","Better understanding of fault behavior, improved modeling, enhanced monitoring technology."
"How do you stay informed about earthquake-tsunami risks?","Local emergency management, geological surveys, news sources, warning apps."
"What apps provide earthquake information?","USGS Earthquake Hazards, emergency alert apps, local warning systems."
"Should you trust social media for earthquake information?","Only verified official sources, ignore rumors and unconfirmed reports."
"How do you teach earthquake safety to others?","Practice drills, share official information, demonstrate proper techniques, emphasize preparedness."
"What myths about earthquakes should you ignore?","Standing in doorways, earthquake weather, animal prediction, small quakes preventing big ones."
"Can animals predict earthquakes?","No reliable evidence, don't depend on animal behavior for earthquake warning."
"Is there such thing as earthquake weather?","No, weather conditions don't influence earthquake occurrence."
"Do small earthquakes prevent larger ones?","No, small earthquakes release insignificant energy compared to major events."
"What is the triangle of life earthquake myth?","Debunked theory, drop-cover-hold is the proven safe response."
"How do you prepare visitors for earthquake risk?","Inform about procedures, show evacuation routes, ensure they have emergency information."
"What if earthquake occurs during large gathering?","Follow venue emergency procedures, help others drop-cover-hold, evacuate if directed."
"Should you stockpile supplies for earthquake season?","Earthquakes unpredictable, maintain year-round emergency supplies and preparedness."
"How do you maintain earthquake preparedness long-term?","Regular drills, supply rotation, plan updates, continued education, staying informed."
"What is most important earthquake safety rule?","Drop-cover-hold during shaking, then evacuate immediately if at coast."
"What should everyone in earthquake zones know?","Drop-cover-hold technique, evacuation routes, emergency kit location, family communication plan."
"How do you remember earthquake response basics?","Practice makes permanent - regular drills make correct response automatic."
"What is key message about earthquake-tsunami preparedness?","Seconds matter - know what to do immediately for both earthquake and tsunami response."
"Question","Answer"
"What is a deep-focus earthquake?","An earthquake occurring at depths greater than 300 km, usually within subducting slabs."
"Can deep-focus earthquakes generate tsunamis?","Rarely, because vertical seafloor displacement is usually minimal."
"What is a slow-slip or silent earthquake?","A gradual movement along a fault that releases energy over days or weeks without strong shaking."
"Can slow-slip earthquakes trigger tsunamis?","Indirectly, by increasing stress on nearby faults that may produce a tsunamigenic quake."
"What is a multi-segment rupture earthquake?","When multiple fault segments rupture in a single event, potentially increasing tsunami magnitude."
"Can strike-slip earthquakes generate tsunamis?","Rarely, unless accompanied by vertical displacement or underwater landslides."
"What is submarine landslide-induced tsunami?","A tsunami triggered by sudden underwater sediment movement rather than fault displacement."
"How does bathymetry affect tsunami waves?","Ocean floor topography can amplify or focus waves, increasing local inundation risk."
"What are wave trains in tsunamis?","Series of tsunami waves following initial wave, sometimes more destructive than the first wave."
"Can tsunamis enter enclosed bays or harbors?","Yes, wave resonance can amplify heights and increase flooding in confined areas."
"What is a seiche in relation to tsunamis?","Standing wave in enclosed water bodies triggered by seismic activity or distant tsunamis."
"How do tsunami waves change as they approach shallow water?","Wavelength shortens, amplitude increases, and wave speed decreases."
"What is inundation mapping?","Mapping predicted flood zones to determine potential tsunami impact and evacuation routes."
"How accurate are tsunami travel time predictions?","Usually accurate within minutes to tens of minutes depending on modeling and data quality."
"What is the limitation of tsunami early-warning systems?","Cannot predict exact local wave height, timing, or secondary hazards like landslides."
"Can false alarms affect tsunami response?","Yes, repeated false alarms may reduce public compliance during actual events."
"How do international warning centers coordinate?","Through global seismic networks, regional alerts, and standardized communication protocols."
"What role do local authorities play in tsunami warnings?","They issue evacuation orders, manage shelters, and coordinate first responders."
"How should people with disabilities evacuate during a tsunami?","Use personalized evacuation plans, accessible routes, and seek assistance from trained helpers."
"What is multi-hazard preparedness?","Planning for simultaneous hazards, e.g., earthquake followed by tsunami or storm surge."
"How should coastal schools prepare for tsunamis?","Conduct regular drills, establish safe zones, and educate students on warning signs."
"What is crowd management during tsunami evacuation?","Organizing large groups to move efficiently to high ground without panic or bottlenecks."
"How do urban and rural evacuation strategies differ?","Urban areas require vertical evacuation and traffic control; rural areas focus on distance to high ground."
"What is vertical evacuation?","Moving to higher floors of reinforced buildings when high ground is unavailable."
"How should temporary shelters be managed post-tsunami?","Provide food, water, medical care, sanitation, and psychological support."
"Which port facilities are most vulnerable to tsunamis?","Low-lying docks, container terminals, marinas, and ferry terminals."
"How can port infrastructure be made tsunami-resistant?","Elevated docks, breakwaters, flexible mooring systems, and emergency shutdown plans."
"What materials are suitable for tsunami-resistant construction?","Reinforced concrete, steel frames, and flexible foundations designed to withstand water force."
"Should coastal houses be retrofitted for tsunamis?","Yes, using elevated floors, strong anchoring, and breakaway walls for flooding zones."
"How does tsunami modeling help scientists?","Predicts wave propagation, arrival times, and inundation areas for early warning and planning."
"What is paleotsunami evidence?","Sediment layers, fossil deposits, and historical records indicating past tsunami events."
"How is GPS monitoring used in tsunami prediction?","Measures subtle land deformation and ocean surface displacement to assess tsunami risk."
"What is InSAR monitoring?","Satellite-based radar to detect ground movement along faults, aiding earthquake and tsunami assessment."
"How do submarine fault systems interact to trigger tsunamis?","Stress transfer between faults can cause cascading ruptures and larger tsunamis."
"Can underwater volcanic eruptions generate tsunamis?","Yes, sudden displacement of water from eruptions or collapse of volcanic slopes."
"How do meteorite impacts in oceans relate to tsunamis?","They can displace large volumes of water, creating waves similar to tsunamis."
"What is the most dangerous tsunami wave for coastal areas?","The first wave may be small, but subsequent waves can be higher and more destructive."
"How are tsunami wave heights measured?","Using tide gauges, DART buoys, and satellite altimetry."
"What is a tsunami travel-time chart?","Map showing predicted arrival times of tsunami waves at various coastal locations."
"Why is local knowledge important for tsunami preparedness?","Residents familiar with signs like sudden sea withdrawal can evacuate before warnings arrive."
"What early signs of tsunami should people watch for?","Strong earthquake, unusual sea withdrawal, loud ocean roar, unusual animal behavior."
"Can animals predict tsunamis?","No reliable scientific evidence, though some may react to vibrations."
"How do coastal forests protect against tsunamis?","Mangroves and trees dissipate wave energy and reduce inland flooding."
"What are breakwaters used for in tsunami mitigation?","Offshore structures reduce wave energy before reaching the shore."
"What is beach nourishment for tsunami risk?","Adding sand to beaches to buffer waves and reduce coastal flooding."
"How do dunes help mitigate tsunami impact?","Absorb wave energy and prevent inland penetration."
"What are living shorelines?","Using natural materials like oyster reefs and vegetation to reduce erosion and wave impact."
"How does sediment supply affect tsunami damage?","Adequate sediment buffers reduce erosion and wave energy inland."
"Can underwater landslides be triggered by earthquakes?","Yes, shaking can destabilize sediments and generate secondary tsunamis."
"How do tsunami wave speeds vary with water depth?","Faster in deep water, slower in shallow coastal zones."
"What is tsunami run-up?","Maximum vertical height a tsunami reaches onshore."
"What is tsunami inundation distance?","Maximum horizontal distance a tsunami travels inland."
"How do tsunami-resistant roads help evacuations?","Elevated or reinforced roads allow safe and rapid evacuation during flooding."
"How should emergency communication systems be designed for tsunamis?","Redundant, multi-channel (sirens, SMS, apps), and battery-backed."
"What role does social media play in tsunami preparedness?","Disseminates verified alerts quickly, educates public, coordinates volunteers."
"How do you validate tsunami warnings from apps or social media?","Check official sources like NOAA, PTWC, or local authorities before acting."
"What is the importance of community drills for tsunami preparedness?","Familiarizes residents with routes, reduces panic, and improves response times."
"How are tsunami inundation maps created?","Using bathymetry, topography, historical data, and computer simulations."
"How does urban planning reduce tsunami risk?","Setbacks, land-use zoning, evacuation infrastructure, and vertical evacuation structures."
"Can climate change affect tsunami risk?","Indirectly, by increasing storm surges, sea-level rise, and coastal instability."
"What is a tsunami evacuation vertical zone?","Designated floors in buildings safe from flooding when high ground is unavailable."
"What are tsunami hazard zones?","Areas prone to tsunami inundation, usually identified by historical events and modeling."
"How should disabled individuals be assisted during tsunamis?","Personal evacuation plans, buddy systems, accessible routes, trained responders."
"What is a tsunami ready community?","Community meeting FEMA criteria for preparedness, drills, education, and communication."
"How should schools conduct tsunami evacuation drills?","Practice routes, designate safe zones, educate staff/students, and evaluate procedures."
"What is the difference between local and distant tsunamis?","Local tsunamis arrive within minutes, distant tsunamis take hours to reach coastlines."
"How do you calculate tsunami travel time?","Based on wave speed (sqrt of gravity × depth) and distance to shore."
"What is the role of DART buoys?","Measure pressure changes in ocean to detect tsunamis early and relay data to warning centers."
"How do underwater earthquakes differ from coastal earthquakes?","Location under ocean, potential to generate tsunamis, and less direct shaking on land."
"What is a tsunami earthquake?","An earthquake that generates disproportionately large tsunami relative to its magnitude."
"How are tsunami evacuation routes determined?","Based on topography, population density, hazard zones, and access to high ground."
"What should tourists know about tsunamis in coastal areas?","Recognize natural warnings, know evacuation routes, and follow local authority instructions."
"How does public education reduce tsunami casualties?","Increases awareness, improves evacuation compliance, and teaches hazard recognition."
"How do tsunami simulations help authorities?","Predict wave heights, inundation areas, and plan emergency response and infrastructure."
"What is the importance of redundant evacuation paths?","Ensures safe escape if primary routes are blocked or congested."
"What should be included in community tsunami preparedness plans?","Early warning, evacuation, shelters, first aid, public education, and recovery strategy."
"What are the psychological impacts of tsunamis?","Trauma, anxiety, depression, and stress, requiring mental health support."
"How should communities address post-tsunami trauma?","Counseling, community support programs, and continued education on preparedness."
"Can repeated tsunamis affect long-term settlement patterns?","Yes, communities may relocate, alter infrastructure, or change land use planning."
"How can technology improve tsunami resilience?","Real-time monitoring, predictive modeling, mobile alerts, GIS mapping, and smart evacuation systems."
"What is tsunami inundation modeling for urban areas?","Simulating wave penetration, flooding depth, and critical infrastructure impact in cities."
"How do international tsunami drills improve preparedness?","Coordinate cross-border responses, test early warning systems, and educate the public."
"What research is ongoing in tsunami science?","Fault behavior studies, sediment transport, wave modeling, early warning tech, and risk assessment."
"What is the role of citizen science in tsunami monitoring?","Reporting unusual ocean activity, assisting in drills, and contributing local observations."
"Question","Answer"
"What should you do during multiple simultaneous hazards?","Assess all threats, prioritize life safety, follow official guidance, and adapt evacuation plans accordingly."
"How do you prepare for compound disasters like earthquake and flood together?","Have layered emergency plans, multiple evacuation routes, waterproof storage for essentials, and stay informed via multiple alert sources."
"What legal considerations exist during disaster evacuations?","Follow official evacuation orders, understand local emergency powers, and comply with curfews or road closures."
"How do international or cross-border communities coordinate disaster response?","Coordinate with neighboring countries' agencies, share alerts, participate in joint drills, and follow standardized warning protocols."
"How should workplaces plan for temporary or migrant staff during disasters?","Include all personnel in emergency plans, provide multilingual instructions, assign safety buddies, and ensure evacuation assistance for visitors."
"How can cyberattacks affect emergency warning systems?","Alerts may be delayed or disabled; have backup communication methods like radio, ham radio, or community runners."
"How do you prepare for seasonal hazards during disasters?","Adjust emergency kits and shelters for heat, cold, or storms; plan hydration, heating, cooling, and clothing accordingly."
"How do you ensure disaster warnings reach non-English speakers?","Translate alerts into local languages, use pictograms, community volunteers, and multilingual apps."
"What if community members depend on public transportation during evacuation?","Identify accessible evacuation options, arrange buses or shuttles, and communicate pickup points in advance."
"How do you plan for isolated or transportation-limited households?","Coordinate with neighbors, local agencies, or volunteer networks to ensure assistance during evacuation."
"What unique precautions exist for hospitals during compound hazards?","Surge capacity planning, backup power for life-support, multiple evacuation routes, and coordination with other medical facilities."
"How can disaster alerts reach people with hearing impairments during simultaneous hazards?","Use vibrating devices, visual alerts, captioned TV, and community notification networks."
"What considerations exist for temporary shelters during extreme seasonal events?","Ensure adequate heating/cooling, sufficient water, and backup power for lighting and medical devices."
"How should financial preparedness adapt for compound disasters?","Keep multiple forms of cash, backup digital records, and insurance covering multiple hazard types."
"How do you maintain social media reliability during overlapping disasters?","Follow official accounts, cross-check information, and report misinformation promptly."
"How should schools prepare for students during compound disasters?","Have layered evacuation plans, backup communication with parents, and adequate shelter supplies for extended periods."
"How do emergency operations centers handle simultaneous hazards?","Activate multi-hazard protocols, coordinate with multiple agencies, prioritize critical services, and maintain real-time situational awareness."
"How can communities coordinate with vulnerable populations during compound hazards?","Maintain updated registries, pre-arrange transportation, and communicate through multiple accessible channels."
"How should pet owners prepare for simultaneous disasters?","Have extra food, water, medications, carriers, and identify pet-friendly shelters for prolonged emergencies."
"How can backup power systems handle compound hazards?","Ensure generators can run essential devices for extended periods, have fuel stored safely, and maintain regular testing."
"How do disaster kits change for extreme seasonal conditions?","Include extra blankets for cold, hydration packs for heat, waterproof storage for flooding, and layered clothing."
"How should emergency communications adapt during multiple hazards?","Use redundant systems like text, radio, sirens, social media, and in-person messengers to ensure everyone is reached."
"What training should volunteers receive for multi-hazard scenarios?","Scenario-based drills covering simultaneous hazards, priority triage, communication under stress, and evacuation logistics."
"How do authorities manage traffic during simultaneous evacuations?","Coordinate alternate routes, prioritize emergency vehicles, and communicate real-time updates via multiple channels."
"How do insurance policies address compound disasters?","Check coverage for multiple hazards, understand exclusions, and maintain documentation for claims."
"What steps ensure community credibility in warnings during overlapping disasters?","Provide clear instructions, transparent reasoning, frequent updates, and multilingual accessible information."
"How can mental health support be provided during compound disasters?","Deploy counselors to shelters, provide hotline numbers, and maintain support for first responders and community members."
"How do rural communities handle multi-hazard events?","Pre-position emergency supplies, establish local communication networks, and plan for longer response times."
"How should businesses adjust continuity plans for simultaneous hazards?","Diversify suppliers, backup critical data off-site, and ensure staff safety plans include compound disaster scenarios."
"Question","Answer"
"What is the first step when coordinating a marine rescue operation?","Establish communication with coast guard, confirm victim location using GPS coordinates, and assess weather and sea conditions."
"How do you report a vessel in distress to maritime authorities?","Use VHF radio channel 16, provide vessel name, location, nature of emergency, number of people aboard, and any immediate dangers."
"What information is critical when establishing a coastal emergency shelter?","Location accessibility, capacity limits, proximity to medical facilities, structural integrity against ocean storms, and evacuation routes."
"How should rescue teams prioritize multiple ocean emergency calls?","Assess immediate life threat level, number of people involved, proximity to rescue resources, and weather window availability."
"What are the key elements of a marine search and rescue coordination center?","24/7 communication capability, weather monitoring, vessel tracking systems, resource deployment coordination, and inter-agency liaison."
"How do you establish effective communication during ocean rescue operations?","Use multiple radio frequencies, satellite communication backup, establish relay stations, and maintain contact with all rescue units."
"What should be included in a coastal evacuation shelter supply inventory?","First aid supplies, emergency food and water, blankets, battery-powered radios, flashlights, and backup power systems."
"How do rescue coordinators manage resources during large-scale ocean emergencies?","Create resource tracking systems, establish staging areas, coordinate with multiple agencies, and maintain equipment readiness logs."
"What is the protocol for reporting hazardous ocean conditions to authorities?","Contact coast guard with specific location, type of hazard, severity level, affected area size, and potential impact on maritime traffic."
"How do you coordinate between air and sea rescue units?","Establish common communication frequencies, define search sectors, coordinate timing to avoid conflicts, and share real-time position data."
"What are the essential components of a maritime emergency response plan?","Command structure, communication protocols, resource allocation, evacuation procedures, and inter-agency coordination guidelines."
"How should emergency shelters near coastlines be positioned for maximum safety?","Above flood zones, away from cliff edges, accessible by multiple routes, with structural reinforcement against high winds."
"What information must be gathered when receiving a marine distress call?","Caller identity, vessel details, exact location, nature of emergency, number of persons, available safety equipment, and immediate hazards."
"How do you coordinate medical evacuation from vessels at sea?","Assess patient condition, determine helicopter landing capability, coordinate with medical facilities, and prepare transfer equipment."
"What are the key factors in establishing an effective ocean rescue staging area?","Proximity to incident, equipment access, communication capability, helicopter landing zone, and protected from weather."
"How should rescue teams document ocean emergency responses?","Record timeline of events, resources deployed, personnel involved, actions taken, outcomes achieved, and lessons learned."
"What is the process for coordinating international waters rescue operations?","Contact appropriate maritime rescue coordination centers, follow international SAR conventions, coordinate jurisdictional responsibilities."
"How do you manage volunteer resources during coastal emergency operations?","Screen volunteers, provide basic training, assign specific roles, maintain supervision, and ensure safety protocols compliance."
"What communication systems are essential for ocean rescue coordination?","VHF marine radio, satellite phones, emergency position beacons, cellular networks, and amateur radio backup systems."
"How should emergency responders assess ocean rescue scene safety?","Evaluate weather conditions, sea state, visibility, hazardous materials presence, and structural stability of vessels or platforms."
"What are the protocols for coordinating with commercial vessels during rescue operations?","Broadcast assistance requests, coordinate approach vectors, establish communication protocols, and define specific assistance roles."
"How do you establish effective command and control during ocean emergencies?","Designate incident commander, establish command post, create communication hierarchy, and implement unified command structure."
"What supplies should be pre-positioned for ocean rescue operations?","Life rafts, rescue boats, medical equipment, communication devices, survival gear, and helicopter landing equipment."
"How do you coordinate shore-based support for ocean rescue missions?","Establish shore command post, coordinate logistics, manage family notifications, prepare medical facilities, and organize media relations."
"What are the key considerations for ocean rescue in severe weather?","Wind speed limits, wave height restrictions, visibility requirements, hypothermia risk, and available weather windows."
"How should rescue coordinators handle multiple simultaneous ocean emergencies?","Prioritize by life safety threat, allocate resources efficiently, establish multiple command posts if needed, and coordinate mutual aid."
"What information should be included in ocean hazard reporting systems?","Location coordinates, hazard type and severity, time observed, reporting source, affected area, and recommended actions."
"How do you coordinate helicopter rescue operations over water?","Establish flight corridors, coordinate with marine units below, manage fuel requirements, and prepare alternate landing sites."
"What are the essential elements of inter-agency coordination during ocean rescues?","Common communication protocols, unified command structure, resource sharing agreements, and jurisdictional clarity."
"How should emergency shelters accommodate people rescued from ocean incidents?","Provide hypothermia treatment, psychological support, contact with families, temporary clothing, and medical evaluation."
"What are the protocols for coordinating with military assets during ocean rescues?","Request through proper channels, define mission parameters, establish communication procedures, and coordinate operational control."
"How do you manage information flow during large-scale ocean emergency responses?","Establish information officer, create regular briefing schedules, maintain accurate logs, and coordinate public information release."
"What safety measures should be implemented for rescue personnel during ocean operations?","Personal flotation devices, safety lines, hypothermia protection, communication devices, and buddy system protocols."
"How do you coordinate evacuation of coastal areas during ocean-related emergencies?","Establish evacuation zones, coordinate transportation, manage traffic flow, open emergency shelters, and maintain communication."
"What are the key components of a marine casualty investigation following rescue operations?","Document scene conditions, interview survivors and witnesses, collect physical evidence, and analyze response effectiveness."
"How should rescue teams prepare for extended ocean search operations?","Plan crew rotation schedules, ensure adequate supplies, establish rest areas, maintain equipment readiness, and coordinate weather monitoring."
"What protocols exist for requesting international assistance during ocean emergencies?","Contact national maritime authority, follow diplomatic channels, specify assistance needed, and coordinate operational integration."
"How do you establish effective liaison with port authorities during ocean rescues?","Designate liaison officers, establish communication protocols, coordinate vessel traffic management, and arrange port facilities access."
"What are the essential elements of ocean rescue training programs?","Water rescue techniques, communication procedures, equipment operation, safety protocols, and inter-agency coordination."
"How should emergency coordinators manage public information during ocean rescue operations?","Designate information officer, establish regular briefings, coordinate with media, protect victim privacy, and maintain accuracy."
"What factors determine the selection of rescue methods for ocean emergencies?","Victim condition, sea conditions, available resources, time constraints, and environmental hazards."
"How do you coordinate medical support for ocean rescue operations?","Pre-position medical teams, establish treatment areas, coordinate helicopter medical evacuation, and prepare hospitals."
"What are the protocols for handling hazardous materials during ocean rescue operations?","Identify materials, establish safety zones, coordinate specialist teams, implement decontamination procedures, and protect rescue personnel."
"How should rescue coordinators manage fatigue during extended ocean operations?","Implement crew rotation, monitor personnel condition, provide rest facilities, maintain nutrition, and enforce safety limits."
"What communication procedures should be followed when rescue operations cross jurisdictional boundaries?","Notify all affected authorities, establish unified command, coordinate communication protocols, and clarify operational responsibilities."
"How do you establish effective coordination with fishing vessels during rescue operations?","Broadcast requests on fishing frequencies, coordinate approach procedures, provide specific instructions, and maintain safety protocols."
"What are the key elements of post-rescue medical triage for ocean incident victims?","Assess hypothermia, evaluate injuries, check for near-drowning, monitor vital signs, and prioritize treatment needs."
"How should emergency managers coordinate supplies for extended ocean rescue operations?","Establish supply chains, coordinate transportation, manage inventory, arrange resupply schedules, and maintain equipment readiness."
"What protocols exist for coordinating ocean rescue operations during severe weather?","Monitor weather windows, adjust operational tempo, prioritize highest-risk cases, and coordinate alternative response methods."
"How do you manage coordination between different rescue agency communication systems?","Establish common frequencies, use liaison personnel, implement communication protocols, and ensure interoperability."
"What are the essential elements of victim tracking during ocean rescue operations?","Assign unique identifiers, maintain location logs, coordinate transportation, update status regularly, and notify families."
"How should rescue teams coordinate with oil platform operators during emergencies?","Establish direct communication, coordinate evacuation procedures, utilize platform resources, and ensure personnel safety."
"What factors should be considered when establishing ocean rescue helicopter operations?","Landing zone safety, fuel requirements, weather limits, coordination with surface units, and medical evacuation capability."
"How do you coordinate salvage operations with active rescue missions?","Prioritize life safety, coordinate operational areas, manage resource conflicts, and sequence operations appropriately."
"What are the protocols for coordinating with cruise ship operators during emergencies?","Establish communication, coordinate passenger evacuation, utilize ship resources, and manage large-scale rescue logistics."
"How should emergency coordinators manage family information during ocean rescue operations?","Establish family assistance center, provide regular updates, coordinate with social services, and maintain privacy protection."
"What are the key elements of ocean rescue equipment maintenance programs?","Regular inspection schedules, replacement protocols, training requirements, storage procedures, and readiness verification."
"How do you coordinate night operations during ocean rescue missions?","Use proper lighting, coordinate position marking, maintain communication, implement enhanced safety measures, and manage visibility challenges."
"What protocols should be followed for ocean rescue operations in protected marine areas?","Coordinate with environmental agencies, minimize ecological impact, follow access procedures, and document environmental considerations."
"How do you establish effective coordination during ocean rescue operations involving multiple nations?","Follow international agreements, establish communication protocols, coordinate jurisdictional issues, and share resources appropriately."
"What are the essential elements of ocean rescue operation debriefing procedures?","Document response timeline, evaluate effectiveness, identify improvement areas, recognize successful actions, and update procedures."
"How should rescue coordinators handle media relations during ongoing ocean emergencies?","Designate spokesperson, schedule regular briefings, protect operational security, maintain victim privacy, and provide accurate information."
"What factors determine resource allocation priorities during multiple ocean rescue operations?","Life safety threat level, number of victims, rescue probability, available resources, and operational time windows."
"How do you coordinate with marine traffic control during rescue operations?","Establish safety zones, coordinate vessel movement, manage traffic flow, provide navigation warnings, and ensure rescue area security."
"What are the protocols for coordinating ocean rescue operations near offshore installations?","Contact installation operators, coordinate safety procedures, utilize available resources, and manage operational conflicts."
"How should emergency managers establish coordination with recreational boating communities?","Use marina networks, coordinate with boating associations, provide emergency procedures, and establish volunteer programs."
"What are the key elements of ocean rescue communication redundancy planning?","Multiple communication methods, backup power systems, alternate frequencies, satellite capability, and equipment duplication."
"How do you coordinate psychological support services for ocean rescue victims and families?","Deploy counseling teams, establish support areas, coordinate with social services, provide crisis intervention, and arrange follow-up care."
"What protocols exist for coordinating ocean rescue operations during holiday periods?","Increase staffing levels, coordinate with tourism agencies, prepare for higher incident rates, and ensure resource availability."
"How should rescue teams coordinate with port security during emergency operations?","Establish liaison, coordinate access procedures, manage security protocols, and ensure operational integration."
"What are the essential elements of ocean rescue operations quality assurance programs?","Performance metrics, response time analysis, outcome evaluation, training effectiveness, and continuous improvement processes."
"How do you establish effective coordination with maritime insurance investigators during rescue operations?","Maintain operational security, coordinate evidence preservation, provide appropriate access, and protect investigation integrity."
"What factors should be considered when coordinating ocean rescue operations in remote areas?","Communication challenges, resource distance, weather impact, fuel requirements, and logistical support needs."
"How should emergency coordinators manage volunteer boat operators during rescue missions?","Screen qualifications, provide briefings, assign specific roles, maintain supervision, and ensure safety compliance."
"What are the protocols for coordinating ocean rescue operations with environmental monitoring agencies?","Share hazard information, coordinate response procedures, monitor environmental impact, and implement protection measures."
"How do you coordinate medical helicopter operations with surface rescue units?","Establish flight corridors, coordinate timing, manage patient transfer, ensure landing zone safety, and maintain communication."
"What are the key elements of ocean rescue operation cost tracking and documentation?","Resource utilization logs, personnel time records, equipment usage, operational expenses, and recovery billing procedures."
"How should rescue coordinators handle coordination with foreign-flagged vessels during emergencies?","Follow international protocols, coordinate with flag state authorities, establish communication, and provide assistance guidance."
"What protocols exist for coordinating ocean rescue operations during adverse visibility conditions?","Use radar and GPS navigation, implement enhanced safety procedures, coordinate positioning carefully, and maintain communication."
"How do you establish effective coordination with marine research vessels during rescue operations?","Contact research institutions, coordinate operational areas, utilize available resources, and manage scientific mission impacts."
"What are the essential elements of ocean rescue training coordination between agencies?","Common training standards, joint exercises, certification requirements, resource sharing, and performance evaluation."
"How should emergency managers coordinate with coastal community leaders during ocean rescue operations?","Establish liaison, coordinate local resources, manage community concerns, provide information updates, and utilize local knowledge."
"What factors determine the establishment of forward operating bases during ocean rescue missions?","Proximity to incident, resource accessibility, communication capability, safety considerations, and logistical support requirements."
"How do you coordinate ocean rescue operations with marine sanctuary management?","Follow access protocols, coordinate with sanctuary staff, minimize environmental impact, and document activities appropriately."
"What are the protocols for managing ocean rescue operations during severe weather advisories?","Monitor weather updates, adjust operational procedures, prioritize safety, coordinate alternative methods, and maintain readiness."
"How should rescue teams coordinate with commercial shipping companies during emergency operations?","Establish communication protocols, coordinate vessel assistance, manage operational areas, and ensure safety procedures."
"What are the key elements of ocean rescue equipment standardization between agencies?","Common specifications, interoperability requirements, maintenance standards, training compatibility, and procurement coordination."
"How do you establish effective coordination with marine patrol units during rescue operations?","Define operational boundaries, coordinate patrol activities, share information, utilize patrol resources, and maintain communication."
"What protocols exist for coordinating ocean rescue operations involving hazardous weather phenomena?","Monitor conditions continuously, establish safety parameters, coordinate timing, prioritize victim safety, and maintain flexibility."
"How should emergency coordinators manage public safety during visible ocean rescue operations?","Establish safety perimeters, manage spectator crowds, coordinate with law enforcement, provide public information, and ensure operational security."
"What are the essential elements of inter-agency resource sharing agreements for ocean rescue?","Resource availability commitments, activation procedures, cost sharing arrangements, operational control protocols, and performance standards."
"How do you coordinate ocean rescue operations with marine construction projects?","Contact project managers, coordinate operational areas, utilize available resources, manage construction activity, and ensure safety."
"What factors should be considered when establishing ocean rescue communication networks?","Coverage requirements, equipment compatibility, power systems, maintenance needs, and operational redundancy."
"How should rescue teams coordinate with marine biology research during emergency operations?","Coordinate with research teams, utilize scientific resources, minimize research impact, and share relevant information."
"What are the protocols for coordinating ocean rescue operations during marine events and festivals?","Increase preparation levels, coordinate with event organizers, position resources strategically, and maintain enhanced readiness."
"How do you establish effective coordination with tugboat operators during rescue missions?","Contact marine services, coordinate assistance capabilities, manage operational areas, and utilize specialized equipment."
"What are the key elements of ocean rescue operation environmental impact assessment?","Document activities, assess ecological effects, implement mitigation measures, coordinate with environmental agencies, and maintain compliance."
"How should emergency managers coordinate with maritime labor unions during rescue operations?","Establish liaison, coordinate worker safety, utilize available resources, and manage labor relations considerations."
"What protocols exist for coordinating ocean rescue operations with naval training exercises?","Contact naval authorities, coordinate operational areas, manage training impacts, and ensure safety procedures."
"How do you coordinate ocean rescue documentation with legal requirements?","Maintain detailed records, follow evidence procedures, coordinate with legal authorities, and ensure documentation completeness."
"What are the essential elements of ocean rescue operation security protocols?","Access control, information security, operational security, personnel verification, and threat assessment procedures."
"How should rescue coordinators handle coordination with maritime academies during emergency operations?","Contact academy officials, coordinate training vessel assistance, utilize student resources appropriately, and ensure safety."
"What factors determine the coordination of ocean rescue operations with tide and current conditions?","Timing considerations, drift calculations, operational windows, safety factors, and resource positioning requirements."
"How do you establish effective coordination with marine fuel suppliers during extended rescue operations?","Contact suppliers, coordinate delivery procedures, manage fuel logistics, ensure safety protocols, and maintain supply chains."
"What are the protocols for coordinating ocean rescue operations with marine weather services?","Establish communication, coordinate forecast updates, share operational information, and utilize weather expertise."
"How should emergency teams coordinate with marine electronics specialists during rescue operations?","Contact technical support, coordinate equipment repair, utilize specialized knowledge, and maintain communication systems."
"What are the key elements of ocean rescue operation performance measurement systems?","Response time metrics, success rates, resource utilization, cost effectiveness, and quality indicators."
"How do you coordinate ocean rescue operations with marine archaeological sites?","Contact archaeological authorities, coordinate site protection, minimize impact, and follow preservation procedures."
"What protocols exist for managing ocean rescue operations during marine pollution incidents?","Coordinate with environmental agencies, implement safety procedures, manage contamination risks, and protect rescue personnel."
"How should rescue coordinators establish coordination with marine insurance companies?","Maintain operational independence, coordinate information sharing, manage investigation access, and protect operational security."
"What are the essential elements of ocean rescue volunteer management programs?","Recruitment procedures, training requirements, certification standards, deployment protocols, and recognition systems."
"How do you coordinate ocean rescue operations with marine traffic monitoring systems?","Utilize tracking data, coordinate with traffic centers, share operational information, and manage vessel movement."
"What factors should be considered when establishing ocean rescue mutual aid agreements?","Resource capabilities, response distances, activation procedures, cost sharing, and operational compatibility."
"How should emergency managers coordinate with coastal engineering projects during rescue operations?","Contact project managers, coordinate operational access, utilize available resources, and manage project impacts."
"What are the protocols for coordinating ocean rescue operations with marine radio networks?","Establish communication procedures, coordinate frequency usage, utilize network resources, and maintain radio protocols."
"How do you establish effective coordination with marine emergency medical services?","Define response protocols, coordinate medical capabilities, establish treatment procedures, and maintain medical readiness."
"What are the key elements of ocean rescue operation technology integration?","System compatibility, data sharing, communication integration, equipment standardization, and technological redundancy."
"How should rescue teams coordinate with marine pilot services during emergency operations?","Contact pilot associations, coordinate local knowledge, utilize navigation expertise, and manage operational areas."
"What protocols exist for coordinating ocean rescue operations during marine research activities?","Contact research coordinators, coordinate operational areas, minimize research impact, and share relevant information."
"How do you coordinate ocean rescue equipment procurement with multiple agencies?","Establish common specifications, coordinate purchasing power, manage inventory sharing, and standardize equipment."
"What are the essential elements of ocean rescue operation budget management?","Cost tracking systems, resource allocation, expense documentation, recovery procedures, and budget reporting."
"How should emergency coordinators establish coordination with marine environmental groups?","Build relationships, coordinate information sharing, utilize local knowledge, and manage environmental concerns."
"What factors determine the coordination of ocean rescue operations with commercial fishing activities?","Seasonal patterns, fishing grounds, vessel availability, communication protocols, and safety procedures."
"How do you coordinate ocean rescue operations with marine maintenance and repair services?","Contact service providers, coordinate technical support, utilize specialized equipment, and manage repair priorities."
"What are the protocols for managing ocean rescue operations during marine construction activities?","Coordinate with contractors, manage operational areas, utilize available resources, and ensure construction safety."
"How should rescue teams establish coordination with marine fuel delivery services?","Contact suppliers, coordinate delivery schedules, manage fuel logistics, ensure safety protocols, and maintain supply security."
"What are the key elements of ocean rescue operation data management systems?","Information collection, data storage, analysis capabilities, reporting functions, and data security measures."
"How do you coordinate ocean rescue operations with marine telecommunications providers?","Establish communication priorities, coordinate service restoration, manage communication requirements, and ensure connectivity."
"What protocols exist for coordinating ocean rescue operations with marine transportation systems?","Coordinate vessel scheduling, manage passenger impacts, utilize transportation resources, and ensure operational continuity."
"How should emergency managers coordinate with marine education institutions during rescue operations?","Contact institutional authorities, coordinate student involvement, utilize educational resources, and ensure safety protocols."
"What are the essential elements of ocean rescue operation legal compliance programs?","Regulatory requirements, legal documentation, compliance monitoring, violation procedures, and legal consultation."
"How do you establish effective coordination with marine cargo handling facilities during rescue operations?","Contact facility managers, coordinate operational access, utilize available resources, and manage cargo operations."
"What factors should be considered when coordinating ocean rescue operations with marine tourism activities?","Tourist safety, evacuation procedures, communication protocols, resource allocation, and operational impacts."
"How should rescue coordinators handle coordination with marine historical preservation during emergency operations?","Contact preservation authorities, coordinate site protection, minimize historical impact, and follow preservation procedures."
"What are the protocols for coordinating ocean rescue operations with marine communication systems?","Establish communication priorities, coordinate system usage, manage frequency allocation, and ensure communication security."
"How do you coordinate ocean rescue training programs with marine industry partnerships?","Establish training agreements, coordinate resource sharing, develop joint programs, and maintain industry relationships."
"What are the key elements of ocean rescue operation public information management?","Information accuracy, release timing, media coordination, public safety messaging, and transparency requirements."
"How should emergency teams coordinate with marine logistics providers during extended rescue operations?","Contact logistics companies, coordinate supply chains, manage delivery schedules, and ensure operational continuity."
"What protocols exist for managing ocean rescue operations during marine technology demonstrations?","Coordinate with technology providers, manage demonstration areas, utilize available resources, and ensure operational safety."
"How do you establish effective coordination with marine safety equipment manufacturers during rescue operations?","Contact manufacturers, coordinate technical support, utilize product expertise, and manage equipment requirements."
"What are the essential elements of ocean rescue operation community outreach programs?","Public education, community partnerships, volunteer recruitment, awareness campaigns, and feedback mechanisms."
"How should rescue coordinators coordinate with marine survey operations during emergency missions?","Contact survey companies, coordinate operational areas, utilize available resources, and manage survey impacts."
"What factors determine the establishment of ocean rescue operation staging areas?","Location accessibility, resource requirements, communication needs, safety considerations, and operational efficiency."
"How do you coordinate ocean rescue operations with marine renewable energy projects?","Contact project operators, coordinate operational areas, utilize available resources, and manage energy system impacts."
"What are the protocols for coordinating ocean rescue operations with marine environmental monitoring?","Share monitoring data, coordinate response procedures, implement environmental protection, and maintain monitoring continuity."
"How should emergency managers establish coordination with marine emergency response contractors?","Develop contractor agreements, coordinate response procedures, maintain contractor readiness, and ensure performance standards."
"What are the key elements of ocean rescue operation quality control systems?","Performance standards, monitoring procedures, evaluation methods, corrective actions, and continuous improvement."
"How do you coordinate ocean rescue operations with marine scientific research vessels?","Contact research coordinators, coordinate operational areas, utilize scientific resources, and minimize research disruption."
"What protocols exist for managing ocean rescue operations during marine protected area activities?","Follow protection protocols, coordinate with area managers, minimize environmental impact, and maintain area integrity."
"How should rescue teams coordinate with marine meteorological services during operations?","Establish weather communication, coordinate forecast updates, share operational data, and utilize meteorological expertise."
"What are the essential elements of ocean rescue operation international cooperation agreements?","Cooperation frameworks, resource sharing, communication protocols, operational procedures, and diplomatic coordination."
"How do you establish effective coordination with marine emergency shelter providers?","Identify shelter locations, coordinate capacity management, establish supply procedures, and maintain readiness standards."
"What factors should be considered when coordinating ocean rescue operations with marine patrol aircraft?","Flight coordination, communication procedures, search patterns, safety protocols, and operational integration."
"How should emergency coordinators manage coordination with marine emergency food services during rescue operations?","Contact food service providers, coordinate supply delivery, manage distribution logistics, and ensure food safety."
"What are the protocols for coordinating ocean rescue operations with marine communication relay systems?","Establish relay procedures, coordinate communication paths, manage system capacity, and ensure communication reliability."
"How do you coordinate ocean rescue documentation requirements with regulatory agencies?","Understand documentation standards, maintain required records, coordinate agency reporting, and ensure compliance."
"What are the key elements of ocean rescue operation equipment testing and evaluation programs?","Testing protocols, performance standards, evaluation criteria, documentation requirements, and improvement recommendations."
"How should rescue teams establish coordination with marine emergency transportation services?","Contact transport providers, coordinate evacuation procedures, manage passenger logistics, and ensure transportation safety."
"What protocols exist for managing ocean rescue operations during marine hazardous material incidents?","Implement safety procedures, coordinate specialist response, manage contamination risks, and protect personnel safety."
"How do you coordinate ocean rescue operations with marine emergency power systems?","Contact power providers, coordinate system deployment, manage power requirements, and ensure system reliability."
"What are the essential elements of ocean rescue operation personnel safety management systems?","Safety protocols, risk assessment, protective equipment, training requirements, and incident reporting procedures."
"How should emergency managers coordinate with marine emergency medical transport during rescue operations?","Coordinate medical evacuation, manage patient transport, ensure medical equipment availability, and maintain medical protocols."
"What factors determine the coordination of ocean rescue operations with marine salvage companies?","Operational priorities, resource requirements, safety protocols, cost considerations, and environmental protection."
"How do you establish effective coordination with marine emergency shelter management during rescue operations?","Contact shelter managers, coordinate capacity planning, manage resource allocation, and ensure shelter readiness."
"What are the protocols for coordinating ocean rescue operations with marine emergency fuel suppliers?","Establish fuel priorities, coordinate delivery procedures, manage fuel logistics, and ensure fuel safety."
"How should rescue coordinators handle coordination with marine emergency equipment rental services?","Contact rental companies, coordinate equipment availability, manage deployment logistics, and ensure equipment readiness."
"What are the key elements of ocean rescue operation environmental protection procedures?","Environmental assessment, protection measures, impact mitigation, regulatory compliance, and restoration planning."
"How do you coordinate ocean rescue operations with marine emergency communication backup systems?","Establish backup procedures, coordinate system activation, manage communication priorities, and ensure system reliability."
"What protocols exist for managing ocean rescue operations coordination with marine emergency supply chains?","Establish supply priorities, coordinate delivery schedules, manage inventory levels, and ensure supply continuity."
"How should emergency teams coordinate with marine emergency waste management during rescue operations?","Contact waste management services, coordinate disposal procedures, manage waste logistics, and ensure environmental compliance."
"What are the essential elements of ocean rescue operation coordination with marine emergency security services?","Establish security protocols, coordinate access control, manage security threats, and ensure operational security."
"How do you establish effective coordination with marine emergency maintenance services during rescue operations?","Contact maintenance providers, coordinate repair priorities, manage maintenance logistics, and ensure operational continuity."
"What factors should be considered when coordinating ocean rescue operations with marine emergency transportation networks?","Network capacity, transportation priorities, coordination procedures, safety protocols, and operational integration."
"How should rescue coordinators manage coordination with marine emergency information systems during operations?","Establish information protocols, coordinate data sharing, manage information security, and ensure system reliability."
"What are the protocols for coordinating ocean rescue operations with marine emergency training facilities?","Utilize training resources, coordinate facility access, manage training schedules, and maintain training readiness."
"How do you coordinate ocean rescue equipment maintenance with marine emergency repair services?","Establish maintenance schedules, coordinate repair procedures, manage equipment availability, and ensure maintenance quality."
"What are the key elements of ocean rescue operation coordination with marine emergency logistics management?","Logistics planning, resource coordination, supply chain management, distribution procedures, and operational efficiency."
"How should emergency managers establish coordination with marine emergency public health services during rescue operations?","Contact health authorities, coordinate health assessments, manage health risks, and ensure public health protection."
"What protocols exist for managing ocean rescue operations coordination with marine emergency social services?","Coordinate victim services, manage family assistance, provide social support, and ensure service continuity."
"How do you coordinate ocean rescue operations with marine emergency environmental services?","Coordinate environmental assessment, manage environmental risks, implement protection measures, and ensure environmental compliance."
"What are the essential elements of ocean rescue operation coordination with marine emergency legal services?","Legal compliance, documentation requirements, liability management, regulatory coordination, and legal consultation."
"How should rescue teams establish coordination with marine emergency financial services during operations?","Coordinate funding sources, manage operational costs, establish billing procedures, and ensure financial accountability."
"What factors determine the coordination of ocean rescue operations with marine emergency technology support?","Technology requirements, support availability, deployment procedures, maintenance needs, and operational integration."
"How do you establish effective coordination with marine emergency volunteer organizations during rescue operations?","Coordinate volunteer deployment, manage volunteer activities, provide volunteer support, and ensure volunteer safety."
"What are the protocols for coordinating ocean rescue operations with marine emergency research and development services?","Coordinate technology deployment, manage research activities, utilize research resources, and support innovation development."
"How should emergency coordinators manage coordination with marine emergency international aid organizations during rescue operations?","Coordinate international assistance, manage aid distribution, ensure operational coordination, and maintain diplomatic protocols."
"Question","Answer"
"How does ocean warming contribute to more intense tropical storms?","Warmer ocean temperatures provide more energy for storm formation, leading to stronger winds, heavier rainfall, and more rapid intensification."
"What is rapid intensification in storms and how is climate change affecting it?","Rapid intensification occurs when storm winds increase by 35 mph or more in 24 hours, becoming more common due to warmer ocean temperatures and atmospheric conditions."
"How are marine heatwaves becoming more frequent due to climate change?","Rising ocean temperatures create prolonged periods of unusually warm water that can last weeks or months, disrupting marine ecosystems and weather patterns."
"What unusual ocean phenomena are emerging due to climate change?","Unprecedented algal blooms, extreme marine heatwaves, abnormal current patterns, unexpected storm tracks, and novel ecosystem disruptions."
"How does ocean acidification affect coastal hazard preparedness?","Ocean acidification weakens coral reefs and shellfish beds that naturally protect coastlines, increasing vulnerability to wave damage and storm surge."
"What role does Arctic ice loss play in global ocean hazard patterns?","Arctic ice loss disrupts global ocean circulation, potentially altering storm tracks, intensifying weather patterns, and affecting coastal currents worldwide."
"How are storm seasons changing due to climate change effects?","Storm seasons are becoming longer, starting earlier, ending later, and producing more intense storms outside traditional peak periods."
"What is the relationship between climate change and rogue wave formation?","Changing wind patterns and ocean temperatures may increase the likelihood of extreme wave conditions that generate dangerous rogue waves."
"How do changing ocean currents affect regional hazard risks?","Altered currents can shift storm paths, change coastal erosion patterns, affect local climate conditions, and redistribute marine hazards geographically."
"What adaptation strategies help coastal communities prepare for intensified ocean hazards?","Improved early warning systems, resilient infrastructure design, ecosystem-based protection, flexible evacuation plans, and community education programs."
"How does the Atlantic Meridional Overturning Circulation weakening affect ocean hazards?","AMOC weakening can intensify regional storms, alter precipitation patterns, affect coastal temperatures, and change storm development areas."
"What are compound climate events and how do they increase ocean hazard risks?","Compound events combine multiple hazards like high tides, storms, and heavy rainfall simultaneously, creating more severe impacts than individual events."
"How is climate change affecting the intensity of ocean upwelling events?","Changing wind patterns and ocean temperatures alter upwelling strength, affecting marine ecosystems and potentially creating new hazardous conditions."
"What long-term infrastructure adaptations are needed for changing ocean hazards?","Elevated structures, improved drainage systems, flexible seawalls, nature-based barriers, and infrastructure designed for multiple hazard scenarios."
"How do temperature anomalies in ocean waters create new hazard patterns?","Unusual temperature distributions can spawn storms in unexpected locations, alter their paths, and create unprecedented marine conditions."
"What role does ocean stratification play in storm intensification?","Increased ocean stratification due to warming can concentrate heat near the surface, providing more energy for storm development and intensification."
"How are precipitation patterns changing over oceans due to climate effects?","Climate change is creating more extreme precipitation events, longer dry periods, and shifting rainfall patterns that affect ocean-atmosphere interactions."
"What adaptation measures can ports implement for changing ocean hazards?","Flexible port designs, improved drainage, elevated infrastructure, enhanced weather monitoring, and diversified supply chain routes."
"How does climate change affect the predictability of ocean hazards?","Changing baseline conditions make historical patterns less reliable, requiring updated forecasting models and adaptive prediction systems."
"What are the implications of changing storm tracks for coastal planning?","Communities may face hazards they haven't experienced before, requiring updated risk assessments, new preparation strategies, and expanded warning systems."
"How do marine ecosystem changes influence ocean hazard development?","Ecosystem disruptions can alter local weather patterns, affect natural coastal protection, and create new sources of marine hazards."
"What role does atmospheric river intensification play in coastal hazards?","Climate change is making atmospheric rivers more intense, bringing extreme precipitation and flooding to coastal areas previously less affected."
"How can early warning systems adapt to evolving ocean hazard patterns?","Incorporate climate projections, use machine learning for pattern recognition, expand monitoring networks, and develop scenario-based alert systems."
"What is the connection between global temperature rise and extreme wave heights?","Higher temperatures create more energetic weather systems that can generate larger waves and more extreme sea states."
"How are thermocline changes affecting ocean hazard formation?","Deeper, more stable thermoclines concentrate surface heat, providing more energy for storm development and potentially altering storm characteristics."
"What adaptation strategies address the uncertainty of future ocean hazard patterns?","Flexible infrastructure design, adaptive management approaches, scenario planning, resilient ecosystems, and robust early warning systems."
"How does climate change affect the frequency of extreme high tide events?","Rising baseline sea levels combined with changing storm patterns increase the frequency and severity of extreme high tide flooding."
"What are the implications of changing ocean pH levels for coastal hazards?","Ocean acidification weakens natural coastal defenses like coral reefs and shellfish beds, increasing vulnerability to wave action and storms."
"How can coastal communities build resilience to unprecedented ocean events?","Develop adaptive capacity, maintain ecosystem health, create flexible infrastructure, enhance monitoring systems, and build community preparedness."
"What role does changing salinity play in ocean hazard development?","Altered salinity patterns affect ocean density and circulation, potentially changing storm formation areas and intensity patterns."
"How are extreme weather events over oceans becoming more frequent?","Warmer conditions provide more energy for extreme events, leading to increased frequency of intense storms, heatwaves, and unusual weather patterns."
"What long-term monitoring systems are needed for evolving ocean hazards?","Expanded buoy networks, satellite monitoring, autonomous underwater vehicles, coastal radar systems, and integrated data platforms."
"How does ice sheet melting contribute to changing ocean hazard patterns?","Freshwater from melting ice affects ocean circulation, potentially altering storm tracks, intensifying regional weather, and creating new hazard zones."
"What are the challenges of adapting building codes for changing ocean hazards?","Updating standards for uncertain future conditions, balancing costs with benefits, addressing regional variations, and ensuring regulatory compliance."
"How do changing wind patterns over oceans affect hazard development?","Altered wind patterns can shift storm formation areas, change storm tracks, affect wave generation, and create new areas of marine hazards."
"What role does ocean deoxygenation play in creating new marine hazards?","Oxygen-depleted zones can kill marine life, create toxic conditions, and potentially affect local weather patterns and coastal conditions."
"How can ecosystem-based adaptation help address changing ocean hazards?","Healthy ecosystems provide natural protection, adapt to changing conditions, offer flexible defense systems, and support community resilience."
"What are the economic implications of adapting to intensified ocean hazards?","Higher infrastructure costs, increased insurance rates, economic disruption, but also opportunities for resilient development and green technologies."
"How does climate change affect the timing of seasonal ocean hazards?","Traditional seasonal patterns are shifting, with hazards occurring earlier, later, or outside normal seasons, requiring adaptive planning approaches."
"What role do feedback loops play in accelerating ocean hazard changes?","Positive feedback loops can accelerate warming, intensify storms, and create cascading effects that amplify ocean hazard risks."
"How can coastal wetlands be managed to address changing ocean hazards?","Protect existing wetlands, restore degraded areas, allow natural migration, manage sediment flow, and integrate with coastal defense systems."
"What are the implications of changing storm surge patterns for coastal design?","New surge heights and directions require updated flood maps, revised building standards, and modified coastal protection systems."
"How does climate change affect the formation of oceanic dead zones?","Warming and changing nutrient flows expand oxygen-depleted areas, potentially creating new marine hazards and affecting coastal conditions."
"What adaptation strategies help fishing communities cope with changing ocean hazards?","Diversified livelihoods, flexible fishing practices, improved weather information, alternative income sources, and community support systems."
"How are climate models being improved to predict evolving ocean hazards?","Incorporating more data sources, improving resolution, adding feedback mechanisms, and using artificial intelligence for better predictions."
"What role does ocean-atmosphere coupling play in hazard intensification?","Stronger coupling between warming oceans and atmosphere can create more intense weather systems and feedback loops that amplify hazards."
"How can insurance systems adapt to changing ocean hazard risks?","Dynamic risk assessment, updated actuarial models, climate-informed pricing, incentives for adaptation, and innovative risk transfer mechanisms."
"What are the challenges of international cooperation on evolving ocean hazards?","Coordinating different national interests, sharing data and resources, addressing transboundary impacts, and developing common standards."
"How does climate change affect the speed of storm movement?","Some studies suggest storms may be moving more slowly, leading to prolonged impacts, increased rainfall totals, and extended hazard exposure."
"What role do natural climate cycles play in ocean hazard changes?","Climate change interacts with natural cycles like El Niño, potentially amplifying or modifying their effects on ocean hazard patterns."
"How can coastal tourism adapt to changing ocean hazard patterns?","Flexible seasonal planning, improved weather monitoring, resilient infrastructure, alternative activities, and visitor education programs."
"What are the implications of changing deep ocean currents for surface hazards?","Deep current changes can affect surface temperatures, storm formation, and regional climate patterns, creating new hazard distributions."
"How does climate change affect the relationship between tides and storm impacts?","Higher baseline sea levels amplify tidal effects, making high tide flooding more common and storm surge impacts more severe."
"What adaptation measures help shipping industries cope with changing ocean hazards?","Route flexibility, improved weather forecasting, resilient vessel design, alternative ports, and enhanced communication systems."
"How are scientists studying unprecedented ocean events caused by climate change?","Using advanced monitoring systems, computer modeling, historical analysis, real-time data collection, and international research collaboration."
"What role does permafrost thaw play in ocean hazard changes?","Thawing permafrost releases carbon and freshwater, potentially affecting ocean circulation, storm patterns, and coastal stability."
"How can coastal agriculture adapt to changing ocean-influenced hazards?","Salt-tolerant crops, improved drainage, protective barriers, diversified farming, and climate-resilient agricultural practices."
"What are the implications of changing ocean color due to climate effects?","Ocean color changes indicate ecosystem shifts that can affect local weather, marine productivity, and potentially hazard patterns."
"How does climate change affect the formation of waterspouts and ocean tornadoes?","Changing temperature gradients and atmospheric conditions may alter the frequency and intensity of these marine weather phenomena."
"What role do microplastics play in ocean hazard development?","While primarily an environmental issue, microplastics may affect ocean physics and potentially influence small-scale weather patterns."
"How can emergency management systems adapt to evolving ocean hazard patterns?","Flexible response plans, updated risk assessments, improved forecasting, community education, and adaptive resource allocation."
"What are the challenges of protecting cultural heritage sites from changing ocean hazards?","Balancing preservation with adaptation, limited resources, complex decision-making, and uncertainty about future conditions."
"How does climate change affect the interaction between rivers and coastal hazards?","Changing precipitation patterns affect river flow, potentially creating compound flooding events when combined with coastal storms."
"What role does cloud seeding play in managing changing ocean-related weather?","While experimental, cloud seeding might help manage precipitation patterns and potentially influence storm development over oceans."
"How can coastal transportation systems adapt to changing ocean hazards?","Elevated infrastructure, alternative routes, improved materials, flexible scheduling, and enhanced monitoring systems."
"What are the implications of changing ocean wave energy for coastal protection?","Higher wave energy requires stronger coastal defenses, but also creates opportunities for wave energy generation and natural protection."
"How does climate change affect the formation of fog and visibility hazards over oceans?","Changing temperature gradients may alter fog formation patterns, creating new navigation hazards and affecting coastal conditions."
"What adaptation strategies help coastal energy infrastructure cope with changing hazards?","Resilient design standards, elevated installations, diversified energy sources, improved cooling systems, and flexible operations."
"How are marine protected areas being managed for changing ocean hazards?","Adaptive management approaches, climate-resilient design, ecosystem connectivity, and integration with hazard mitigation planning."
"What role does geoengineering play in managing ocean hazard changes?","Proposed techniques include ocean alkalinization and marine cloud brightening, but these remain experimental with uncertain effects."
"How can coastal water treatment systems adapt to changing ocean hazards?","Elevated facilities, improved storm resistance, alternative water sources, enhanced treatment processes, and emergency backup systems."
"What are the implications of changing ocean noise levels for hazard detection?","Increased shipping and industrial activity may interfere with acoustic monitoring systems used for hazard detection and marine research."
"How does climate change affect the formation of ice storms in coastal areas?","Changing temperature patterns may alter the frequency and intensity of coastal ice storms in northern regions."
"What role do urban heat islands play in coastal ocean hazard development?","Coastal cities create temperature anomalies that may influence local weather patterns, storm development, and marine conditions."
"How can coastal waste management adapt to changing ocean hazards?","Storm-resistant facilities, elevated infrastructure, improved emergency procedures, and alternative waste processing methods."
"What are the challenges of maintaining coastal navigation aids during changing hazards?","More frequent storm damage, changing water levels, shifting channels, and increased maintenance requirements."
"How does climate change affect the timing of ice breakup and coastal hazards?","Earlier ice breakup in polar regions may create new hazard patterns, affect navigation, and alter coastal protection."
"What adaptation strategies help coastal communities maintain access during extreme events?","Multiple transportation routes, amphibious vehicles, improved communication, emergency supplies, and flexible evacuation plans."
"How are coastal groundwater systems affected by changing ocean hazards?","Saltwater intrusion increases with higher sea levels and storms, requiring adapted water management and treatment systems."
"What role does artificial intelligence play in predicting evolving ocean hazards?","AI helps analyze complex patterns, process large datasets, identify emerging trends, and improve forecasting accuracy for changing conditions."
"How can coastal recreation areas adapt to changing ocean hazard patterns?","Flexible facility design, improved warning systems, alternative activities, seasonal adjustments, and visitor education programs."
"What are the implications of changing ocean currents for marine debris patterns?","Altered currents may change where debris accumulates, creating new coastal hazards and affecting cleanup strategies."
"How does climate change affect the formation of coastal upwelling and downwelling?","Changing wind patterns may alter upwelling locations and intensity, affecting local marine conditions and weather patterns."
"What adaptation measures help coastal hospitals prepare for changing ocean hazards?","Emergency backup systems, elevated critical facilities, improved communication, alternative access routes, and enhanced surge capacity."
"How are coastal forests being managed for changing ocean hazard resistance?","Species selection for salt tolerance, strategic planting for wind protection, ecosystem connectivity, and adaptive forest management."
"What role do tide gauges play in monitoring changing ocean hazard patterns?","Modern tide gauge networks provide real-time data on sea level changes, storm surge heights, and long-term trends."
"How can coastal mining operations adapt to changing ocean hazards?","Flexible operations schedules, improved storm protection, alternative transportation, enhanced monitoring, and emergency response plans."
"What are the challenges of coordinating regional responses to changing ocean hazards?","Different national policies, varying adaptation capacities, shared resources, communication barriers, and conflicting priorities."
"How does climate change affect the formation of coastal low-pressure systems?","Changing temperature gradients may alter where and how coastal storms develop, potentially creating new hazard patterns."
"What adaptation strategies help coastal schools prepare for evolving ocean hazards?","Resilient building design, flexible academic calendars, emergency communication systems, alternative locations, and student safety protocols."
"How are coastal bird migration patterns indicating changes in ocean hazards?","Shifting migration routes and timing can indicate changing wind patterns, storm frequencies, and oceanic conditions."
"What role do coastal dunes play in adapting to changing ocean hazards?","Dunes provide natural protection that can adapt to changing conditions, but require management for sea level rise and increased storms."
"How can coastal manufacturing adapt to changing ocean hazard patterns?","Resilient facility design, flexible supply chains, alternative transportation, improved forecasting, and emergency response capabilities."
"What are the implications of changing ocean chemistry for coastal infrastructure?","Ocean acidification and changing chemistry may accelerate corrosion of coastal infrastructure, requiring new materials and designs."
"How does climate change affect the formation of coastal boundary layer phenomena?","Changes in temperature gradients affect atmospheric conditions that influence local weather, wind patterns, and hazard development."
"What adaptation measures help coastal elderly care facilities prepare for changing hazards?","Enhanced evacuation procedures, backup power systems, medical supply management, communication systems, and staff training programs."
"How are coastal sand patterns changing due to evolving ocean hazards?","Stronger storms and changing wave patterns alter sediment transport, affecting beach profiles and coastal protection."
"What role do coastal vegetation changes play in hazard adaptation?","Vegetation shifts can indicate climate impacts and affect natural coastal protection, requiring adaptive landscape management."
"How can coastal religious and cultural sites adapt to changing ocean hazards?","Respectful protection measures, community involvement, flexible ceremonies, alternative locations, and cultural continuity planning."
"What are the challenges of maintaining coastal communication systems during evolving hazards?","More frequent storm damage, saltwater corrosion, power outages, and need for redundant systems and enhanced protection."
"How does climate change affect the formation of coastal wind patterns?","Changing temperature gradients alter local wind systems, potentially affecting storm development, wave generation, and hazard patterns."
"What adaptation strategies help coastal emergency services cope with changing hazard patterns?","Enhanced equipment, improved training, flexible deployment, alternative facilities, and inter-agency cooperation agreements."
"How are coastal property values being affected by changing ocean hazard awareness?","Increased awareness of climate risks affects real estate markets, insurance costs, and development patterns in hazard-prone areas."
"What role do coastal monitoring stations play in tracking hazard evolution?","Automated stations provide continuous data on changing conditions, helping track long-term trends and improve hazard prediction."
"How can coastal research facilities adapt to changing ocean hazard patterns?","Resilient infrastructure, flexible research programs, alternative data collection, enhanced protection, and collaborative networks."
"What are the implications of changing ocean surface roughness for hazard development?","Surface roughness affects wind-wave interactions, potentially altering storm intensification and wave generation patterns."
"How does climate change affect the timing of coastal biological processes?","Shifting biological cycles can indicate environmental changes and affect ecosystem-based coastal protection systems."
"What adaptation measures help coastal retail businesses prepare for evolving hazards?","Flexible inventory, improved forecasting, alternative suppliers, resilient facilities, and emergency business continuity plans."
"How are coastal fisheries adapting management practices for changing ocean hazards?","Flexible fishing seasons, alternative species focus, improved weather monitoring, resilient processing facilities, and adaptive quotas."
"What role do coastal citizen science programs play in monitoring hazard changes?","Community observers provide valuable data on local changes, helping track hazard evolution and improve early warning systems."
"How can coastal law enforcement adapt to changing ocean hazard patterns?","Enhanced marine capabilities, improved communication, flexible deployment, specialized training, and inter-agency coordination."
"What are the challenges of updating coastal zoning for changing ocean hazards?","Uncertain future conditions, property rights issues, economic impacts, political considerations, and technical complexity."
"How does climate change affect the formation of coastal atmospheric rivers?","Changing atmospheric patterns may alter the frequency, intensity, and tracks of atmospheric rivers affecting coastal areas."
"What adaptation strategies help coastal indigenous communities maintain traditional practices?","Flexible timing, alternative locations, ecosystem restoration, traditional knowledge integration, and community-based adaptation."
"How are coastal satellite monitoring systems tracking ocean hazard changes?","Advanced sensors monitor sea surface temperatures, wave heights, current patterns, and atmospheric conditions in real-time."
"What role do coastal partnerships play in adapting to changing ocean hazards?","Collaborative planning, resource sharing, knowledge exchange, coordinated responses, and integrated adaptation strategies."
"How can coastal renewable energy projects adapt to changing ocean hazard patterns?","Resilient design standards, flexible operations, improved forecasting, enhanced protection, and adaptive maintenance schedules."
"What are the implications of changing ocean turbulence for coastal hazard development?","Altered turbulence patterns may affect mixing, temperature distribution, and potentially influence local weather and storm formation."
"How does climate change affect the predictability of coastal weather extremes?","Changing baseline conditions reduce the reliability of historical patterns, requiring new forecasting approaches and uncertainty management."
"What adaptation measures help coastal public transportation systems cope with evolving hazards?","Alternative routes, amphibious capabilities, improved scheduling, enhanced communication, and emergency transportation protocols."
"How are coastal coral reef systems responding to changing ocean hazards?","Reefs face multiple stressors from warming, acidification, and storms, requiring active management and restoration efforts."
"What role do coastal early career researchers play in studying hazard evolution?","Young scientists bring new perspectives, advanced techniques, and energy to understanding rapidly changing coastal systems."
"How can coastal funeral and cemetery services adapt to changing ocean hazards?","Elevated facilities, alternative locations, flexible timing, improved protection, and cultural sensitivity in adaptation planning."
"What are the challenges of financing adaptation to changing ocean hazards?","High costs, uncertain returns, limited funding sources, competing priorities, and need for long-term investment strategies."
"How does climate change affect the formation of coastal precipitation patterns?","Altered atmospheric conditions change when, where, and how much precipitation falls in coastal areas, affecting multiple hazards."
"What adaptation strategies help coastal veterans' services prepare for evolving hazards?","Enhanced facilities, improved communication, alternative locations, specialized support, and emergency response capabilities."
"How are coastal universities contributing to research on changing ocean hazards?","Multidisciplinary research, student training, community partnerships, data collection, and knowledge translation efforts."
"What role do coastal building materials play in adapting to changing hazards?","Advanced materials resist saltwater, wind, and flooding while providing flexibility for uncertain future conditions."
"How can coastal childcare facilities adapt to changing ocean hazard patterns?","Enhanced safety protocols, flexible schedules, alternative locations, improved communication, and specialized evacuation procedures."
"What are the implications of changing ocean mixing for coastal hazard development?","Altered mixing patterns affect temperature distribution, nutrient cycling, and potentially local weather and storm characteristics."
"How does climate change affect the formation of coastal pressure systems?","Changing temperature gradients alter atmospheric pressure patterns, potentially affecting storm development and coastal weather."
"What adaptation measures help coastal libraries preserve collections during evolving hazards?","Climate-controlled storage, digitization projects, alternative locations, improved protection, and community access continuity."
"How are coastal geological surveys adapting to monitor changing ocean hazards?","Enhanced monitoring networks, new sensing technologies, improved modeling, and integration with climate change research."
"What role do coastal youth programs play in building resilience to changing hazards?","Education initiatives, skill building, community engagement, leadership development, and intergenerational knowledge transfer."
"How can coastal banks and financial services adapt to changing ocean hazard patterns?","Resilient facilities, alternative locations, improved risk assessment, flexible operations, and customer support during emergencies."
"What are the challenges of maintaining coastal historical records during evolving hazards?","Physical preservation, digitization needs, alternative storage, access continuity, and cultural heritage protection."
"How does climate change affect the interaction between coastal and inland weather systems?","Changing coastal conditions alter the boundary between marine and terrestrial weather, potentially affecting inland areas."
"What adaptation strategies help coastal pet care services prepare for changing hazards?","Emergency boarding facilities, evacuation procedures, mobile services, improved communication, and animal welfare protocols."
"How are coastal tide prediction systems adapting to changing ocean conditions?","Updated models, real-time corrections, climate projections, improved accuracy, and integration with storm surge forecasting."
"What role do coastal community gardens play in building resilience to changing hazards?","Food security, community cohesion, ecosystem services, education opportunities, and adaptive agriculture practices."
"How can coastal automotive services adapt to changing ocean hazard patterns?","Saltwater-resistant equipment, flexible operations, alternative locations, improved protection, and emergency vehicle services."
"What are the implications of changing ocean wave spectra for coastal engineering?","Different wave characteristics require updated design standards, new protection strategies, and revised coastal engineering approaches."
"How does climate change affect the formation of coastal convergence zones?","Altered temperature and pressure patterns change where air masses meet, potentially affecting local weather and hazard development."
"What adaptation measures help coastal pharmacies maintain services during evolving hazards?","Emergency supplies, alternative locations, improved communication, backup power, and medication access continuity."
"How are coastal environmental monitoring programs tracking ecosystem responses to changing hazards?","Long-term data collection, indicator species monitoring, habitat assessment, and integration with climate change research."
"What role do coastal small businesses play in community adaptation to changing hazards?","Economic resilience, flexible services, local knowledge, community support, and adaptive business practices."
"How can coastal places of worship adapt their facilities and services to changing ocean hazard patterns?","Resilient building design, flexible scheduling, alternative locations, community support roles, and emergency response capabilities."
"Question","Answer"
"चक्रवात क्या है?","कम दबाव केंद्र और तेज हवाओं वाली एक घूर्णन तूफान प्रणाली।"
"चक्रवात कैसे बनते हैं?","गर्म समुद्री पानी वाष्पित होता है, ऊपर उठता है, और कोरिओलिस प्रभाव के कारण घूमता है।"
"चक्रवात निर्माण के लिए कितना तापमान चाहिए?","कम से कम 26.5°C (80°F) समुद्री सतह का तापमान।"
"चक्रवात, टाइफून और हरिकेन में क्या अंतर है?","अलग-अलग क्षेत्रों में समान घटना: प्रशांत (टाइफून), अटलांटिक (हरिकेन), हिंद महासागर (चक्रवात)।"
"चक्रवात की आंख क्या है?","स्पष्ट आसमान और हल्की हवाओं के साथ शांत केंद्र।"
"आंख की दीवार क्या है?","सबसे तेज हवाओं के साथ आंख के चारों ओर तूफानी बादलों का वलय।"
"सर्पिल वर्षा पट्टियां क्या हैं?","केंद्र से फैली हुई बादलों और वर्षा की घुमावदार पट्टियां।"
"चक्रवातों को कैसे वर्गीकृत किया जाता है?","सेफिर-सिम्पसन या समान पैमानों का उपयोग करके अधिकतम निरंतर हवा की गति के आधार पर।"
"श्रेणी 5 हरिकेन क्या है?","252 km/h (157 mph) से अधिक हवाओं वाला तूफान।"
"अटलांटिक में चक्रवात का मौसम कब होता है?","1 जून से 30 नवंबर, अगस्त-अक्टूबर में चरम पर।"
"प्रशांत में टाइफून का मौसम कब होता है?","साल भर, लेकिन मई से अक्टूबर तक सबसे सक्रिय।"
"चक्रवातों की गति का कारण क्या है?","ऊपरी वायुमंडल में संचालन हवाएं और दबाव प्रणालियां।"
"चक्रवात आमतौर पर कितनी तेजी से चलते हैं?","15-25 km/h (10-15 mph) लेकिन बहुत भिन्न हो सकती है।"
"तूफानी लहर क्या है?","चक्रवातीय हवाओं द्वारा पानी को तट की ओर धकेलने से समुद्र तल में वृद्धि।"
"तूफानी लहर कितनी ऊंची हो सकती है?","चरम मामलों में 9 मीटर (30 फीट) तक।"
"चक्रवातों का सबसे खतरनाक पहलू क्या है?","तूफानी लहर और बाढ़ से सबसे अधिक मृत्यु होती है।"
"चक्रवातों को कैसे ट्रैक किया जाता है?","उपग्रह, विमान टोही, मौसम बोया, और रडार।"
"हरिकेन हंटर क्या है?","डेटा एकत्र करने के लिए तूफान में उड़ने वाले विशेष रूप से सुसज्जित विमान।"
"चक्रवात पूर्वानुमान कितने सटीक हैं?","ट्रैक पूर्वानुमान 5 दिन बाहर 70% सटीक, तीव्रता की भविष्यवाणी करना कठिन।"
"अनिश्चितता का शंकु क्या है?","संभावित पथ क्षेत्र जो दिखाता है कि तूफान का केंद्र कहां जा सकता है।"
"ट्रैकिंग के लिए कौन सी तकनीक का उपयोग किया जाता है?","डॉप्लर रडार, उपग्रह, बोया, ड्रॉपसॉन्ड, और कंप्यूटर मॉडल।"
"पूर्वानुमान कितनी बार अपडेट किए जाते हैं?","आधिकारिक तौर पर हर 6 घंटे, तेज बदलाव के दौरान अधिक बार।"
"तीव्र तेजी क्या है?","24 घंटों में हवा की गति में 55 km/h (35 mph) की वृद्धि।"
"तीव्र तेजी का कारण क्या है?","बहुत गर्म पानी, कम हवा का कतरनी, और अनुकूल वायुमंडलीय स्थितियां।"
"हवा की कतरनी क्या है?","ऊंचाई के साथ हवा की गति या दिशा में परिवर्तन जो तूफान को कमजोर कर सकता है।"
"चक्रवात वॉच कब जारी किए जाते हैं?","उष्णकटिबंधीय तूफान की स्थितियों की अपेक्षा से 48 घंटे पहले।"
"चक्रवात चेतावनी कब जारी की जाती है?","उष्णकटिबंधीय तूफान की स्थितियों की अपेक्षा से 36 घंटे पहले।"
"उष्णकटिबंधीय तूफान चेतावनी क्या है?","36 घंटों के भीतर 63-118 km/h (39-73 mph) हवाओं की अपेक्षा।"
"हरिकेन चेतावनी क्या है?","36 घंटों के भीतर 119+ km/h (74+ mph) हवाओं की अपेक्षा।"
"वॉच जारी होने पर आपको क्या करना चाहिए?","तैयारियां पूरी करें और आदेश मिलने पर निकासी के लिए तैयार रहें।"
"चेतावनी जारी होने पर आपको क्या करना चाहिए?","तत्काल कार्रवाई करें, तैयारियां पूरी करें, आदेश मिलने पर निकासी करें।"
"हमें आमतौर पर कितनी अग्रिम चेतावनी मिलती है?","ट्रैक के लिए 3-5 दिन, विशिष्ट तीव्रता के लिए 1-2 दिन।"
"तूफानी लहर चेतावनी क्या है?","36 घंटों के भीतर जीवन-घातक बाढ़ की अपेक्षा।"
"चक्रवात चेतावनी कौन जारी करता है?","राष्ट्रीय मौसम विज्ञान सेवाएं जैसे NHC, JMA, या स्थानीय मौसम कार्यालय।"
"चक्रवात सलाह में क्या जानकारी होती है?","स्थान, तीव्रता, गति, चेतावनी, वॉच, और खतरे।"
"निकासी क्षेत्र कैसे निर्धारित किए जाते हैं?","तूफानी लहर जोखिम, ऊंचाई, पानी से दूरी, और बचने के मार्ग।"
"अनिवार्य निकासी क्या है?","जीवन-घातक स्थितियों के कारण एक क्षेत्र छोड़ने का कानूनी आदेश।"
"आपको हवा या पानी के लिए निकासी करनी चाहिए?","पानी से निकासी (तूफानी लहर/बाढ़), हवा से आश्रय।"
"तूफानी लहर के लिए सबसे अधिक संवेदनशील क्षेत्र कौन से हैं?","निचले तटीय क्षेत्र, अवरोधक द्वीप, और मुहाने।"
"आपको कितनी जल्दी निकासी करनी चाहिए?","उष्णकटिबंधीय तूफान की हवाओं के आने से पहले, जब सड़कें अभी भी सुरक्षित हों।"
"यदि आप निकासी नहीं कर सकते तो क्या करें?","सबसे ऊंची मंजिल पर जाएं, खिड़कियों से दूर रहें, आपातकालीन आपूर्ति रखें।"
"आपके हरिकेन किट में क्या होना चाहिए?","पानी, भोजन, फ्लैशलाइट, रेडियो, बैटरी, प्राथमिक चिकित्सा, दवाएं।"
"आपको कितना पानी स्टोर करना चाहिए?","कम से कम 3 दिनों के लिए प्रति व्यक्ति प्रति दिन 1 गैलन।"
"आपको कितना भोजन स्टोर करना चाहिए?","प्रति व्यक्ति 3-दिन की न खराब होने वाले भोजन की आपूर्ति।"
"आपको कौन सी दवाएं तैयार करनी चाहिए?","नुस्खे और बिना नुस्खे वाली दवाओं की 7-दिन की आपूर्ति।"
"क्या आपको बाथटब को पानी से भरना चाहिए?","हां, यदि उपयोगिताएं बंद हो जाएं तो धोने और सफाई के लिए।"
"आपको कौन से दस्तावेजों की सुरक्षा करनी चाहिए?","बीमा कागजात, पहचान पत्र, बैंक रिकॉर्ड को पनरोधी कंटेनर में।"
"आपको अपने घर की सुरक्षा कैसे करनी चाहिए?","शटर लगाएं, ढीली वस्तुओं को सुरक्षित करें, पेड़ों की छंटाई करें, छत की जांच करें।"
"क्या आपको खिड़कियों पर टेप लगाना चाहिए?","नहीं, टेप टूटने से नहीं रोकता और खतरनाक टुकड़े बनाता है।"
"बाहरी फर्नीचर के साथ आपको क्या करना चाहिए?","अंदर लाएं या मजबूती से बांधें ताकि वे मिसाइल न बनें।"
"आप अपनी कार कैसे तैयार करते हैं?","पूरा गैस टैंक, टायर चेक करें, आपातकालीन किट, निकासी मार्ग मैप किया हुआ।"
"क्या आपको नकदी निकालनी चाहिए?","हां, तूफान के बाद ATM और क्रेडिट कार्ड सिस्टम बंद हो सकते हैं।"
"आप पालतू जानवरों को कैसे तैयार करते हैं?","कैरियर, भोजन, पानी, दवाएं, टीकाकरण रिकॉर्ड, पहचान टैग।"
"यदि आश्रय पालतू जानवरों को स्वीकार नहीं करते?","क्षेत्र के बाहर पालतू-अनुकूल होटल या दोस्तों के साथ पहले से योजना बनाएं।"
"आप महत्वपूर्ण कागजातों की सुरक्षा कैसे करते हैं?","पनरोधी कंटेनर या क्लाउड स्टोरेज बैकअप।"
"क्या आपको अंतर्देशीय मित्रों के साथ रहना चाहिए?","हां, यदि संभव हो और आपके स्थान से अधिक सुरक्षित हो।"
"शेल्टर-इन-प्लेस क्या है?","निकासी के बजाय अपने घर या भवन में रहना।"
"शेल्टर इन प्लेस कब सुरक्षित है?","तूफानी लहर और बाढ़ क्षेत्रों से दूर मजबूत भवन में।"
"चक्रवात के दौरान कौन सा कमरा सबसे सुरक्षित है?","सबसे निचली मंजिल पर आंतरिक कमरा, खिड़कियों से दूर।"
"क्या आपको दबाव बराबर करने के लिए खिड़कियां खोलनी चाहिए?","नहीं, यह एक मिथक है जो हवा की क्षति का जोखिम बढ़ाता है।"
"बिजली चली जाने पर आपको क्या करना चाहिए?","फ्लैशलाइट का उपयोग करें, मोमबत्तियां नहीं; पड़ोसियों की जांच करें; फोन की बैटरी बचाएं।"
"क्या आप चक्रवात की आंख के दौरान बाहर जा सकते हैं?","नहीं, हवाएं विपरीत दिशा से बिना चेतावनी के तेजी से वापस आती हैं।"
"चक्रवात के दौरान बाहर जाना कब सुरक्षित है?","तब तक कभी नहीं जब तक अधिकारी तूफान पूरी तरह गुजरने के बाद सभी स्पष्ट न दे दें।"
"चक्रवात के दौरान टॉर्नेडो चेतावनी जारी होने पर क्या करें?","सबसे निचली मंजिल पर आंतरिक कमरे में जाएं, खिड़कियों से बचें।"
"चक्रवात के दौरान आप कैसे सूचित रहते हैं?","बैटरी/हैंड-क्रैंक रेडियो, सेल फोन अलर्ट, मौसम रेडियो।"
"चक्रवात के दौरान सेल सेवा खोने पर क्या करें?","टेक्स्ट मैसेज की कोशिश करें, वे अक्सर काम करते हैं जब कॉल नहीं करती।"
"क्या आपको चक्रवात के दौरान घर के अंदर जेनरेटर का उपयोग करना चाहिए?","कभी नहीं, वे घातक कार्बन मोनोऑक्साइड गैस पैदा करते हैं।"
"चक्रवात के दौरान कार्बन मोनोऑक्साइड विषाक्तता से कैसे बचें?","कभी भी घर के अंदर जेनरेटर, ग्रिल, या कैंप स्टोव का उपयोग न करें।"
"चक्रवात के दौरान बाढ़ शुरू होने पर क्या करें?","तुरंत ऊंचे स्थान पर जाएं, बाढ़ के पानी से कभी न गुजरें।"
"चक्रवात के दौरान कितना गहरा पानी आपको बहा सकता है?","बहते पानी के केवल 6 इंच आपको गिरा सकते हैं।"
"चक्रवात के दौरान कितना गहरा पानी कार को हिला सकता है?","12 इंच अधिकांश कारों को तैरा सकता है, 18 इंच उन्हें बहा सकता है।"
"चक्रवात बाढ़ के दौरान ड्राइविंग का नियम क्या है?","मुड़ जाएं, डूबें नहीं - वैकल्पिक मार्ग खोजें।"
"क्या आपको चक्रवात के दौरान बाढ़ के पानी से गुजरना चाहिए?","नहीं, आप गहराई, मलबा, या गिरी हुई बिजली की लाइनें नहीं देख सकते।"
"चक्रवात के दौरान गिरी हुई बिजली की लाइनों के बारे में क्या?","मान लें कि सभी जीवित हैं, कम से कम 35 फीट दूर रहें।"
"बाहर जाना कब सुरक्षित है?","केवल जब अधिकारी सभी स्पष्ट घोषित करें और हवाएं रुक गई हों।"
"तूफान के बाद पहले क्या चेक करना चाहिए?","गैस लीक, संरचनात्मक क्षति, बिजली के खतरे।"
"आप गैस लीक की जांच कैसे करते हैं?","गैस की गंध सूंघें, हिसहिसाहट सुनें, जांच के लिए कभी माचिस का उपयोग न करें।"
"यदि आपको गैस की गंध आती है तो क्या करें?","मुख्य वाल्व बंद करें, निकासी करें, सुरक्षित स्थान से गैस कंपनी को कॉल करें।"
"आप नुकसान का दस्तावेजीकरण कैसे करते हैं?","बीमा दावों के लिए सफाई से पहले फोटो/वीडियो लें।"
"क्या आपको क्षतिग्रस्त भवनों में प्रवेश करना चाहिए?","केवल यदि संरचनात्मक रूप से मजबूत हो, लटकती वस्तुओं से सावधान रहें।"
"आप सुरक्षित रूप से चेनसॉ का उपयोग कैसे करते हैं?","सुरक्षात्मक गियर पहनें, बिजली की लाइनों की जांच करें, कभी अकेले काम न करें।"
"दूषित बाढ़ के पानी के बारे में क्या?","संपर्क से बचें, दस्ताने और जूते पहनें, हाथ बार-बार धोएं।"
"आप बाढ़ की क्षति की सफाई कैसे करते हैं?","पानी जल्दी हटाएं, दूषित वस्तुओं को फेंक दें, सतहों को कीटाणुरहित करें।"
"क्या आपको गीला हुआ भोजन खाना चाहिए?","बाढ़ के पानी के संपर्क में आने या रेफ्रिजरेशन खोने वाली किसी भी चीज़ को फेंक दें।"
"बिजली के बिना भोजन कितने समय तक चल सकता है?","रेफ्रिजरेटेड: 4 घंटे, जमे हुए: 24-48 घंटे यदि न खोले गए हों।"
"बीमा कंपनी को कब कॉल करना चाहिए?","तूफान के बाद जितनी जल्दी सुरक्षित रूप से संभव हो।"
"यदि सड़कें अवरुद्ध हैं तो क्या करें?","आपातकालीन दल के साफ करने का इंतजार करें, खुद मलबा न हटाएं।"
"आप पड़ोसियों की सुरक्षित रूप से कैसे मदद करते हैं?","कल्याण की जांच करें, संसाधन साझा करें, अधिकारियों को चोटों की रिपोर्ट करें।"
"बिजली कब बहाल होगी?","नुकसान की गंभीरता पर निर्भर करता है, दिनों से हफ्तों तक हो सकता है।"
"बिजली बहाली की प्राथमिकताएं कैसे निर्धारित की जाती हैं?","अस्पताल, आपातकालीन सेवाएं, फिर आवासीय क्षेत्र।"
"पानी की सेवा के बारे में क्या?","बहाल करने में दिन लग सकते हैं, सेवा वापस आने पर पानी उबालें।"
"क्या आपको निकासी के बाद तुरंत घर वापस जाना चाहिए?","केवल जब अधिकारी कहते हैं कि यह सुरक्षित है और सड़कें साफ हैं।"
"आप दीर्घकालिक रिकवरी के लिए कैसे तैयारी करते हैं?","नुकसान का दस्तावेजीकरण करें, बीमा से संपर्क करें, यदि आवश्यक हो तो अस्थायी आवास खोजें।"
"कौन सी वित्तीय सहायता उपलब्ध है?","FEMA सहायता, SBA ऋण, बीमा दावे, धर्मार्थ संगठन।"
"आप FEMA सहायता के लिए कैसे आवेदन करते हैं?","ऑनलाइन, फोन से, या आपदा रिकवरी केंद्रों पर।"
"FEMA सहायता क्या कवर करती है?","अस्थायी आवास, घर की मरम्मत, व्यक्तिगत संपत्ति प्रतिस्थापन।"
"बीमा दावे दाखिल करने के लिए आपके पास कितना समय है?","आमतौर पर 1-2 साल, लेकिन जितनी जल्दी हो सके दाखिल करें।"
"यदि आप बीमा निपटान से असहमत हैं तो क्या करें?","पुनर्मूल्यांकन का अनुरोध करें, सार्वजनिक एडजस्टर नियुक्त करें, या कानूनी सलाह लें।"
"आप अस्थायी आवास कैसे खोजते हैं?","FEMA सहायता, बीमा कवरेज, स्थानीय आश्रय, परिवार/मित्र।"
"रिकवरी के दौरान बच्चों की जरूरतों के बारे में क्या?","दिनचर्या बनाए रखें, भावनात्मक सहायता प्रदान करें, स्कूल सेवाओं से जुड़ें।"
"आप भावनात्मक आघात से कैसे निपटते हैं?","परामर्श लें, सहायता समूहों में शामिल हों, सामाजिक संपर्क बनाए रखें।"
"आपदा केस प्रबंधन क्या है?","सेवा जो रिकवरी संसाधनों और सेवाओं के समन्वय में मदद करती है।"
"पूर्ण रिकवरी में आमतौर पर कितना समय लगता है?","नुकसान की गंभीरता और संसाधनों के आधार पर महीनों से वर्षों तक।"
"बेहतर निर्माण क्या है?","भविष्य के तूफानों का विरोध करने के लिए बेहतर सामग्री और तरीकों के साथ पुनर्निर्माण।"
"आप अपने घर को अधिक तूफान-प्रतिरोधी कैसे बनाते हैं?","प्रभाव-प्रतिरोधी खिड़कियां, मजबूत छत, ऊंची उपयोगिताएं, उचित जल निकासी।"
"हरिकेन स्ट्रैप क्या हैं?","धातु कनेक्टर जो छत को दीवारों से और दीवारों को नींव से जोड़ते हैं।"
"क्या आपको अपना घर ऊंचा करना चाहिए?","बाढ़-प्रवण क्षेत्र में विचार करें, बीमा लागत कम कर सकता है।"
"सेफ रूम क्या है?","चरम हवाओं से बचाने के लिए डिज़ाइन किया गया प्रबलित आंतरिक स्थान।"
"आप हरिकेन प्रतिरोध के लिए भूदृश्य कैसे बनाते हैं?","मूल पेड़ लगाएं, संरचनाओं के पास उथली जड़ों वाली प्रजातियों से बचें।"
"आपके पास कौन सा बीमा होना चाहिए?","गृहस्वामी, बाढ़ बीमा, जहां आवश्यक हो विंडस्टॉर्म कवरेज।"
"बाढ़ बीमा क्यों महत्वपूर्ण है?","मानक गृहस्वामी बीमा बाढ़ की क्षति को कवर नहीं करता।"
"आपको बाढ़ बीमा कब खरीदना चाहिए?","जरूरत से पहले, 30-दिन की प्रतीक्षा अवधि है।"
"राष्ट्रीय बाढ़ बीमा कार्यक्रम क्या है?","संपत्ति मालिकों को बाढ़ बीमा प्रदान करने वाला संघीय कार्यक्रम।"
"आप बीमा लागत कैसे कम करते हैं?","शमन उपाय जैसे तूफान शटर, मजबूत छत, ऊंचाई।"
"सामुदायिक रेटिंग सिस्टम क्या है?","FEMA कार्यक्रम जो भाग लेने वाले समुदायों के लिए बाढ़ बीमा दरों को कम करता है।"
"समुदाय हरिकेन के लिए कैसे तैयार होते हैं?","आपातकालीन योजनाएं, निकासी मार्ग, आश्रय, सार्वजनिक शिक्षा, भवन संहिता।"
"हरिकेन क्षेत्रों के लिए भवन संहिता क्या हैं?","हवा प्रतिरोध, तूफानी लहर, और बाढ़ के लिए मानक।"
"निकासी मार्ग कैसे काम करते हैं?","पूर्व-नियोजित सड़कें जो लोगों को खतरे के क्षेत्रों से दूर ले जाती हैं।"
"हरिकेन शेल्टर क्या है?","उन लोगों की सुरक्षा के लिए डिज़ाइन की गई सुविधा जो निकासी नहीं कर सकते।"
"तूफान के दौरान आश्रयों का प्रबंधन कैसे किया जाता है?","रेड क्रॉस, साल्वेशन आर्मी, और स्थानीय आपातकालीन प्रबंधन।"
"समुदायों को कमजोर आबादी के लिए क्या करना चाहिए?","विशेष आवश्यकता रजिस्ट्री, सहायता प्राप्त निकासी, सुलभ आश्रय।"
"स्कूल हरिकेन के लिए कैसे तैयार होते हैं?","निकासी योजनाएं, संचार प्रणाली, संरचनात्मक मूल्यांकन।"
"व्यापार निरंतरता योजना क्या है?","आपदाओं के दौरान और बाद में संचालन बनाए रखने की तैयारी।"
"अस्पताल हरिकेन के लिए कैसे तैयार होते हैं?","बैकअप पावर, अतिरिक्त आपूर्ति, निकासी योजनाएं, स्टाफ आवास।"
"आपदाओं में पारस्परिक सहायता क्या है?","समुदायों का संसाधनों और कर्मचारियों के साथ एक-दूसरे की मदद करना।"
"आप पारिवारिक आपातकालीन योजना कैसे बनाते हैं?","मिलने के स्थान, संपर्क, निकासी मार्ग, संचार विधियां।"
"आपकी पारिवारिक योजना में कौन सी जानकारी होनी चाहिए?","संपर्क नंबर, मिलने के स्थान, निकासी मार्ग, महत्वपूर्ण दस्तावेज।"
"आपको कितनी बार अपनी योजना का अभ्यास करना चाहिए?","साल में कम से कम एक बार, पारिवारिक स्थितियों के बदलने पर अपडेट करें।"
"गो-बैग क्या है?","त्वरित निकासी के लिए तैयार पूर्व-पैक की गई आपातकालीन आपूर्ति।"
"कार्यस्थल आपातकालीन किट में क्या होना चाहिए?","घर किट के समान लेकिन कार्य स्थान पर 3 दिनों के लिए।"
"आपातकाल के दौरान आप कैसे संवाद करते हैं?","टेक्स्ट संदेश, सोशल मीडिया, राज्य के बाहर संपर्क व्यक्ति।"
"राज्य के बाहर संपर्क क्यों चुनें?","स्थानीय फोन लाइनें अधिभारित हो सकती हैं, लंबी दूरी अक्सर काम करती है।"
"रिवर्स 911 क्या है?","आपातकालीन अधिसूचना सिस्टम जो प्रभावित क्षेत्रों के फोनों को कॉल करता है।"
"आप आपातकालीन अलर्ट के लिए कैसे साइन अप करते हैं?","स्थानीय आपातकालीन प्रबंधन के साथ पंजीकरण करें, फोन अलर्ट सक्षम करें।"
"हरिकेन के दौरान कौन से ऐप मदद करते हैं?","मौसम ऐप, आपातकालीन अलर्ट ऐप, पारिवारिक संचार ऐप।"
"आप फोन की बैटरी कैसे बचाते हैं?","चमक कम करें, ऐप बंद करें, आवश्यक न हो तो एयरप्लेन मोड का उपयोग करें।"
"आपदाओं में शौकिया रेडियो की भूमिका क्या है?","जब अन्य सिस्टम विफल हो जाते हैं तो बैकअप संचार।"
"बिजली के बिना आप कैसे सूचित रहते हैं?","बैटरी/हैंड-क्रैंक रेडियो, कार रेडियो, बिजली वाले पड़ोसी।"
"मनोवैज्ञानिक प्राथमिक चिकित्सा क्या है?","आपदा बचे लोगों को आराम और सहायता प्रदान करना।"
"आप बच्चों को आपदाओं से निपटने में कैसे मदद करते हैं?","ईमानदार उम्र-उपयुक्त जानकारी, दिनचर्या बनाए रखें, अतिरिक्त आराम।"
"आपदा के बाद सामान्य भावनाएं क्या हैं?","चिंता, उदासी, गुस्सा, अभिभूत महसूस करना - सभी सामान्य प्रतिक्रियाएं।"
"आपको पेशेवर मदद कब लेनी चाहिए?","यदि भावनाएं विस्तारित अवधि के लिए दैनिक जीवन में हस्तक्षेप करती हैं।"
"रिकवरी के दौरान आप मानसिक स्वास्थ्य कैसे बनाए रखते हैं?","स्व-देखभाल, सामाजिक सहायता, यदि आवश्यक हो तो पेशेवर सहायता, वास्तविक अपेक्षाएं।"
"उत्तरजीवी अपराधबोध क्या है?","जब दूसरों ने अधिक कष्ट उठाया हो तो अपनी स्थिति के बारे में बुरा महसूस करना।"
"समुदाय लचीलापन कैसे बनाते हैं?","शिक्षा, योजना, बुनियादी ढांचे में सुधार, सामाजिक संपर्क।"
"हरिकेन पर जलवायु परिवर्तन का प्रभाव क्या है?","तीव्रता बढ़ा सकता है और गति धीमी कर सकता है, समुद्र का स्तर बढ़ा सकता है।"
"क्या हरिकेन अधिक बार आ रहे हैं?","जरूरी नहीं कि अधिक बार हों, लेकिन संभावित रूप से अधिक तीव्र।"
"हरिकेन संशोधन क्या है?","तूफानों को कमजोर करने के ऐतिहासिक प्रयास, वर्तमान में परिचालन नहीं।"
"दीर्घकालिक पूर्वानुमान कितने सटीक हैं?","विशिष्ट तूफानों के लिए 7-10 दिनों से आगे सीमित कौशल।"
"प्रश्न","उत्तर"
"निर्धारणवादी और समूहिक पूर्वानुमान के बीच क्या अंतर है?","एकल पूर्वानुमान बनाम अनिश्चितता दिखाने वाले कई परिदृश्य।"
"पूर्वानुमानकर्ता तीव्रता की भविष्यवाणी कैसे करते हैं?","समुद्री तापमान, पवन कतरन, वायुमंडलीय पैटर्न पर विचार करने वाले जटिल मॉडल।"
"सबसे बड़ी पूर्वानुमान चुनौती क्या है?","तेजी से तीव्रता वृद्धि और सटीक भूस्खलन स्थान की भविष्यवाणी करना।"
"पूर्वानुमान की सटीकता में कैसे सुधार हुआ है?","बेहतर उपग्रह, मॉडल, और समझ से ट्रैक पूर्वानुमान में महत्वपूर्ण सुधार हुआ है।"
"बोये पूर्वानुमान में क्या भूमिका निभाते हैं?","वास्तविक समय समुद्री तापमान और लहर डेटा प्रदान करते हैं।"
"कंप्यूटर मॉडल कैसे काम करते हैं?","गणितीय समीकरण वर्तमान स्थितियों का उपयोग करके वायुमंडलीय व्यवहार का अनुकरण करते हैं।"
"मॉडल सहमति क्या है?","जब कई पूर्वानुमान मॉडल तूफान ट्रैक या तीव्रता पर सहमत होते हैं।"
"पूर्वानुमान ट्रैक कभी-कभी नाटकीय रूप से क्यों बदलते हैं?","संचालन पैटर्न में छोटे बदलाव बड़े ट्रैक अंतर का कारण बन सकते हैं।"
"निरंतर निगरानी का क्या महत्व है?","तूफान की स्थिति तेजी से बदलती है, जिसके लिए बार-बार पूर्वानुमान अपडेट की आवश्यकता होती है।"
"पूर्वानुमान अनिश्चितता की व्याख्या कैसे करें?","अनिश्चितता का बड़ा कोन सटीक ट्रैक में कम विश्वास का मतलब है।"
"तूफान लहर मॉडलिंग क्या है?","लहर की ऊंचाई और अंतर्देशीय प्रवेश की भविष्यवाणी करने वाले कंप्यूटर सिमुलेशन।"
"पूर्वानुमान अनिश्चितता के लिए कैसे तैयारी करें?","केवल सबसे संभावित परिदृश्य के लिए नहीं, बल्कि संभावनाओं की श्रृंखला के लिए तैयारी करें।"
"तूफान अनुसंधान का क्या महत्व है?","समझ, पूर्वानुमान और तैयारी में सुधार कर जीवन बचाता है।"
"शोधकर्ता तूफानों का अध्ययन कैसे करते हैं?","तूफान शिकारी, उपग्रह, रडार, समुद्री उपकरण, कंप्यूटर मॉडलिंग।"
"तूफान अनुसंधान प्रभाग क्या है?","NOAA इकाई जो पूर्वानुमान सुधारने के लिए तूफानों का अध्ययन करती है।"
"कौन सी नई तकनीकें विकसित की जा रही हैं?","उन्नत उपग्रह, ड्रोन, बेहतर कंप्यूटर मॉडल, AI अनुप्रयोग।"
"साल भर तैयार कैसे रहें?","आपूर्ति बनाए रखें, योजनाओं की समीक्षा करें, पूर्वानुमान सुधार के बारे में जानकारी रखें।"
"टिकाऊ पुनर्निर्माण का क्या महत्व है?","भेद्यता कम करता है, पर्यावरणीय नुकसान रोकता है, और दीर्घकालिक सुरक्षा सुनिश्चित करता है।"
"प्रश्न","उत्तर"
"चक्रवात आने से पहले तटीय निवासियों को क्या करना चाहिए?","निकासी आदेशों का पालन करें, संपत्ति सुरक्षित करें, और आपातकालीन आपूर्ति स्टॉक करें।"
"तूफान के दौरान स्थानीय चक्रवात आश्रयगृह कैसे मदद कर सकते हैं?","वे उन लोगों के लिए सुरक्षित आश्रय प्रदान करते हैं जो उच्च भूमि या सुरक्षित क्षेत्रों में नहीं जा सकते।"
"भारत में चक्रवात के दौरान आपदा प्रतिक्रिया का समन्वय कौन करता है?","राष्ट्रीय आपदा प्रबंधन प्राधिकरण (NDMA) राज्य आपदा प्रबंधन प्राधिकरणों के साथ।"
"स्कूल चक्रवात सीजन के लिए कैसे तैयारी कर सकते हैं?","निकासी योजना विकसित करें, अभ्यास करें, और अभिभावकों और स्थानीय अधिकारियों के साथ संवाद करें।"
"विनाशकारी चक्रवात का वास्तविक जीवन उदाहरण क्या है?","2019 में चक्रवात फानी ने ओडिशा, भारत में व्यापक नुकसान किया, 200 किमी/घंटा से अधिक हवाओं के साथ।"
"मैंग्रोव चक्रवात प्रभाव को कम करने में कैसे मदद करते हैं?","मैंग्रोव प्राकृतिक बाधाओं का काम करते हैं, तूफान लहर को अवशोषित करते हैं और अंतर्देशीय पवन क्षति कम करते हैं।"
"क्या चक्रवात के दौरान बुजुर्ग लोग अधिक जोखिम में हैं?","हां, बुजुर्ग व्यक्तियों को निकासी और चिकित्सा जरूरतों के प्रबंधन में सहायता की आवश्यकता हो सकती है।"
"अस्पतालों को चक्रवात की तैयारी के लिए क्या करना चाहिए?","बैकअप पावर सुनिश्चित करें, चिकित्सा आपूर्ति सुरक्षित करें, और रोगियों के लिए निकासी या आश्रय योजना रखें।"
"मोबाइल ऐप्स चक्रवात के दौरान कैसे मदद कर सकते हैं?","निवासियों के लिए वास्तविक समय अलर्ट, निकासी मार्ग, और आपातकालीन संपर्क प्रदान करते हैं।"
"चक्रवात के बाद आम खतरे क्या हैं?","बाढ़, मलबा, दूषित पानी, और जल जनित बीमारियों के संभावित प्रकोप।"
"समुदाय सुरक्षित रूप से निकासी का समन्वय कैसे कर सकते हैं?","पूर्व-नियोजित मार्गों, सार्वजनिक अलर्ट, स्वयंसेवक नेटवर्क, और परिवहन संसाधनों का उपयोग करके।"
"आपदा केस प्रबंधन का क्या महत्व है?","बचे लोगों को सहायता प्राप्त करने, सेवाओं का समन्वय करने, और चक्रवात के बाद कुशलता से ठीक होने में मदद करता है।"
"गर्भवती महिलाएं चक्रवात के दौरान सुरक्षित कैसे रह सकती हैं?","निकासी आदेशों का पालन करें, गो-बैग तैयार रखें, और तूफान से पहले चिकित्सा सलाह लें।"
"चक्रवात के दौरान स्थानीय ज्ञान क्यों महत्वपूर्ण है?","स्थानीय अनुभव उच्च जोखिम क्षेत्रों, सुरक्षित आश्रयों, और प्रभावी प्रतिक्रिया रणनीतियों की पहचान में मदद करता है।"
"चक्रवात सुरक्षा के बारे में कुछ मिथक क्या हैं?","खिड़कियां खोलना, आंख के दौरान बाहर जाना, या घर के अंदर मोमबत्तियों का उपयोग करना सभी असुरक्षित प्रथाएं हैं।"
"ड्रोन चक्रवात आपदा प्रतिक्रिया में कैसे सहायता करते हैं?","वे नुकसान का आकलन करने, फंसे लोगों का पता लगाने, और बाढ़ या खतरनाक क्षेत्रों की निगरानी में मदद करते हैं।"
"चक्रवात प्रतिक्रिया में सेना की क्या भूमिका है?","निकासी, बचाव कार्यों, और राहत आपूर्ति के वितरण में सहायता करना।"
"पिछले चक्रवात वर्तमान तैयारी को कैसे सूचित करते हैं?","पिछली घटनाओं से सबक भवन कोड, निकासी योजना, और सार्वजनिक जागरूकता में सुधार लाने में मदद करते हैं।"
"चक्रवात का प्रवाल भित्तियों पर क्या प्रभाव होता है?","तेज लहरें और मलबा भित्तियों को नुकसान पहुंचा सकते हैं, समुद्री जैव विविधता और मत्स्य पालन को प्रभावित कर सकते हैं।"
"चक्रवात निकासी के दौरान पालतू जानवरों की देखभाल कैसे करनी चाहिए?","उन्हें भोजन, पानी, टीकाकरण रिकॉर्ड, और पहचान टैग के साथ वाहक में लाएं।"
"सामुदायिक आपातकालीन किट में क्या शामिल होना चाहिए?","पानी, भोजन, प्राथमिक चिकित्सा, फ्लैशलाइट, बैटरी, कंबल, और संचार उपकरण।"
"स्वयंसेवक चक्रवात प्रतिक्रिया के दौरान कैसे मदद कर सकते हैं?","निकासी में सहायता, राहत वितरण, आश्रयगृहों में मदद, और प्राथमिक चिकित्सा प्रदान करना।"
"चक्रवात के दौरान स्थानीय गैर सरकारी संगठनों की क्या भूमिका है?","राहत का समन्वय, आपातकालीन आपूर्ति प्रदान करना, और कमजोर आबादी का समर्थन करना।"
"सोशल मीडिया चक्रवात प्रतिक्रिया में कैसे सहायता कर सकता है?","अलर्ट फैलाना, वास्तविक समय अपडेट प्रदान करना, और फंसे व्यक्तियों का पता लगाने में मदद करना।"
"प्रारंभिक चेतावनी प्रणाली की क्या भूमिका है?","जीवन और संपत्ति के नुकसान को कम करने के लिए समय पर अलर्ट प्रदान करना।"
"चक्रवात के दौरान नावों को कैसे सुरक्षित करना चाहिए?","सुरक्षित बंदरगाह में ले जाएं या बहने और नुकसान को रोकने के लिए मजबूती से बांधें।"
"चक्रवात की भविष्यवाणी होने पर मछुआरों को क्या करना चाहिए?","तुरंत बंदरगाह वापस आना, नावों को सुरक्षित करना, और तूफानी समुद्र में जाने से बचना।"
"चक्रवात प्रतिरोधी संरचनाएं नुकसान कैसे कम करती हैं?","वे तेज हवाओं, तूफान लहरों, और उड़ते मलबे का सामना करती हैं, जीवन और संपत्ति की रक्षा करती हैं।"
"प्राथमिक और द्वितीयक खतरों के बीच क्या अंतर है?","प्राथमिक खतरे प्रत्यक्ष हैं (हवा, लहर), द्वितीयक खतरे अप्रत्यक्ष हैं (बाढ़, बीमारी)।"
"सामुदायिक अभ्यास तैयारी कैसे सुधार सकते हैं?","निकासी, संचार, और संसाधन प्रबंधन का अभ्यास वास्तविक घटनाओं के दौरान भ्रम कम करता है।"
"जलवायु परिवर्तन चक्रवात तीव्रता को कैसे प्रभावित करता है?","गर्म समुद्र तूफान की तीव्रता और वर्षा बढ़ा सकते हैं, चक्रवात को अधिक विनाशकारी बना सकते हैं।"
"निम्न भूमि क्षेत्र सबसे कमजोर क्यों हैं?","वे बाढ़ और तूफान लहर के लिए प्रवण हैं, संपत्ति क्षति और मौतों का जोखिम बढ़ाते हैं।"
"चक्रवात रिकवरी में बीमा की क्या भूमिका है?","संपत्ति क्षति को कवर करना, घरों के पुनर्निर्माण में मदद करना, और पीड़ितों को वित्तीय सहायता प्रदान करना।"
"चक्रवात के दौरान सौर ऊर्जा का उपयोग कैसे किया जा सकता है?","पोर्टेबल सोलर पैनल ग्रिड फेल होने पर आपातकालीन बिजली प्रदान कर सकते हैं।"
"चक्रवात के बाद मानसिक स्वास्थ्य को कैसे संबोधित करना चाहिए?","आघात और तनाव का प्रबंधन करने के लिए परामर्श, सहायता समूह, और सामुदायिक संसाधन प्रदान करना।"
"चक्रवात क्षति का दस्तावेजीकरण करने का क्या महत्व है?","बीमा दावों, सरकारी सहायता, और भविष्य की शमन योजना के लिए आवश्यक।"
"चक्रवात के दौरान तटबंध और समुद्री दीवारें कैसे मदद करती हैं?","वे बाढ़ कम करती हैं, पानी को मोड़ती हैं, और समुदायों को तूफान लहर से बचाती हैं।"
"उचित जल निकासी प्रणाली का क्या महत्व है?","जल जमाव रोकता है, बाढ़ क्षति कम करता है, और स्वच्छ स्थिति बनाए रखता है।"
"बाढ़ के बाद पानी को कैसे शुद्ध करना चाहिए?","जल जनित बीमारियों से बचने के लिए उबालें, शुद्धीकरण गोलियों का उपयोग करें, या फिल्टर करें।"
"समुदाय मलबे का सुरक्षित रूप से प्रबंधन कैसे कर सकते हैं?","खतरनाक कचरे को अलग करना, सुरक्षा गियर का उपयोग करना, और हटाने के लिए अधिकारियों के साथ समन्वय करना।"
"स्थानीय सरकारी एजेंसियां चक्रवात के दौरान कैसे समन्वय करती हैं?","जानकारी साझा करना, संसाधन प्रबंधन, निकासी का नेतृत्व, और जनता के साथ संचार।"
"रिवर्स 911 क्या है?","खतरों और निकासी आदेशों के बारे में निवासियों को सूचित करने के लिए स्वचालित प्रणाली कॉल करना।"
"निकासी के दौरान वाहनों का उपयोग कैसे करना चाहिए?","बाढ़ के क्षेत्रों से गुजरने से बचना, नामित मार्गों का पालन करना, और ईंधन बनाए रखना।"
"बैकअप संचार चैनल का क्या महत्व है?","प्राथमिक नेटवर्क फेल होने पर निरंतर सूचना प्रवाह सुनिश्चित करना।"
"आपातकालीन आश्रयगृह विशेष आवश्यकता वाली आबादी का समर्थन कैसे कर सकते हैं?","सुलभ सुविधाएं, चिकित्सा देखभाल, और गतिशीलता या श्रवण-बाधित व्यक्तियों के लिए सहायता प्रदान करना।"
"परिवार के लिए गो-बैग में मुख्य वस्तुएं क्या हैं?","पानी, भोजन, दवाएं, कपड़े, महत्वपूर्ण दस्तावेज, फ्लैशलाइट, और बैटरी चालित रेडियो।"
"शिक्षक छात्रों को चक्रवात के बारे में कैसे शिक्षित कर सकते हैं?","कक्षा पाठ, अभ्यास, और खतरों और सुरक्षा पर आकर्षक शैक्षिक सामग्री।"
"चक्रवात प्रबंधन के मुख्य चरण क्या हैं?","तैयारी, प्रतिक्रिया, रिकवरी, और शमन।"
"स्वयंसेवक तूफान के बाद सफाई में कैसे सहायता करते हैं?","मलबा हटाना, संरचनाओं के पुनर्निर्माण में मदद करना, और प्रभावित परिवारों का समर्थन करना।"
"चक्रवात रिकवरी में पारस्परिक सहायता क्या है?","पड़ोसी समुदाय या संगठन संसाधन और जनशक्ति के साथ सहायता प्रदान करते हैं।"
"समुदाय दीर्घकालिक लचीलेपन की योजना कैसे बना सकते हैं?","बुनियादी ढांचे में निवेश, भवन कोड लागू करना, जनता को शिक्षित करना, और आपातकालीन योजनाओं को बनाए रखना।"
"स्थानीय मौसम विज्ञान कार्यालयों की क्या भूमिका है?","तूफानों का पूर्वानुमान लगाना, चेतावनी जारी करना, और सार्वजनिक मार्गदर्शन प्रदान करना।"
"रिमोट सेंसिंग चक्रवात प्रबंधन में कैसे सहायता कर सकती है?","तूफान विकास की निगरानी, गति ट्रैकिंग, और तूफान के बाद नुकसान का आकलन।"
"तूफान लहर मानचित्र क्या है?","तूफान-चालित समुद्री स्तर वृद्धि से बाढ़ के संभावित क्षेत्र दिखाता है।"
"चक्रवात के दौरान किसानों को फसलों की सुरक्षा कैसे करनी चाहिए?","जल्दी कटाई, संरचनाओं को सुरक्षित करना, सुरक्षात्मक आवरण का उपयोग, और सलाह का पालन।"
"व्यवसाय चक्रवात के लिए कैसे तैयारी कर सकते हैं?","निरंतरता योजना विकसित करना, संपत्ति सुरक्षित करना, डेटा बैकअप, और आपातकालीन प्रक्रियाओं के लिए कर्मचारियों को प्रशिक्षित करना।"
"चक्रवात के दौरान रेड क्रॉस की क्या भूमिका है?","आश्रयगृह, चिकित्सा सहायता, भोजन प्रदान करना, और आपदा राहत का समन्वय करना।"
"अस्पताल चक्रवात के बाद देखभाल को कैसे प्राथमिकता देते हैं?","पहले गंभीर रोगियों का इलाज, ट्राइएज प्रबंधन, और आवश्यक सेवाओं को बहाल करना।"
"चक्रवात के बाद आम विद्युत खतरे क्या हैं?","गिरी बिजली लाइनें, बाढ़ग्रस्त विद्युत प्रणाली, और खुले तार।"
"समुदाय जल जनित बीमारियों को कैसे रोक सकते हैं?","पानी उबालना, बाढ़ के पानी के संपर्क से बचना, और स्वच्छता बनाए रखना।"
"जल्दी निकासी का क्या महत्व है?","मौतों को कम करता है, चोटों को रोकता है, और आपातकालीन सेवाओं को प्रभावी रूप से काम करने की अनुमति देता है।"
"स्थानीय रेडियो स्टेशन चक्रवात के दौरान कैसे मदद कर सकते हैं?","निवासियों को अपडेट, चेतावनी, और सुरक्षा निर्देश प्रसारित करना।"
"चक्रवात के दौरान उच्च जोखिम व्यवहार क्या हैं?","बाढ़ से गुजरना, निकासी आदेशों को नजरअंदाज करना, और खिड़कियों के पास रहना।"
"चक्रवात के दौरान कम जोखिम व्यवहार क्या हैं?","आधिकारिक मार्गदर्शन का पालन, सुरक्षित आश्रय, और आपातकालीन आपूर्ति रखना।"
"अंतर्राष्ट्रीय संगठन चक्रवात के दौरान कैसे सहायता करते हैं?","धन, विशेषज्ञता, आपूर्ति प्रदान करना, और स्थानीय अधिकारियों के साथ समन्वय करना।"
"चक्रवात प्रबंधन में GIS का उपयोग कैसे किया जा सकता है?","योजना और प्रतिक्रिया का समर्थन करने के लिए खतरों, निकासी मार्गों, और संसाधनों का मानचित्रण।"
"चक्रवात के दौरान अधिकारियों की कानूनी बाध्यताएं क्या हैं?","चेतावनी जारी करना, निकासी का समन्वय, और सार्वजनिक सुरक्षा उपाय प्रदान करना।"
"चक्रवात के दौरान भोजन कैसे स्टोर करना चाहिए?","गैर-नाशवान, सील बंद, और प्रति व्यक्ति कम से कम 3 दिन के लिए पर्याप्त।"
"नेटवर्क डाउन होने पर लोग कैसे संवाद कर सकते हैं?","रेडियो, सैटेलाइट फोन, या पूर्व-निर्धारित मिलने के स्थानों का उपयोग करना।"
"पारिवारिक आपातकालीन बैठकों का क्या महत्व है?","सुनिश्चित करता है कि सभी योजना, संपर्क, और निकासी मार्ग जानते हैं।"
"सामुदायिक नेताओं की क्या जिम्मेदारियां हैं?","प्रतिक्रिया का समन्वय, संसाधन वितरण, जनता को सूचित करना, और कमजोर सदस्यों का समर्थन।"
"संरचनात्मक क्षति के संकेतों को कैसे पहचानें?","दीवारों में दरारें, झुकी छतें, झुकी इमारतें, और पानी का प्रवेश।"
"तकनीक चक्रवात प्रतिक्रिया को कैसे बेहतर बना सकती है?","ड्रोन, AI, प्रारंभिक चेतावनी प्रणाली, और डेटा एनालिटिक्स तैयारी और रिकवरी बढ़ाते हैं।"
"तूफान लहर के बारे में आम मिथक क्या हैं?","पानी का स्तर धीरे-धीरे बढ़ता है या केवल समुद्री तट को प्रभावित करता है; वास्तव में यह तेजी से बढ़ सकता है और अंतर्देशीय जा सकता है।"
"समुदाय विस्थापित आबादी का समर्थन कैसे कर सकते हैं?","अस्थायी आवास, भोजन, चिकित्सा सहायता, और मनोसामाजिक समर्थन।"
"चक्रवात तीव्रता को कैसे वर्गीकृत किया जाता है?","पवन गति, केंद्रीय दबाव, और संभावित नुकसान (सैफिर-सिम्पसन या क्षेत्रीय पैमाने) के आधार पर।"
"स्थानीय आपातकालीन योजनाएं सुरक्षा कैसे सुधारती हैं?","जिम्मेदारियों, संचार, और निकासी को पूर्व-परिभाषित करती हैं, भ्रम कम करती हैं।"
"चक्रवात पर निरंतर शिक्षा का क्या महत्व है?","जनता को जागरूक रखता है, तैयारी सुधारता है, और भविष्य की घटनाओं के दौरान जोखिम कम करता है।"
"प्रमुख चक्रवातों से मुख्य सबक क्या हैं?","प्रारंभिक चेतावनी जीवन बचाती है, लचीला बुनियादी ढांचा नुकसान कम करता है, और समन्वय रिकवरी सुधारता है।"
"बच्चों को चक्रवात सुरक्षा के बारे में कैसे शिक्षित किया जा सकता है?","आयु-उपयुक्त पाठ, अभ्यास, और उन्हें पारिवारिक तैयारी योजनाओं में शामिल करना।"
"सामाजिक सहायता नेटवर्क की क्या भूमिका है?","आपदाओं के दौरान और बाद में भावनात्मक, तार्किक, और भौतिक सहायता प्रदान करना।"
"चक्रवात के दौरान बाढ़ जोखिम के संकेतक क्या हैं?","कम ऊंचाई, तट से निकटता, ऐतिहासिक बाढ़ रिकॉर्ड, और भारी बारिश।"
"चक्रवात तैयारी में व्यक्तिगत जिम्मेदारी का क्या महत्व है?","जो व्यक्ति तैयारी करते हैं वे आपातकालीन सेवाओं पर बोझ कम करते हैं और जीवित रहने की संभावना बढ़ाते हैं।"
"चक्रवात के बाद खतरनाक रसायनों को कैसे संभालें?","न छूएं, अधिकारियों को रिपोर्ट करें, और संदूषण से बचें।"
"चक्रवात के बाद आम मनोवैज्ञानिक प्रभाव क्या हैं?","हानि और व्यवधान के कारण चिंता, अवसाद, PTSD, शोक, और तनाव।"
"दीर्घकालिक शमन की मुख्य रणनीतियां क्या हैं?","बुनियादी ढांचे को मजबूत करना, भूमि उपयोग योजना सुधारना, सामुदायिक शिक्षा, और पर्यावरण संरक्षण।"
"प्रश्न","उत्तर"
"सुनामी क्या है?","बड़े पानी की मात्रा के अचानक विस्थापन के कारण समुद्री लहरों की श्रृंखला।"
"सुनामी का कारण क्या है?","पानी के नीचे भूकंप, ज्वालामुखी विस्फोट, भूस्खलन, या उल्कापिंड प्रभाव।"
"सुनामी का सबसे आम कारण क्या है?","7.0 या उससे अधिक तीव्रता वाले पानी के नीचे भूकंप।"
"सुनामी पैदा करने के लिए भूकंप कितना गहरा होना चाहिए?","आमतौर पर समुद्री तल में 70 किलोमीटर से कम गहरा।"
"किस प्रकार की फॉल्ट गति सुनामी बनाती है?","समुद्री तल का ऊर्ध्वाधर विस्थापन, क्षैतिज फिसलन नहीं।"
"क्या ज्वालामुखी विस्फोट सुनामी का कारण बन सकते हैं?","हां, विस्फोटक विस्फोट या ज्वालामुखी पतन पानी विस्थापित कर सकते हैं।"
"क्या भूस्खलन सुनामी का कारण बन सकते हैं?","हां, पानी के नीचे या तटीय भूस्खलन स्थानीय सुनामी उत्पन्न कर सकते हैं।"
"इतिहास में सबसे घातक सुनामी कौन सी थी?","2004 हिंद महासागर सुनामी जिसमें 230,000 से अधिक लोग मारे गए।"
"अब तक रिकॉर्ड की गई सबसे बड़ी सुनामी लहर कौन सी थी?","1958 लितुया बे, अलास्का - 524 मीटर (1,720 फीट) ऊंची।"
"गहरे समुद्र में सुनामी कितनी तेजी से यात्रा करती है?","500-800 किमी/घंटा (300-500 मील/घंटा), वाणिज्यिक जेट की गति।"
"उथले पानी में सुनामी कितनी तेजी से यात्रा करती है?","50-100 किमी/घंटा (30-60 मील/घंटा) तक धीमी हो जाती है लेकिन ऊंचाई में वृद्धि होती है।"
"किनारे के पास सुनामी क्यों धीमी हो जाती है?","उथला पानी घर्षण पैदा करता है जो गति कम करता है लेकिन ऊंचाई बढ़ाता है।"
"सुनामी की लहरें कितनी ऊंची हो सकती हैं?","आमतौर पर 3-30 मीटर, लेकिन चरम मामलों में 40 मीटर से अधिक।"
"सुनामी रनअप क्या है?","समुद्री स्तर से पानी की अधिकतम ऊर्ध्वाधर ऊंचाई अंतर्देशीय तक पहुंचती है।"
"सुनामी अंतर्देशीय कितनी दूर तक यात्रा कर सकती है?","समतल तटीय मैदानों पर 10 किलोमीटर तक।"
"क्या सभी सुनामी लहरें समान आकार की होती हैं?","नहीं, लहरें आकार में भिन्न होती हैं और सबसे बड़ी पहली नहीं हो सकती।"
"सुनामी में कितनी लहरें होती हैं?","घंटों में कई लहरें, बाद की लहरें पहली से बड़ी हो सकती हैं।"
"सुनामी लहरों के बीच समय क्या है?","आमतौर पर लहर शिखर के बीच 10-45 मिनट।"
"क्या सुनामी हमेशा पानी की विशाल दीवारों के रूप में दिखाई देती है?","नहीं, अक्सर तेजी से बढ़ते ज्वार या तेज बहते बाढ़ के रूप में दिखाई देती है।"
"सुनामी बोर क्या है?","नदियों और संकरी खाड़ियों में बनने वाली अशांत पानी की दीवार।"
"सुनामी के प्राकृतिक चेतावनी संकेत क्या हैं?","तट के पास 20 सेकंड से अधिक तक चलने वाला तेज भूकंप।"
"सुनामी से पहले समुद्री पानी का पीछे हटना क्या मतलब है?","पानी अचानक पीछे हट जाता है और समुद्री तल और समुद्री जीवन को उजागर करता है।"
"पानी के पीछे हटने के दौरान उजागर समुद्री तल की जांच करनी चाहिए?","नहीं, तुरंत ऊंची जमीन पर निकलें - सुनामी आ रही है।"
"सुनामी से पहले आप कौन सी आवाज सुन सकते हैं?","मालगाड़ी या जेट इंजन की तरह तेज गर्जना की आवाज।"
"क्या जानवर इंसानों से पहले सुनामी को महसूस कर सकते हैं?","जानवर अजीब व्यवहार कर सकते हैं, लेकिन चेतावनी के लिए इस पर भरोसा न करें।"
"यदि आप तट पर तेज भूकंप महसूस करते हैं तो क्या करें?","तुरंत ऊंची जमीन पर चले जाएं, आधिकारिक चेतावनी का इंतजार न करें।"
"भूकंप के बाद निकासी के लिए कितना समय है?","आमतौर पर नजदीकी सुनामी के लिए 15-30 मिनट, दूर की के लिए घंटे।"
"यदि भूकंप महसूस करने के लिए बहुत कमजोर है तो क्या करें?","दूर के भूकंप अभी भी सुनामी उत्पन्न कर सकते हैं, अन्य संकेतों पर ध्यान दें।"
"क्या आधिकारिक चेतावनी का इंतजार करना चाहिए?","नहीं, प्राकृतिक संकेतों के लिए तुरंत स्व-निकासी की आवश्यकता ऊंची जमीन पर।"
"यदि आप समुद्री पानी का पीछे हटना देखते हैं लेकिन भूकंप महसूस नहीं किया?","फिर भी तुरंत निकलें - सुनामी दूर के स्रोत से हो सकती है।"
"क्या छोटे भूकंप सुनामी उत्पन्न कर सकते हैं?","शायद ही, लेकिन छोटे भूकंप से ट्रिगर हुए पानी के नीचे भूस्खलन हो सकते हैं।"
"यदि पानी का स्तर असामान्य रूप से तेजी से बढ़े तो क्या करें?","तुरंत निकलें, यह सुनामी की पहली लहर हो सकती है।"
"सुनामी चेतावनी कौन जारी करता है?","राष्ट्रीय सुनामी चेतावनी केंद्र और स्थानीय आपातकालीन प्रबंधन।"
"सुनामी वॉच क्या है?","भूकंप डेटा के आधार पर सुनामी संभव, अपडेट के लिए सतर्क रहें।"
"सुनामी सलाह क्या है?","तेज धाराओं की उम्मीद, पानी से बाहर रहें लेकिन निकासी आवश्यक नहीं।"
"सुनामी चेतावनी क्या है?","खतरनाक सुनामी लहरों की उम्मीद, तत्काल निकासी आवश्यक।"
"सुनामी चेतावनी कैसे वितरित की जाती है?","सायरन, रेडियो, टीवी, सेल फोन अलर्ट, सोशल मीडिया।"
"जब सुनामी चेतावनी जारी हो तो क्या करना चाहिए?","तुरंत ऊंची जमीन या अंतर्देशीय निकलें।"
"चेतावनी आपको कितना समय देती है?","सुनामी स्रोत की दूरी के आधार पर मिनट से घंटे तक।"
"यदि चेतावनी प्रणाली फेल हो जाए तो क्या करें?","प्राकृतिक चेतावनी संकेतों पर भरोसा करें और भूकंप या समुद्री बदलावों के आधार पर निकलें।"
"सुनामी देखने से पहले पुष्टि का इंतजार करना चाहिए?","नहीं, जब तक आप इसे देखते हैं, तब तक सुरक्षित रूप से भागने में बहुत देर हो चुकी होती है।"
"कौन सी तकनीक सुनामी का पता लगाती है?","गहरे समुद्री बोये (DART सिस्टम), तटीय ज्वारीय गेज, भूकंप मापी।"
"गहरे समुद्री बोये कैसे काम करते हैं?","समुद्री तल पर दबाव परिवर्तन का पता लगाते हैं और उपग्रह के माध्यम से डेटा ट्रांसमिट करते हैं।"
"DART सिस्टम क्या है?","डीप-ओशन असेसमेंट एंड रिपोर्टिंग ऑफ सुनामी बोये नेटवर्क।"
"प्रश्न","उत्तर"
"सुनामी की चेतावनी कितनी सटीक होती है?","पहचान के लिए बहुत सटीक, लेकिन ऊंचाई और पहुंचने के समय का अनुमान अलग-अलग होता है।"
"क्या सुनामी का पूर्वानुमान मौसम की तरह लगाया जा सकता है?","नहीं, इसे केवल ट्रिगर करने वाली घटना के बाद ही पता लगाया जा सकता है।"
"आपकी सुनामी आपातकालीन किट में क्या होना चाहिए?","पानी, भोजन, फ्लैशलाइट, रेडियो, प्राथमिक चिकित्सा, महत्वपूर्ण दस्तावेज, मजबूत जूते।"
"सुनामी के लिए कितना पानी संग्रहीत करना चाहिए?","कम से कम 3 दिनों के लिए प्रति व्यक्ति प्रति दिन 1 गैलन।"
"सुनामी आपातकाल के लिए कौन सा रेडियो सबसे अच्छा है?","NOAA अलर्ट के साथ बैटरी संचालित या हैंड-क्रैंक मौसम रेडियो।"
"सुनामी से कौन से दस्तावेजों को सुरक्षित रखना चाहिए?","पहचान पत्र, बीमा कागजात, मेडिकल रिकॉर्ड को बाढ़ के स्तर से ऊपर वाटरप्रूफ कंटेनर में।"
"क्या आपको काम पर आपातकालीन सप्लाई रखनी चाहिए?","हां, 72 घंटों की आपूर्ति के साथ कार्यक्षेत्र किट।"
"सुनामी निकासी के लिए कौन से जूते सबसे अच्छे हैं?","मजबूत बंद पंजे वाले जूते जो दौड़ते समय नहीं निकलते।"
"सुनामी के लिए अपने घर को कैसे तैयार करें?","निकासी मार्ग जानें, वॉटर हीटर सुरक्षित करें, उपकरण ऊंचे रखें, आपातकालीन किट रखें।"
"क्या सुनामी क्षेत्रों में घर को ऊंचा करना चाहिए?","यदि संरचनात्मक और वित्तीय रूप से संभव हो तो खंभों/पाइलिंग पर ऊंचाई पर विचार करें।"
"कौन सा बीमा सुनामी क्षति को कवर करता है?","बाढ़ बीमा कुछ सुनामी क्षति को कवर कर सकता है, पॉलिसी विवरण जांचें।"
"सुनामी पारिवारिक योजना कैसे बनाएं?","मिलने के स्थान, निकासी मार्ग, संचार तरीके, क्षेत्र के बाहर संपर्क।"
"सुनामी के बाद परिवारजनों को कहां मिलना चाहिए?","तट से दूर ऊंची जमीन का स्थान जहां सभी पहुंच सकें।"
"सुनामी निकासी का अभ्यास कैसे करें?","निकासी मार्गों पर चलें, समय देखें कि कितना लगता है, अलग समय पर अभ्यास करें।"
"अगर सुनामी के दौरान परिवारजन अलग हो जाएं तो क्या करें?","पूर्व निर्धारित मिलने के स्थान और राज्य के बाहर संपर्क व्यक्ति का उपयोग करें।"
"सुनामी निकासी के लिए पालतू जानवरों को कैसे तैयार करें?","कैरियर, पट्टे, भोजन, पानी, दवाइयां, पहचान टैग।"
"क्या सुनामी निकासी के दौरान गाड़ी चला सकते हैं?","केवल यदि बिल्कुल आवश्यक हो, ट्रैफिक जाम हो सकता है - पैदल चलना अक्सर तेज होता है।"
"यदि भूकंप के दौरान समुद्र तट पर हों तो क्या करें?","गिरें, ढकें, पकड़ें, फिर हिलना बंद होने पर तुरंत ऊंची जमीन पर जाएं।"
"यदि सुनामी चेतावनी के दौरान नाव में हों तो क्या करें?","यदि गहरे पानी में हैं तो वहीं रहें, यदि किनारे के पास हैं तो जमीन पर जाकर अंदर की ओर जाएं।"
"सुनामी निकासी के दौरान कितनी ऊंचाई सुरक्षित है?","समुद्र तल से कम से कम 30 मीटर (100 फीट) ऊपर या 2 किमी अंदर तक।"
"यदि कोई ऊंची जमीन उपलब्ध नहीं है तो क्या करें?","जितना हो सके अंदर की ओर जाएं, मजबूत इमारतों की ऊपरी मंजिलों की तलाश करें।"
"क्या सुनामी निकासी के दौरान लिफ्ट का उपयोग करना चाहिए?","नहीं, निकासी के दौरान बिजली बंद होने के मामले में सीढ़ियों का उपयोग करें।"
"यदि सुनामी चेतावनी के दौरान गाड़ी चला रहे हों तो क्या करें?","सुरक्षित रूप से पार्क करें, आपातकालीन किट लें, पैदल ऊंची जमीन पर निकलें।"
"क्या कार में सुनामी से भाग सकते हैं?","ट्रैफिक, मलबे और सुनामी की गति के कारण संभावना कम - जब संभव हो पैदल निकलें।"
"यदि निकासी मार्ग अवरुद्ध हों तो क्या करें?","ऊंची जमीन के लिए वैकल्पिक मार्ग खोजें, खतरनाक क्षेत्रों में वापस न जाएं।"
"क्या निकासी के दौरान दूसरों की मदद करनी चाहिए?","हां यदि सुरक्षित हो, लेकिन अनावश्यक रूप से जान जोखिम में न डालें।"
"यदि निकासी के दौरान घायल व्यक्ति मिले तो क्या करें?","यदि संभव हो तो मदद करें लेकिन पहले सुरक्षा पर पहुंचने को प्राथमिकता दें।"
"गतिशीलता सीमाओं के साथ कैसे निकलें?","पहले से सहायता की योजना बनाएं, व्हीलचेयर/वॉकर का उपयोग करें, दूसरों से मदद लें।"
"यदि निकासी के दौरान छोटे बच्चों की देखभाल कर रहे हों तो क्या करें?","शिशुओं को गोद में लें, बच्चों का हाथ पकड़ें, नियमित रूप से निकासी का अभ्यास करें।"
"क्या बुजुर्गों या विकलांगों को निकलना चाहिए?","हां, सहायता और परिवहन के लिए पहले से योजना बनाएं।"
"यदि निर्धारित निकासी क्षेत्र तक नहीं पहुंच सकते तो क्या करें?","उपलब्ध सबसे ऊंची जमीन पर जाएं, यहां तक कि इमारतों की ऊपरी मंजिलों पर भी।"
"यदि सुनामी के पानी में फंस जाएं तो क्या करें?","तैरते मलबे को पकड़ें, बिजली की तारों से बचें, जल्दी पानी से बाहर निकलने की कोशिश करें।"
"क्या सुनामी के पानी में तैर सकते हैं?","मलबे और शक्तिशाली धाराओं के कारण बहुत कठिन - यदि संभव हो तो बचें।"
"यदि सुनामी का पानी आपके चारों ओर बढ़ रहा हो तो क्या करें?","उपलब्ध सबसे ऊंचे बिंदु पर चढ़ें, मदद के लिए पुकारें, बिजली के खतरों से बचें।"
"क्या सुनामी के दौरान इमारतों में प्रवेश करना चाहिए?","केवल मजबूत, ऊंची इमारतों में अंतिम उपाय के रूप में - ऊंची जमीन बेहतर है।"
"यदि सुनामी द्वारा बहा दिए जाएं तो क्या करें?","कुछ तैरने वाली चीज पकड़ें, सिर को मलबे से बचाएं, सुरक्षा के लिए तैरने की कोशिश करें।"
"क्या सुनामी के पानी में रहकर जीवित रह सकते हैं?","संभव लेकिन मलबे, प्रदूषण और शक्तिशाली धाराओं के कारण खतरनाक।"
"यदि सुनामी के दौरान इमारत में फंस जाएं तो क्या करें?","सबसे ऊपरी मंजिल पर जाएं, मदद के लिए संकेत दें, खिड़कियों से दूर रहें।"
"क्या सुनामी के दौरान सामान के लिए वापस जाना चाहिए?","कभी नहीं, भौतिक संपत्ति बदली जा सकती है - आपका जीवन नहीं।"
"यदि निकासी के दौरान किसी को भूल जाएं तो क्या करें?","वापस न जाएं, आपातकालीन कर्मियों को लापता व्यक्ति के स्थान की जानकारी दें।"
"निकासी क्षेत्र में कितने समय तक रहना चाहिए?","जब तक अधिकारी ऑल-क्लीयर न दें, आमतौर पर अंतिम लहर के कई घंटे बाद तक।"
"यदि निकासी के दौरान सुनामी साइरन सुनें तो क्या करें?","तुरंत निकासी जारी रखें, साइरन का मतलब है खतरा आसन्न है।"
"क्या सुनामी का पानी पी सकते हैं?","कभी नहीं, यह खारे पानी, मलबे और खतरनाक सामग्री से दूषित होता है।"
"यदि लंबी निकासी के दौरान भूख लगे तो क्या करें?","आपातकालीन खाद्य आपूर्ति का राशन करें, मदद आने में घंटे लग सकते हैं।"
"क्या सुनामी के दौरान सेल फोन का उपयोग करना चाहिए?","केवल आपातकाल के लिए, बैटरी बचाएं और नेटवर्क पर अधिक लोड से बचें।"
"सुनामी के बाद वापस जाना कब सुरक्षित है?","केवल जब अधिकारी आधिकारिक ऑल-क्लीयर दें और खतरों की जांच करें।"
"सुनामी से वापसी के बाद सबसे पहले क्या जांचना चाहिए?","संरचनात्मक क्षति, बिजली के खतरे, गैस लीक, दूषित पानी।"
"सुनामी के बाद गैस लीक की जांच कैसे करें?","गैस की गंध सूंघें, सिसकारी की आवाज सुनें, मुख्य वाल्व बंद करें, गैस कंपनी को कॉल करें।"
"यदि आपका घर सुनामी से भर गया हो तो क्या करें?","जांच तक प्रवेश न करें, प्रदूषण मान लें, फोटो के साथ क्षति का दस्तावेजीकरण करें।"
"क्या सुनामी के बाद नल का पानी पीना चाहिए?","जब तक अधिकारी सुरक्षित होने की पुष्टि न करें, बोतलबंद या उबला हुआ पानी उपयोग करें।"
"सुनामी के बाद सफाई कैसे करें?","सुरक्षात्मक गियर पहनें, दूषित सामग्री हटाएं, सतहों को अच्छी तरह कीटाणुरहित करें।"
"सुनामी के बाद क्या फेंक देना चाहिए?","भोजन जो पानी के संपर्क में आया, क्षतिग्रस्त बिजली के सामान, कारपेट जैसी झरझरी सामग्री।"
"सुनामी के मलबे से कैसे निपटें?","अकेले संभालें नहीं, बड़े मलबे की सूचना अधिकारियों को दें, खतरनाक सामग्री से सावधान रहें।"
"यदि सुनामी के बाद उपकरण क्षतिग्रस्त हों तो क्या करें?","पेशेवर जांच और मरम्मत तक उपयोग न करें।"
"क्या सुनामी के बाद कार में प्रवेश करना चाहिए?","पहले इसकी जांच कराएं, खारा पानी बिजली और यांत्रिक प्रणालियों को नुकसान पहुंचा सकता है।"
"बीमा के लिए सुनामी क्षति का दस्तावेजीकरण कैसे करें?","सफाई से पहले फोटो/वीडियो लें, रसीदें रखें, बीमाकर्ता से तुरंत संपर्क करें।"
"सुनामी के बाद कौन सी भावनात्मक प्रतिक्रियाएं सामान्य हैं?","चिंता, उदासी, गुस्सा, सोने में कठिनाई - सभी सामान्य तनाव प्रतिक्रियाएं हैं।"
"सुनामी के बाद मानसिक स्वास्थ्य सहायता कब लेनी चाहिए?","यदि लक्षण बने रहते हैं या दैनिक कार्यप्रणाली में हस्तक्षेप करते हैं।"
"बच्चों को सुनामी आघात से निपटने में कैसे मदद करें?","आराम प्रदान करें, दिनचर्या बनाए रखें, ईमानदार उम्र-उपयुक्त जानकारी दें।"
"यदि सुनामी में महत्वपूर्ण दस्तावेज खो जाएं तो क्या करें?","पहचान पत्र, बीमा कागजात, मेडिकल रिकॉर्ड बदलने के लिए एजेंसियों से संपर्क करें।"
"सुनामी के बाद लापता परिवारजनों को कैसे खोजें?","रेड क्रॉस से संपर्क करें, आपातकालीन आश्रयों की जांच करें, सुरक्षित रूप से सोशल मीडिया का उपयोग करें।"
"सुनामी के बाद कौन सी सहायता उपलब्ध है?","FEMA सहायता, रेड क्रॉस मदद, स्थानीय चैरिटी सपोर्ट, बीमा दावे।"
"सुनामी रिकवरी में कितना समय लगता है?","क्षति की गंभीरता और उपलब्ध संसाधनों के आधार पर महीनों से वर्षों तक।"
"क्या सुनामी के बाद उसी स्थान पर पुनर्निर्माण करना चाहिए?","ऊंचाई, सेटबैक और बेहतर निर्माण तरीकों पर विचार करें।"
"सुनामी-प्रतिरोधी निर्माण क्या है?","ऊंची संरचनाएं, टूटने वाली दीवारें, प्रबलित सामग्री, उचित जल निकासी।"
"मौजूदा इमारत को सुनामी-प्रतिरोधी कैसे बनाएं?","उपकरण ऊंचे करें, फ्लड वेंट स्थापित करें, नींव मजबूत करें, एस्केप रूट बनाएं।"
"कौन सी लैंडस्केपिंग सुनामी के साथ मदद करती है?","देशी वनस्पति, प्राकृतिक बाधाएं, कठोर सतहों से बचें जो रनअप बढ़ाती हैं।"
"क्या तटीय समुदायों में समुद्री दीवार होनी चाहिए?","मदद कर सकती है लेकिन झूठी सुरक्षा पैदा कर सकती है, बड़े सुनामी के खिलाफ प्रभावी नहीं।"
"वर्टिकल इवैक्यूएशन क्या है?","जब क्षैतिज निकासी असंभव हो तो इमारतों में ऊपर जाना।"
"वर्टिकल इवैक्यूएशन बिल्डिंग कितनी ऊंची होनी चाहिए?","कम से कम 4 मंजिल या अपेक्षित सुनामी बलों का सामना करने के लिए डिजाइन।"
"अच्छी सुनामी निकासी इमारत क्या बनाती है?","प्रबलित कंक्रीट, स्टील फ्रेम, अपेक्षित लहर ऊंचाई से ऊपर, कई निकास।"
"सुनामी निकासी मार्ग कैसे डिजाइन करें?","न्यूनतम बाधाओं और चोकपॉइंट के साथ ऊंची जमीन तक चौड़े, स्पष्ट रास्ते।"
"क्या निकासी मार्गों पर साइन होने चाहिए?","हां, सुरक्षा की दिशा और दूरी दिखाने वाले स्पष्ट बहुभाषी साइन।"
"प्राकृतिक बाधाएं क्या भूमिका निभाती हैं?","मैंग्रोव, कोरल रीफ और टिब्बे सुनामी ऊर्जा कम कर सकते हैं लेकिन रोक नहीं सकते।"
"समुदाय सुनामी जोखिम के बारे में कैसे शिक्षित करते हैं?","सार्वजनिक ड्रिल, शिक्षा अभियान, स्कूल प्रोग्राम, चेतावनी प्रणाली परीक्षण।"
"TsunamiReady प्रमाणन क्या है?","प्रभावी सुनामी तैयारी वाले समुदायों को पहचानने वाला NOAA कार्यक्रम।"
"समुदायों को सुनामी ड्रिल कितनी बार करना चाहिए?","कम से कम वार्षिक, उच्च जोखिम क्षेत्रों में अधिक बार।"
"स्कूलों को सुनामी तैयारी के लिए क्या करना चाहिए?","निकासी योजना, नियमित ड्रिल, अभिभावक सूचना प्रणाली, ऊंचे सुरक्षित क्षेत्र।"
"होटल सुनामी के लिए कैसे तैयार होते हैं?","अतिथि शिक्षा, निकासी योजना, कर्मचारी प्रशिक्षण, आपातकालीन आपूर्ति।"
"सुनामी क्षेत्रों में अस्पतालों को क्या करना चाहिए?","ऊंचाई योजना, बैकअप पावर, रोगी निकासी प्रक्रिया, कर्मचारी प्रशिक्षण।"
"बंदरगाह और हार्बर सुनामी के लिए कैसे तैयार होते हैं?","चेतावनी प्रणाली, पोत निकासी योजना, बुनियादी ढांचा संरक्षण, आपातकालीन प्रतिक्रिया।"
"अंतर्राष्ट्रीय सुनामी सहयोग क्या है?","चेतावनी डेटा साझा करना, अनुसंधान सहयोग, मानकीकृत अलर्ट सिस्टम।"
"Pacific Tsunami Warning Center क्या है?","अंतर्राष्ट्रीय केंद्र जो प्रशांत महासागर में सुनामी खतरों की निगरानी करता है।"
"विभिन्न देश सुनामी चेतावनी कैसे साझा करते हैं?","क्षेत्रीय चेतावनी नेटवर्क और अंतर्राष्ट्रीय संचार प्रोटोकॉल के माध्यम से।"
"कौन सा अनुसंधान सुनामी विज्ञान में सुधार ला रहा है?","कंप्यूटर मॉडलिंग, ऐतिहासिक अध्ययन, भूवैज्ञानिक अनुसंधान, प्रारंभिक चेतावनी तकनीक।"
"वैज्ञानिक पिछली सुनामी का अध्ययन कैसे करते हैं?","तलछट जमा, कोरल वृद्धि पैटर्न, ऐतिहासिक रिकॉर्ड, भूवैज्ञानिक साक्ष्य।"
"Paleotsunamiology क्या है?","भूवैज्ञानिक और जैविक साक्ष्य का उपयोग करके प्रागैतिहासिक सुनामी का अध्ययन।"
"सुनामी मॉडल कैसे काम करते हैं?","लहर उत्पादन, प्रसार और तटीय प्रभाव के कंप्यूटर सिमुलेशन।"
"कौन सी नई तकनीक विकसित की जा रही है?","तेज पहचान प्रणाली, बेहतर मॉडलिंग, बेहतर चेतावनी प्रसार।"
"क्या कृत्रिम बुद्धिमत्ता सुनामी में मदद कर सकती है?","AI लहर भविष्यवाणी में सुधार, निकासी मार्ग अनुकूलन, जोखिम पैटर्न विश्लेषण कर सकती है।"
"Community-based tsunami warning क्या है?","स्थानीय प्रणाली जो पड़ोसी नेटवर्क के साथ आधिकारिक चेतावनियों का पूरक है।"
"दीर्घकालिक सुनामी तैयारी कैसे बनाए रखें?","नियमित योजना अपडेट, निरंतर शिक्षा, उपकरण रखरखाव, सामुदायिक भागीदारी।"
"सुनामी जोखिम मूल्यांकन क्या है?","विशिष्ट क्षेत्रों के लिए सुनामी संभावना और संभावित प्रभाव का वैज्ञानिक मूल्यांकन।"
"सुनामी जोखिम के साथ विकास कैसे संतुलित करें?","जोनिंग प्रतिबंध, बिल्डिंग कोड, सेटबैक आवश्यकताएं, जोखिम प्रकटीकरण।"
"सुनामी तैयारी में शिक्षा की भूमिका क्या है?","प्राकृतिक चेतावनियों की पहचान और उचित प्रतिक्रिया कार्यों को सिखाना।"
"सुनामी तैयारी योजनाओं को कैसे अपडेट करें?","नियमित समीक्षा, सीखे गए सबक शामिल करना, संपर्क जानकारी अपडेट करना, ड्रिल अभ्यास।"
"सुनामी तैयारी को सफल क्या बनाता है?","सामुदायिक जागरूकता, प्रभावी चेतावनी प्रणाली, स्पष्ट निकासी मार्ग, नियमित अभ्यास।"
"क्या सुनामी के बारे में पारंपरिक ज्ञान पर भरोसा करना चाहिए?","हां, स्वदेशी ज्ञान में अक्सर ऐतिहासिक घटनाओं के बारे में मूल्यवान जानकारी होती है।"
"रात के समय सुनामी के लिए कैसे तैयार रहें?","फ्लैशलाइट तैयार रखें, निकासी मार्ग को महसूस करके जानें, अंधेरे में अभ्यास करें।"
"यदि खराब मौसम के दौरान सुनामी आए तो क्या करें?","फिर भी तुरंत निकलें, ऊंची जमीन पर मजबूत आश्रय की तलाश करें।"
प्रश्न,उत्तर
"क्या छोटी सुनामी भी खतरनाक हो सकती है?","हाँ, छोटी लहरों में भी शक्तिशाली धाराएं हो सकती हैं और डूबने का कारण बन सकती हैं।"
"सुनामी और तूफानी लहरों में क्या अंतर है?","सुनामी भूगर्भीय घटनाओं से आती है, तूफानी लहरें मौसम से आती हैं।"
"सुनामी को सामान्य लहरों से कैसे अलग करें?","सुनामी पूरे पानी के स्तंभ को प्रभावित करती है, इसकी अवधि लंबी होती है, घंटों तक जारी रहती है।"
"यदि आप अंतर्देशीय लेकिन सुनामी निकासी क्षेत्र के पास रहते हैं तो क्या करें?","यदि आप नीचले नदी घाटी में हैं तो आपको अभी भी निकासी करनी पड़ सकती है।"
"क्या नदियाँ सुनामी की लहरों को अंतर्देशीय ले जा सकती हैं?","हाँ, सुनामी नदियों में ऊपर जा सकती है और तट से मीलों दूर बाढ़ का कारण बन सकती है।"
"सुनामी तलछट क्या है और यह क्यों खतरनाक है?","लहरों द्वारा लाई गई रेत और मलबा, क्षेत्रों को दबा सकता है और दूषित पदार्थ हो सकते हैं।"
"सुनामी के बाद श्रृंखलाबद्ध आपदाओं के लिए कैसे तैयार रहें?","आग, रासायनिक रिसाव, बुनियादी ढांचे की विफलताओं की योजना बनाएं जो बाद में हो सकती हैं।"
"यदि परमाणु संयंत्र सुनामी से क्षतिग्रस्त हो जाए तो क्या करें?","निकासी के आदेशों का पालन करें, निर्देशित होने पर पोटेशियम आयोडाइड लें, विकिरण के स्तर की निगरानी करें।"
"क्या आपको वैश्विक भूकंप गतिविधि के बारे में जानकारी रखनी चाहिए?","हाँ, बड़े दूर के भूकंप घंटों बाद सुनामी उत्पन्न कर सकते हैं।"
"सुनामी सुरक्षा का सबसे महत्वपूर्ण नियम क्या है?","संदेह होने पर निकल जाएं - तुरंत ऊंची जगह पर जाएं।"
"सुनामी सुरक्षा की बुनियादी बातें कैसे याद रखें?","DROP (भूकंप), CHECK (प्राकृतिक संकेत), GO (ऊंची जगह पर निकासी) सोचें।"
"सुनामी क्या है?","समुद्री पानी की बड़ी मात्रा के अचानक विस्थापन से उत्पन्न लहरों की श्रृंखला।"
"सुनामी का कारण क्या है?","पानी के नीचे भूकंप, ज्वालामुखी विस्फोट, भूस्खलन, या उल्कापिंड का गिरना।"
"सुनामी का सबसे आम कारण क्या है?","7.0 या अधिक तीव्रता वाले पानी के नीचे भूकंप।"
"क्या ज्वालामुखी विस्फोट से सुनामी आ सकती है?","हाँ, विस्फोटक विस्फोट या ढहने से बड़ी मात्रा में पानी विस्थापित हो सकता है।"
"क्या भूस्खलन से सुनामी आ सकती है?","हाँ, पानी के नीचे या तटीय भूस्खलन से स्थानीय सुनामी उत्पन्न हो सकती है।"
"इतिहास की सबसे घातक सुनामी कौन सी थी?","2004 की हिंद महासागर की सुनामी जिसमें 2,30,000 से अधिक लोग मारे गए।"
"अब तक की सबसे बड़ी सुनामी लहर कौन सी थी?","1958 लितुआ खाड़ी, अलास्का - 524 मीटर (1,720 फीट) ऊंची।"
"गहरे समुद्र में सुनामी कितनी तेजी से चलती है?","500-800 किमी/घंटा (300-500 मील प्रति घंटे), एक व्यावसायिक जेट के समान।"
"उथले पानी में सुनामी कितनी तेजी से चलती है?","50-100 किमी/घंटा (30-60 मील प्रति घंटे), लेकिन तट के पास लहरें ऊंची हो जाती हैं।"
"सुनामी तट के पास धीमी क्यों हो जाती है?","उथला पानी घर्षण पैदा करता है जो गति कम करता है लेकिन ऊंचाई बढ़ाता है।"
"सुनामी की लहरें कितनी ऊंची हो सकती हैं?","आमतौर पर 3-30 मीटर, लेकिन चरम मामलों में 40 मीटर से अधिक हो सकती हैं।"
"सुनामी रनअप क्या है?","समुद्र तल से अंतर्देशीय पानी की अधिकतम ऊर्ध्वाधर ऊंचाई।"
"सुनामी अंतर्देशीय कितनी दूर जा सकती है?","समतल तटीय मैदानों पर 10 किलोमीटर तक अंतर्देशीय।"
"क्या सभी सुनामी लहरें समान आकार की होती हैं?","नहीं, लहरें भिन्न होती हैं और बाद की लहरें पहली से बड़ी हो सकती हैं।"
"सुनामी लहरों के बीच कितना समय होता है?","आमतौर पर लहर की चोटियों के बीच 10-45 मिनट।"
"क्या सुनामी हमेशा पानी की विशाल दीवारों के रूप में दिखती है?","नहीं, अक्सर तेजी से बढ़ते ज्वार या तेज चलती बाढ़ के रूप में।"
"सुनामी बोर क्या है?","नदियों या संकीर्ण खाड़ियों में बनने वाली अशांत पानी की दीवार।"
"सुनामी के प्रारंभिक प्राकृतिक चेतावनी संकेत क्या हैं?","तट के पास मजबूत, लंबा भूकंप, समुद्र का पीछे हटना, असामान्य गर्जना की आवाज।"
"क्या जानवर इंसानों से पहले सुनामी को महसूस कर सकते हैं?","कभी-कभी, लेकिन चेतावनी के लिए केवल जानवरों के व्यवहार पर भरोसा न करें।"
"यदि आप तट पर तेज भूकंप महसूस करें तो क्या करना चाहिए?","तुरंत ऊंची जगह पर जाएं, आधिकारिक चेतावनी का इंतजार न करें।"
"भूकंप के बाद निकासी के लिए कितना समय होता है?","आमतौर पर नजदीकी सुनामी के लिए 15-30 मिनट, दूर के स्रोतों के लिए घंटे।"
"सुनामी चेतावनी कौन जारी करता है?","राष्ट्रीय सुनामी चेतावनी केंद्र और स्थानीय आपातकालीन प्रबंधन।"
"सुनामी वॉच क्या है?","भूकंप डेटा के आधार पर सुनामी संभव है, अपडेट के लिए सतर्क रहें।"
"सुनामी एडवाइजरी क्या है?","मजबूत धाराओं की अपेक्षा, पानी से दूर रहें लेकिन निकासी आवश्यक नहीं।"
"सुनामी चेतावनी क्या है?","खतरनाक सुनामी लहरों की अपेक्षा, तत्काल निकासी आवश्यक।"
"सुनामी चेतावनी कैसे वितरित की जाती है?","साइरन, रेडियो, टीवी, सेल फोन अलर्ट, सोशल मीडिया।"
"सुनामी चेतावनी के दौरान क्या करना चाहिए?","तुरंत ऊंची जगह या अंतर्देशीय निकासी करें।"
"क्या निकासी से पहले सुनामी की पुष्टि का इंतजार करना चाहिए?","नहीं, प्राकृतिक संकेतों या चेतावनी के आधार पर तुरंत निकासी करें।"
"सुनामी का पता लगाने वाली कौन सी तकनीक है?","गहरे समुद्री बुआ (DART), तटीय ज्वारीय गेज, भूकंपमापी।"
"गहरे समुद्री बुआ कैसे काम करते हैं?","समुद्र तल पर दबाव परिवर्तन का पता लगाते हैं और उपग्रह के माध्यम से डेटा भेजते हैं।"
"DART सिस्टम क्या है?","गहरे समुद्र आकलन और सुनामी रिपोर्टिंग बुआ नेटवर्क।"
"सुनामी चेतावनी कितनी सटीक होती है?","पहचान के लिए बहुत सटीक, लेकिन लहर की ऊंचाई और आगमन का समय अलग-अलग होता है।"
"क्या सुनामी का मौसम की तरह पूर्वानुमान लगाया जा सकता है?","नहीं, वे केवल ट्रिगर घटना के बाद पहचानी जा सकती हैं।"
"आपकी सुनामी आपातकालीन किट में क्या होना चाहिए?","पानी, भोजन, टॉर्च, रेडियो, प्राथमिक चिकित्सा, महत्वपूर्ण दस्तावेज, मजबूत जूते।"
"सुनामी के लिए कितना पानी संग्रहीत करना चाहिए?","कम से कम 3 दिनों के लिए प्रति व्यक्ति प्रति दिन 1 गैलन।"
"सुनामी आपातकाल के लिए कौन सा रेडियो सबसे अच्छा है?","बैटरी चालित या हाथ से चलने वाला मौसम रेडियो अलर्ट के साथ।"
"कौन से दस्तावेजों को सुनामी से बचाना चाहिए?","पहचान पत्र, बीमा कागजात, चिकित्सा रिकॉर्ड को बाढ़ के स्तर से ऊपर जलरोधक कंटेनर में।"
"क्या काम पर आपातकालीन सामान रखना चाहिए?","हाँ, 72 घंटे की आपूर्ति के साथ कार्यस्थल किट।"
"सुनामी निकासी के लिए कौन से जूते सबसे अच्छे हैं?","मजबूत बंद पैर के जूते जो दौड़ते समय उतरे नहीं।"
"सुनामी क्षेत्रों के लिए अपने घर को कैसे तैयार करें?","निकासी मार्ग जानें, वॉटर हीटर सुरक्षित करें, उपयोगिताओं को ऊंचा करें, आपातकालीन किट रखें।"
"क्या सुनामी क्षेत्रों में अपने घर को ऊंचा करना चाहिए?","यदि संभव हो तो खंभों/स्तंभों पर ऊंचाई पर विचार करें।"
"कौन सा बीमा सुनामी क्षति को कवर करता है?","बाढ़ बीमा कुछ सुनामी क्षति को कवर कर सकता है, नीति विवरण देखें।"
"सुनामी पारिवारिक योजना कैसे बनाएं?","मिलने के स्थान, निकासी मार्ग, संचार विधि, क्षेत्र से बाहर संपर्क।"
"सुनामी के बाद पारिवारिक सदस्य कहाँ मिलें?","तट से दूर ऊंची जगह जहाँ सभी पहुंच सकें।"
"सुनामी निकासी का अभ्यास कैसे करें?","निकासी मार्ग पर चलें, समय लें, अलग-अलग समय पर अभ्यास करें।"
"यदि सुनामी के दौरान पारिवारिक सदस्य अलग हो जाएं तो क्या करें?","पूर्व निर्धारित मिलने के स्थान और राज्य के बाहर संपर्क व्यक्ति का उपयोग करें।"
"सुनामी निकासी के लिए पालतू जानवरों को कैसे तैयार करें?","वाहक, पट्टे, भोजन, पानी, दवाएं, पहचान टैग।"
"क्या सुनामी निकासी के दौरान गाड़ी चला सकते हैं?","केवल आवश्यक होने पर; ट्रैफिक जाम हो सकता है - पैदल चलना अक्सर तेज होता है।"
"यदि भूकंप के समय आप समुद्र तट पर हैं तो क्या करें?","गिरें, ढकें, पकड़ें, फिर तुरंत ऊंची जगह पर जाएं।"
"यदि सुनामी चेतावनी के दौरान आप नाव में हैं तो क्या करें?","यदि गहरे पानी में हैं तो रहें; यदि तट के पास हैं तो जमीन पर आकर अंतर्देशीय जाएं।"
"सुनामी निकासी के दौरान कितनी ऊंचाई सुरक्षित है?","समुद्र तल से कम से कम 30 मीटर (100 फीट) ऊपर या 2 किमी अंतर्देशीय।"
"यदि कोई ऊंची जगह उपलब्ध नहीं है तो क्या करें?","जितना संभव हो अंतर्देशीय जाएं, या मजबूत इमारतों की ऊपरी मंजिल पर जाएं।"
"क्या सुनामी निकासी के दौरान लिफ्ट का उपयोग करना चाहिए?","नहीं, बिजली जाने की स्थिति में सीढ़ियों का उपयोग करें।"
"यदि सुनामी चेतावनी जारी होने पर आप गाड़ी चला रहे हैं तो क्या करें?","सुरक्षित रूप से पार्क करें, आपातकालीन किट लें, पैदल ऊंची जगह पर निकासी करें।"
"क्या आप कार में सुनामी से बच सकते हैं?","गति और ट्रैफिक के कारण संभावना कम; जब संभव हो पैदल निकासी करें।"
"यदि निकासी मार्ग बंद हैं तो क्या करें?","ऊंची जगह के लिए वैकल्पिक मार्ग खोजें, खतरे में वापस न जाएं।"
"क्या निकासी के दौरान दूसरों की मदद करनी चाहिए?","यदि सुरक्षित हो तो हाँ, लेकिन अपनी सुरक्षा को प्राथमिकता दें।"
"यदि निकासी के दौरान आपको घायल व्यक्ति मिले तो क्या करें?","यदि संभव हो तो मदद करें, लेकिन पहले खुद को सुरक्षित स्थान पर ले जाएं।"
"गतिशीलता की सीमाओं के साथ कैसे निकासी करें?","सहायता की योजना बनाएं, व्हीलचेयर/वॉकर का उपयोग करें, मदद मांगें।"
"यदि निकासी के दौरान आप छोटे बच्चों की देखभाल कर रहे हैं तो क्या करें?","शिशुओं को गोद में लें, बच्चों का हाथ पकड़ें, नियमित अभ्यास करें।"
"क्या बुजुर्गों या विकलांग लोगों को निकासी करनी चाहिए?","हाँ, पहले से सहायता और परिवहन की योजना बनाएं।"
"यदि आप निर्दिष्ट निकासी क्षेत्र तक नहीं पहुंच सकते तो क्या करें?","सबसे ऊंची जगह या इमारतों की ऊपरी मंजिल पर जाएं।"
"यदि सुनामी के पानी में फंस जाएं तो क्या करें?","तैरते मलबे को पकड़ें, सिर की रक्षा करें, सुरक्षा के लिए तैरने की कोशिश करें।"
"क्या सुनामी के पानी में तैर सकते हैं?","मलबे और धाराओं के कारण बहुत कठिन - यदि संभव हो तो बचें।"
"यदि आपके चारों ओर सुनामी का पानी बढ़ रहा है तो क्या करें?","सबसे ऊंची जगह पर चढ़ें, मदद के लिए चिल्लाएं, बिजली के खतरों से बचें।"
"क्या सुनामी के दौरान इमारतों में प्रवेश करना चाहिए?","केवल मजबूत, ऊंची इमारतें अंतिम विकल्प के रूप में; ऊंची जगह सुरक्षित है।"
"यदि सुनामी के पानी में बह जाएं तो क्या करें?","कुछ तैरने वाली चीज पकड़ें, सिर की रक्षा करें, सुरक्षा तक पहुंचने की कोशिश करें।"
"क्या सुनामी के पानी में रहकर जिंदा रह सकते हैं?","संभव है लेकिन मलबे, संदूषण और धाराओं के कारण खतरनाक।"
"यदि सुनामी के दौरान इमारत में फंस जाएं तो क्या करें?","सबसे ऊपरी मंजिल पर जाएं, मदद के लिए संकेत दें, खिड़कियों से दूर रहें।"
"क्या सुनामी के दौरान सामान के लिए वापस जाना चाहिए?","कभी नहीं, आपकी जिंदगी भौतिक संपत्ति से अधिक महत्वपूर्ण है।"
"यदि निकासी के दौरान आप किसी को भूल जाएं तो क्या करें?","वापस न जाएं; आपातकालीन उत्तरदाताओं को सूचित करें।"
"निकासी क्षेत्र में कब तक रहना चाहिए?","जब तक अधिकारी ऑल-क्लियर न दें, आमतौर पर अंतिम लहर के बाद कई घंटे।"
"यदि निकासी के दौरान सुनामी साइरन सुनाई दे तो क्या करें?","तुरंत निकासी जारी रखें; साइरन का मतलब है तत्काल खतरा।"
"क्या सुनामी का पानी पी सकते हैं?","कभी नहीं; यह खारे पानी, मलबे और खतरनाक पदार्थों से दूषित होता है।"
"यदि लंबी निकासी के दौरान भूख लगे तो क्या करें?","आपातकालीन भोजन आपूर्ति को राशन करें; मदद आने में घंटे लग सकते हैं।"
"क्या सुनामी के दौरान सेल फोन का उपयोग करना चाहिए?","केवल आपातकाल के लिए; बैटरी बचाएं और नेटवर्क को ओवरलोड न करें।"
"सुनामी के बाद वापस जाना कब सुरक्षित है?","केवल जब अधिकारी आधिकारिक ऑल-क्लियर दें और खतरों का निरीक्षण करें।"
"वापस जाने के बाद पहले क्या जांचना चाहिए?","संरचनात्मक क्षति, बिजली के खतरे, गैस लीक, दूषित पानी।"
"सुनामी के बाद गैस लीक की जांच कैसे करें?","गैस की गंध सूंघें, हिसहिसाहट सुनें, वाल्व बंद करें, गैस कंपनी को कॉल करें।"
"यदि आपका घर सुनामी से बाढ़ग्रस्त हो गया है तो क्या करें?","निरीक्षण तक प्रवेश न करें; संदूषण मान लें; क्षति का दस्तावेजीकरण करें।"
"सुनामी के बाद नल का पानी पीना चाहिए?","तब तक नहीं जब तक अधिकारी सुरक्षा की पुष्टि न करें; बोतल बंद या उबला पानी उपयोग करें।"
"सुनामी के बाद सफाई कैसे करें?","सुरक्षा गियर पहनें, दूषित सामग्री हटाएं, सतहों को कीटाणुरहित करें।"
"सुनामी के बाद क्या फेंक देना चाहिए?","भोजन जो पानी के संपर्क में आया, क्षतिग्रस्त बिजली के सामान, छिद्रपूर्ण सामग्री।"
"सुनामी मलबे से कैसे निपटें?","बड़े मलबे की रिपोर्ट अधिकारियों को करें, खतरनाक पदार्थों से बचें।"
"यदि सुनामी के बाद उपयोगिताएं क्षतिग्रस्त हैं तो क्या करें?","पेशेवर निरीक्षण तक उपयोग न करें।"
"क्या सुनामी के बाद अपनी कार में प्रवेश करना चाहिए?","पहले इसका निरीक्षण कराएं; खारा पानी बिजली और यांत्रिक प्रणालियों को नुकसान पहुंचाता है।"
"बीमे के लिए सुनामी क्षति का दस्तावेजीकरण कैसे करें?","सफाई से पहले फोटो/वीडियो लें, रसीदें रखें, बीमाकर्ता से संपर्क करें।"
"सुनामी के बाद कौन सी भावनात्मक प्रतिक्रियाएं सामान्य हैं?","चिंता, उदासी, गुस्सा, नींद न आना - सामान्य तनाव प्रतिक्रियाएं।"
"प्रश्न","उत्तर"
"सुनामी के बाद मानसिक स्वास्थ्य सहायता कब लेनी चाहिए?","यदि लक्षण बने रहें या दैनिक कार्यों में बाधा डालें।"
"बच्चों को सुनामी के आघात से कैसे मदद करें?","सांत्वना दें, दिनचर्या बनाए रखें, ईमानदार उम्र-उपयुक्त जानकारी दें।"
"यदि सुनामी में महत्वपूर्ण दस्तावेज खो जाएं तो क्या करें?","आईडी, बीमा पत्र, मेडिकल रिकॉर्ड बदलवाने के लिए एजेंसियों से संपर्क करें।"
"सुनामी के बाद लापता परिवार के सदस्यों को कैसे खोजें?","रेड क्रॉस से संपर्क करें, आश्रयों की जाँच करें, सोशल मीडिया का सुरक्षित उपयोग करें।"
"सुनामी के बाद कौन-कौन सी सहायता उपलब्ध है?","FEMA सहायता, रेड क्रॉस, स्थानीय चैरिटी, बीमा दावे।"
"सुनामी से उबरने में कितना समय लगता है?","क्षति की गंभीरता और संसाधनों पर निर्भर करते हुए महीनों से वर्षों तक।"
"क्या सुनामी के बाद उसी स्थान पर फिर से निर्माण करना चाहिए?","ऊँचाई, पीछे हटाव और बेहतर निर्माण तरीकों पर विचार करें।"
"सुनामी-प्रतिरोधी निर्माण क्या है?","ऊँची संरचनाएँ, टूटने वाली दीवारें, मजबूत सामग्री, उचित जल निकासी।"
"मौजूदा इमारत को सुनामी-प्रतिरोधी कैसे बनाएं?","यूटिलिटीज़ को ऊँचा करें, बाढ़ वेंट लगाएं, नींव को मजबूत करें, बचाव मार्ग बनाएं।"
"कौन सा परिदृश्य सुनामी में मदद करता है?","स्थानीय वनस्पति, प्राकृतिक अवरोध, कठोर सतहों से बचें जो लहरों की ऊँचाई बढ़ाते हैं।"
"क्या तटीय समुदायों को समुद्री दीवारें बनानी चाहिए?","मदद कर सकती हैं लेकिन झूठा सुरक्षा भाव देती हैं, बड़ी सुनामी के खिलाफ प्रभावी नहीं।"
"वर्टिकल इवैक्यूएशन क्या है?","जब क्षैतिज निकासी असंभव हो तो इमारतों में ऊपर जाना।"
"वर्टिकल इवैक्यूएशन इमारतें कितनी ऊँची होनी चाहिए?","कम से कम 4 मंजिल या अपेक्षित सुनामी बलों को सहने लायक।"
"अच्छी सुनामी निकासी इमारत कैसी होनी चाहिए?","रीइन्फोर्स्ड कंक्रीट, स्टील फ्रेम, लहरों की ऊँचाई से ऊपर, कई निकास द्वार।"
"सुनामी निकासी मार्ग कैसे डिजाइन करें?","चौड़े, साफ रास्ते जो ऊँची जमीन तक जाएं और न्यूनतम बाधाओं के साथ।"
"क्या निकासी मार्गों पर संकेत होने चाहिए?","हाँ, स्पष्ट बहुभाषी संकेत जो दिशा और दूरी दिखाएं।"
"प्राकृतिक अवरोध क्या भूमिका निभाते हैं?","मैंग्रोव, कोरल रीफ और टिब्बे सुनामी ऊर्जा को कम करते हैं लेकिन रोकते नहीं।"
"समुदाय सुनामी जोखिम के बारे में कैसे शिक्षित करते हैं?","जन अभ्यास, अभियान, स्कूल कार्यक्रम, चेतावनी प्रणाली परीक्षण।"
"TsunamiReady प्रमाणन क्या है?","NOAA का कार्यक्रम जो प्रभावी सुनामी तैयारी वाले समुदायों को मान्यता देता है।"
"समुदायों को कितनी बार सुनामी अभ्यास करना चाहिए?","कम से कम सालाना, उच्च जोखिम वाले क्षेत्रों में और अधिक।"
"स्कूलों को सुनामी तैयारी के लिए क्या करना चाहिए?","निकासी योजनाएँ, नियमित अभ्यास, अभिभावक सूचना प्रणाली, ऊँचे सुरक्षित क्षेत्र।"
"होटल सुनामी के लिए कैसे तैयार होते हैं?","अतिथि शिक्षा, निकासी योजनाएँ, स्टाफ प्रशिक्षण, आपातकालीन सामग्री।"
"सुनामी क्षेत्रों में अस्पतालों को क्या करना चाहिए?","ऊँचाई योजना, बैकअप पावर, मरीज निकासी प्रक्रियाएँ, स्टाफ प्रशिक्षण।"
"बंदरगाह और हार्बर सुनामी के लिए कैसे तैयार होते हैं?","चेतावनी प्रणाली, जहाज़ निकासी योजनाएँ, अवसंरचना संरक्षण, आपात प्रतिक्रिया।"
"अंतरराष्ट्रीय सुनामी सहयोग क्या है?","चेतावनी डेटा साझा करना, शोध सहयोग, मानकीकृत चेतावनी प्रणाली।"
"पैसिफिक सुनामी वार्निंग सेंटर क्या है?","अंतरराष्ट्रीय केंद्र जो प्रशांत महासागर की सुनामी खतरों के लिए निगरानी करता है।"
"विभिन्न देश सुनामी चेतावनी कैसे साझा करते हैं?","क्षेत्रीय नेटवर्क और अंतरराष्ट्रीय संचार प्रोटोकॉल के माध्यम से।"
"कौन सा शोध सुनामी विज्ञान को सुधार रहा है?","कंप्यूटर मॉडलिंग, ऐतिहासिक अध्ययन, भूवैज्ञानिक शोध, प्रारंभिक चेतावनी तकनीक।"
"वैज्ञानिक पिछले सुनामी का अध्ययन कैसे करते हैं?","अवसाद जमा, कोरल वृद्धि पैटर्न, ऐतिहासिक रिकॉर्ड, भूवैज्ञानिक साक्ष्य।"
"पेलियोसुनामी विज्ञान क्या है?","पूर्व-ऐतिहासिक सुनामी का अध्ययन भूवैज्ञानिक और जैविक साक्ष्य से।"
"सुनामी मॉडल कैसे काम करते हैं?","तरंग उत्पत्ति, प्रसार और तटीय प्रभाव के कंप्यूटर सिमुलेशन।"
"कौन सी नई तकनीक विकसित हो रही है?","तेज़ पहचान प्रणाली, उन्नत मॉडलिंग, बेहतर चेतावनी प्रसार।"
"क्या कृत्रिम बुद्धिमत्ता सुनामी में मदद कर सकती है?","एआई लहर भविष्यवाणी, निकासी मार्ग अनुकूलन, जोखिम पैटर्न विश्लेषण सुधार सकती है।"
"समुदाय-आधारित सुनामी चेतावनी क्या है?","स्थानीय प्रणाली जो आधिकारिक चेतावनियों को पड़ोस नेटवर्क से पूरक करती है।"
"लंबी अवधि की सुनामी तैयारी कैसे बनाए रखें?","नियमित योजना अपडेट, निरंतर शिक्षा, उपकरण रखरखाव, सामुदायिक भागीदारी।"
"सुनामी जोखिम मूल्यांकन क्या है?","विशिष्ट क्षेत्रों के लिए सुनामी की संभावना और संभावित प्रभाव का वैज्ञानिक मूल्यांकन।"
"सुनामी जोखिम के साथ विकास को कैसे संतुलित करें?","ज़ोनिंग प्रतिबंध, निर्माण कोड, पीछे हटाव आवश्यकताएँ, जोखिम प्रकटीकरण।"
"सुनामी तैयारी में शिक्षा की भूमिका क्या है?","प्राकृतिक चेतावनी की पहचान और उचित प्रतिक्रिया सिखाना।"
"सुनामी तैयारी योजनाएँ कैसे अपडेट करें?","नियमित समीक्षा, सीखे गए सबक शामिल करना, संपर्क जानकारी अपडेट करना, अभ्यास करना।"
"सुनामी तैयारी को सफल क्या बनाता है?","समुदाय जागरूकता, प्रभावी चेतावनी प्रणाली, स्पष्ट निकासी मार्ग, नियमित अभ्यास।"
"क्या पारंपरिक ज्ञान पर भरोसा करना चाहिए?","हाँ, स्वदेशी ज्ञान में अक्सर ऐतिहासिक घटनाओं पर मूल्यवान अंतर्दृष्टि होती है।"
"रात में सुनामी की तैयारी कैसे करें?","टॉर्च तैयार रखें, मार्ग अंधेरे में पहचानें, अंधेरे में अभ्यास करें।"
"यदि खराब मौसम में सुनामी आए तो क्या करें?","फिर भी तुरंत निकासी करें, ऊँची और मजबूत जगह शरण लें।"
"क्या छोटी सुनामी खतरनाक हो सकती है?","हाँ, छोटी लहरें भी तेज धाराएँ पैदा कर सकती हैं और डुबो सकती हैं।"
"सुनामी और तूफानी ज्वार में क्या अंतर है?","सुनामी भूगर्भीय घटनाओं से, तूफानी ज्वार मौसम से।"
"सुनामी को सामान्य लहरों से कैसे अलग करें?","सुनामी पूरे पानी के स्तंभ को प्रभावित करती है, लंबी अवधि की होती है, घंटों तक जारी रहती है।"
"यदि आप अंदरूनी इलाके में रहते हैं लेकिन निकासी क्षेत्र के पास हैं तो क्या करें?","यदि नीची नदी घाटी में हैं तो आपको फिर भी निकासी करनी पड़ सकती है।"
"क्या नदियाँ सुनामी लहरें अंदर ले जा सकती हैं?","हाँ, सुनामी नदियों में जा सकती हैं और कई मील अंदर बाढ़ ला सकती हैं।"
"सुनामी अवसाद क्या है और यह खतरनाक क्यों है?","रेत और मलबा जो लहरों से आता है, क्षेत्र को ढक सकता है और प्रदूषक हो सकते हैं।"
"सुनामी के बाद लगातार आपदाओं की तैयारी कैसे करें?","आग, रासायनिक रिसाव और अवसंरचना विफलताओं की योजना बनाएं।"
"यदि परमाणु संयंत्र सुनामी से क्षतिग्रस्त हो जाए तो क्या करें?","निकासी आदेश मानें, पोटैशियम आयोडाइड लें (यदि निर्देशित), विकिरण स्तर की निगरानी करें।"
"क्या आपको वैश्विक भूकंप गतिविधि की जानकारी रखनी चाहिए?","हाँ, बड़े दूरस्थ भूकंप घंटों बाद सुनामी उत्पन्न कर सकते हैं।"
"सबसे महत्वपूर्ण सुनामी सुरक्षा नियम क्या है?","यदि संदेह हो तो तुरंत निकलें - ऊँची जमीन पर निकासी करें।"
"सुनामी सुरक्षा मूल बातें कैसे याद रखें?","सोचें DROP (भूकंप), CHECK (प्राकृतिक संकेत), GO (ऊँची जमीन पर जाएं)।"
"तूफानी ज्वार क्या है?","समुद्र का स्तर बढ़ना जो तेज हवाओं से तट की ओर पानी धकेलने से होता है।"
"तूफानी ज्वार का कारण क्या है?","हरिकेन या उष्णकटिबंधीय तूफान की हवाएँ और कम दबाव।"
"कम दबाव तूफानी ज्वार में कैसे योगदान देता है?","कम दबाव समुद्र स्तर को ऊपर खींचने जैसा प्रभाव देता है।"
"तूफानी ज्वार कितना ऊँचा हो सकता है?","अत्यधिक हरिकेन में 9 मीटर (30 फीट) तक, सामान्यतः 1-6 मीटर।"
"तूफानी ज्वार की ऊँचाई किन कारकों से तय होती है?","हवा की गति, तूफान का आकार, कोण, तटीय आकृति, और ज्वार स्तर।"
"हरिकेन का सबसे खतरनाक पहलू क्या है?","तूफानी ज्वार लगभग 50% मौतों का कारण होता है।"
"तूफानी ज्वार कितनी दूर अंदर जा सकता है?","समतल तटीय मैदानों पर 25 किमी तक।"
"स्टॉर्म टाइड क्या है?","तूफानी ज्वार की ऊँचाई और सामान्य ज्वार का योग।"
"क्या तूफानी ज्वार सिर्फ हरिकेन के दौरान होता है?","नहीं, कोई भी तेज तूफान (जैसे नॉरईस्टर) पैदा कर सकता है।"
"विंड सेटअप क्या है?","तूफान आने से पहले हवाओं द्वारा पानी को तट की ओर धकेलना।"
"तटीय आकार तूफानी ज्वार को कैसे प्रभावित करता है?","फनल-आकार की खाड़ियाँ और मुहाने ज्वार की ऊँचाई बढ़ा देते हैं।"
"वेव सेटअप क्या है?","लहरों के टूटने से उत्पन्न अतिरिक्त जल स्तर वृद्धि।"
"बाढ़ के अलग-अलग प्रकार कौन से हैं?","तटीय, नदी, फ्लैश, शहरी, भूजल और बांध विफलता।"
"फ्लैश फ्लड का कारण क्या है?","भारी वर्षा जो जमीन और नालों की क्षमता से अधिक हो।"
"फ्लैश फ्लड कितनी जल्दी विकसित हो सकती है?","मिनटों से घंटों में भारी वर्षा के बाद।"
"नदी बाढ़ क्या है?","लंबे समय तक या भारी वर्षा से नदियों का उफान।"
"शहरी बाढ़ क्या है?","शहरों में नालों के ओवरफ्लो होने से सतही बाढ़।"
"भूजल बाढ़ का कारण क्या है?","लंबे समय तक वर्षा से जल स्तर जमीन से ऊपर हो जाना।"
"100-वर्षीय बाढ़ क्या है?","किसी भी वर्ष में 1% संभावना वाली बाढ़।"
"500-वर्षीय बाढ़ क्या है?","किसी भी वर्ष में 0.2% संभावना वाली बाढ़।"
"क्या बाढ़ क्षेत्र स्थायी होते हैं?","नहीं, FEMA नक्शे अपडेट करता है।"
"बेस फ्लड एलिवेशन क्या है?","100-वर्षीय बाढ़ का जल स्तर जो निर्माण और बीमा में प्रयोग होता है।"
"तूफानी ज्वार क्षेत्र कैसे निर्धारित होते हैं?","कंप्यूटर मॉडलिंग द्वारा विभिन्न तूफानों की स्थिति।"
"SLOSH मॉडल क्या है?","हरिकेन से तूफानी ज्वार का कंप्यूटर प्रेडिक्शन मॉडल।"
"तूफानी ज्वार नक्शे कौन बनाता है?","नेशनल हरिकेन सेंटर।"
"तूफानी ज्वार भविष्यवाणी कितनी सटीक होती है?","ऊँचाई के लिए सामान्यतः सटीक, समय में कुछ घंटे का अंतर हो सकता है।"
"तूफानी ज्वार चेतावनी कब जारी होती है?","जब जीवन-खतरनाक ज्वार 36 घंटे में अपेक्षित हो।"
"जब तूफानी ज्वार चेतावनी जारी हो तो क्या करें?","यदि ज़ोन में हैं तो तुरंत निकासी करें।"
"क्या हवा या पानी से निकासी करनी चाहिए?","हमेशा पानी (ज्वार) से, हवा से शरण लें।"
"अनिवार्य निकासी क्या है?","कानूनी आदेश ज़ोन छोड़ने का।"
"कैसे पता चले कि आप निकासी क्षेत्र में हैं?","स्थानीय मानचित्र और आपदा प्रबंधन से।"
"आपके किट में क्या होना चाहिए?","पानी, खाना, टॉर्च, रेडियो, फर्स्ट एड, दवाइयाँ, दस्तावेज़।"
"आपको कितना नोटिस मिलता है?","आमतौर पर 12-36 घंटे।"
"क्या खिड़कियाँ बंद करनी चाहिए?","पहले निकासी करें, बोर्डिंग हवा से बचाती है, ज्वार से नहीं।"
"घर को कैसे तैयार करें?","यूटिलिटीज़ को ऊँचा करें, सामान सुरक्षित करें, निकासी से पहले बंद करें।"
"कौन से दस्तावेज़ बचाना चाहिए?","बीमा पत्र, आईडी, मेडिकल रिकॉर्ड।"
"क्या नहाने का टब भरना चाहिए?","सिर्फ अंदरूनी क्षेत्रों में, निकासी ज़ोन में नहीं।"
"पशुओं को कैसे तैयार करें?","केरियर, खाना-पानी, दवाइयाँ, टीकाकरण, पहचान।"
"अगर शेल्टर पालतू न लें तो क्या करें?","पालतू-मैत्रीपूर्ण होटल या दोस्तों के साथ योजना बनाएं।"
"क्या निकासी के दौरान गाड़ी चलानी चाहिए?","सिर्फ ज़ोन से बाहर जाने तक।"
"ज़ोन कब छोड़ना चाहिए?","चेतावनी जारी होते ही।"
"अगर निकल नहीं सकते तो क्या करें?","मजबूत इमारत के सबसे ऊपरी तल पर जाएं।"
"क्या पड़ोसियों के साथ रहना चाहिए?","सिर्फ यदि उनकी जगह सुरक्षित हो।"
"परिवार योजना कैसे बनाएं?","ज़ोन पहचानें, मार्ग, मिलने की जगहें, संचार।"
"बच्चों को क्या सिखाना चाहिए?","ज्वार और सामान्य बाढ़ का अंतर, मार्ग और मिलने की जगह।"
"Question","Answer"
"तूफ़ानी लहर से सुरक्षित रहने के लिए समुद्र तल से कितनी ऊँचाई पर होना चाहिए?","कम से कम 6-10 मीटर, स्थानीय तूफ़ानी लहर के इतिहास और अनुमानों पर निर्भर करता है।"
"यदि आप तूफ़ानी लहर के दौरान मोबाइल होम में रहते हैं तो क्या करें?","हमेशा निकासी करें, मोबाइल होम तूफ़ानी लहर या तूफ़ान की हवाओं का सामना नहीं कर सकते।"
"क्या तूफ़ानी लहर के लिए रेत की बोरियों का उपयोग करना चाहिए?","तूफ़ानी लहर के खिलाफ अप्रभावी, संपत्ति की सुरक्षा की बजाय निकासी पर ध्यान दें।"
"क्या तूफ़ानी लहर की बाढ़ के दौरान गाड़ी चला सकते हैं?","कभी भी बाढ़ के पानी से न गुजरें, चाहे वह उथला ही क्यों न लगे।"
"तूफ़ानी लहर के दौरान बाढ़ के पानी में गाड़ी चलाने का नियम क्या है?","वापस लौटें, डूबें नहीं - वैकल्पिक निकासी मार्ग खोजें।"
"तूफ़ानी लहर में कितनी गहराई का पानी कार को तैरा सकता है?","सिर्फ 12 इंच पानी अधिकांश कारों को तैरा सकता है, 18 इंच उन्हें बहा ले जाता है।"
"अगर निकासी मार्ग तूफ़ानी लहर में डूब जाए तो क्या करें?","उच्च स्थान के लिए वैकल्पिक मार्ग खोजें, पानी से गाड़ी चलाने का प्रयास न करें।"
"क्या तूफ़ानी लहर के पानी से गुजरना चाहिए?","कभी नहीं, आप गहराई, मलबा या बिजली के खतरे नहीं देख सकते।"
"यदि आप बढ़ते तूफ़ानी लहर के पानी में फंस जाएं तो क्या करें?","तुरंत सबसे ऊँचे उपलब्ध स्थान पर जाएं, संभव हो तो मदद के लिए कॉल करें।"
"क्या तूफ़ानी लहर में तैर सकते हैं?","बहुत खतरनाक है क्योंकि इसमें मलबा, तेज़ धाराएँ और दूषित पानी होता है।"
"यदि आप तूफ़ानी लहर में फंस जाएं तो क्या करें?","सबसे ऊपरी मंज़िल पर जाएं, मदद के लिए संकेत दें, बिजली के ख़तरों से बचें।"
"तूफ़ानी लहर के दौरान मदद के लिए संकेत कैसे दें?","चमकीले कपड़े, टॉर्च, मोबाइल फ़ोन, सीटी, कुछ भी जो दिखे या सुना जा सके।"
"यदि तूफ़ानी लहर आपके सुरक्षित कमरे में घुस जाए तो क्या करें?","सबसे ऊँचे उपलब्ध स्थान पर जाएं, अटारी अगर सुरक्षित मार्ग हो।"
"क्या तूफ़ानी लहर के दौरान छत पर जाना चाहिए?","सिर्फ आखिरी उपाय के रूप में और तभी जब सुरक्षित उतरने का रास्ता हो।"
"अगर तूफ़ानी लहर के दौरान गैस की गंध आए तो क्या करें?","मुख्य वाल्व बंद करें यदि संभव हो, क्षेत्र खाली करें, सुरक्षित स्थान से कॉल करें।"
"क्या तूफ़ानी लहर की बाढ़ में बिजली का उपयोग कर सकते हैं?","कभी भी बाढ़ के पानी में बिजली के उपकरण न छुएं, करंट लग सकता है।"
"यदि कार्बन मोनोऑक्साइड अलार्म बजे तो क्या करें?","तुरंत ताज़ी हवा में जाएं, जनरेटर या ग्रिल घर के अंदर इस्तेमाल न करें।"
"क्या तूफ़ानी लहर का पानी पी सकते हैं?","कभी नहीं, इसमें सीवेज, रसायन और खारा पानी मिला होता है।"
"यदि तूफ़ानी लहर के दौरान खाना खत्म हो जाए तो क्या करें?","सामग्री को बांटकर खाएं, आपातकालीन सेवाओं का इंतज़ार करें, बाढ़ के पानी में न जाएं।"
"यदि तूफ़ानी लहर में बिजली चली जाए तो गर्म कैसे रहें?","कपड़े परतों में पहनें, कंबल का उपयोग करें, शरीर की गर्मी बनाए रखें, ग्रिल या चूल्हा अंदर न जलाएं।"
"यदि कोई व्यक्ति तूफ़ानी लहर में घायल हो जाए तो क्या करें?","यदि सुरक्षित हो तो प्राथमिक उपचार दें, 911 कॉल करें, फंसे हों तो बचाव का इंतजार करें।"
"क्या तूफ़ानी लहर में दूसरों की मदद करनी चाहिए?","सिर्फ तभी जब आप सुरक्षित रूप से कर सकें और बाढ़ के पानी में न उतरें।"
"यदि आप तूफ़ानी लहर के दौरान मदद की आवाज सुनें तो क्या करें?","911 पर कॉल करके स्थान बताएं, पानी में बचाव का प्रयास न करें जब तक प्रशिक्षित न हों।"
"तूफ़ानी लहर कितने समय तक रहती है?","कई घंटे तूफ़ान गुजरने तक, और हवाएं तट की ओर बनी रहें तो और देर तक।"
"तूफ़ानी लहर के बाद बाहर जाना कब सुरक्षित है?","सिर्फ तब जब अधिकारी अनुमति दें और पानी उतर जाए।"
"तूफ़ानी लहर के बाद सबसे पहले क्या जांचना चाहिए?","संरचनात्मक क्षति, बिजली के खतरे, गैस रिसाव, पानी की गंदगी।"
"तूफ़ानी लहर की क्षति सुरक्षित रूप से कैसे जांचें?","सुरक्षात्मक उपकरण पहनें, मान लें कि उपयोगिताएँ क्षतिग्रस्त हैं, तस्वीरें लें।"
"क्या तूफ़ानी लहर के बाद घर में प्रवेश करना चाहिए?","नहीं, जब तक संरचनात्मक और बिजली की जांच न हो।"
"अगर तूफ़ानी लहर ने बिजली प्रणाली खराब कर दी हो तो क्या करें?","पेशेवर जांच तक उपयोग न करें, सभी सॉकेट दूषित मानें।"
"तूफ़ानी लहर के बाद गैस रिसाव कैसे जांचें?","गैस की गंध देखें, फुसफुसाने की आवाज़ सुनें, माचिस या लाइटर का उपयोग न करें।"
"तूफ़ानी लहर के बाद किन चीजों को फेंक देना चाहिए?","बाढ़ के पानी से संपर्क में आया भोजन, खराब इलेक्ट्रॉनिक्स, छिद्रदार सामान।"
"तूफ़ानी लहर के बाद सफाई कैसे करें?","सुरक्षात्मक उपकरण पहनें, गीले सामान को तुरंत हटाएं, अच्छी तरह से कीटाणुरहित करें।"
"क्या तूफ़ानी लहर का पानी दूषित होता है?","हाँ, इसमें सीवेज, रसायन, मलबा और हानिकारक बैक्टीरिया होते हैं।"
"तूफ़ानी लहर के बाद कीटाणुशोधन कैसे करें?","ब्लीच का घोल उपयोग करें, छिद्रदार वस्तुएं फेंक दें, सतहों को साफ करें।"
"यदि कुएं तूफ़ानी लहर से दूषित हो जाएं तो क्या करें?","जब तक जाँच और उपचार न हो, उपयोग न करें, बोतलबंद पानी पिएं।"
"क्या तूफ़ानी लहर के बाद नल का पानी पी सकते हैं?","नहीं, जब तक अधिकारी इसे सुरक्षित घोषित न करें।"
"तूफ़ानी लहर की क्षति को कैसे दर्ज करें?","सफाई से पहले तस्वीरें/वीडियो लें, रसीदें रखें, तुरंत बीमा से संपर्क करें।"
"कौन सा बीमा तूफ़ानी लहर की क्षति को कवर करता है?","बाढ़ बीमा तूफ़ानी लहर को कवर करता है, गृह बीमा आमतौर पर नहीं करता।"
"तूफ़ानी लहर के लिए बीमा दावा कब दाखिल करना चाहिए?","जितनी जल्दी संभव हो, पॉलिसी की समय सीमा के भीतर।"
"अगर आप तूफ़ानी लहर की क्षति के आकलन से सहमत न हों तो क्या करें?","पुनः निरीक्षण का अनुरोध करें, सार्वजनिक मूल्यांकक रखें, सबूत अच्छी तरह से दस्तावेज़ करें।"
"तूफ़ानी लहर के बाद अस्थायी आवास कैसे पाएँ?","FEMA सहायता, बीमा, रेड क्रॉस शरण, परिवार/दोस्त।"
"तूफ़ानी लहर के बाद कौन सी सहायता उपलब्ध है?","FEMA आपदा सहायता, SBA ऋण, रेड क्रॉस सहयोग, स्थानीय चैरिटी।"
"तूफ़ानी लहर के बाद FEMA सहायता के लिए कैसे आवेदन करें?","disasterassistance.gov पर ऑनलाइन, फ़ोन से, या आपदा केंद्र पर।"
"FEMA तूफ़ानी लहर की क्षति के लिए क्या कवर करता है?","अस्थायी आवास, घर की मरम्मत, व्यक्तिगत सामान बदलना, चिकित्सा खर्च।"
"तूफ़ानी लहर से उबरने में कितना समय लगता है?","क्षति और संसाधनों के आधार पर महीनों से वर्षों तक।"
"तूफ़ानी लहर के बाद सामान्य भावनात्मक प्रभाव क्या हैं?","चिंता, अवसाद, नींद की समस्या, तनाव - आपदा के बाद सामान्य।"
"तूफ़ानी लहर के बाद मानसिक स्वास्थ्य सहायता कब लेनी चाहिए?","यदि लक्षण हफ्तों तक बने रहें या दैनिक जीवन में बाधा डालें।"
"बच्चों को तूफ़ानी लहर के सदमे से कैसे उबारें?","दिनचर्या बनाए रखें, सान्त्वना दें, उम्र के अनुसार जानकारी दें।"
"अगर तूफ़ानी लहर में महत्वपूर्ण दस्तावेज खो जाएं तो क्या करें?","एजेंसियों से संपर्क करें ताकि पहचान पत्र, बीमा कागज़, मेडिकल रिकॉर्ड मिल सकें।"
"तूफ़ानी लहर के बाद फफूंदी कैसे रोकें?","गीले सामान को 24-48 घंटे में हटा दें, अच्छी तरह सुखाएँ, डिह्यूमिडिफ़ायर का उपयोग करें।"
"Question","Answer"
"तूफ़ानी लहर की सफाई से कौन से स्वास्थ्य जोखिम होते हैं?","संक्रमित पानी के संपर्क, फफूंदी, शारीरिक चोट, कार्बन मोनोऑक्साइड।"
"क्या तूफ़ानी लहर के तुरंत बाद ठेकेदारों को काम पर रखना चाहिए?","सावधानी से शोध करें, मूल्य की अधिक वसूली और बिना लाइसेंस वाले ठेकेदारों से सावधान रहें।"
"अपने घर को तूफ़ानी लहर-प्रतिरोधी कैसे बनाएं?","संरचना को ऊँचा करें, बाढ़ वेंट्स लगाएं, सम्प पंप्स का उपयोग करें, वाटरप्रूफ बैरियर बनाएं।"
"ड्राई फ़्लडप्रूफ़िंग क्या है?","इमारत को सील करना ताकि एक निश्चित गहराई तक पानी अंदर न आ सके।"
"वेट फ़्लडप्रूफ़िंग क्या है?","संरचनात्मक क्षति को रोकने के लिए पानी को स्वतंत्र रूप से अंदर और बाहर जाने देना।"
"क्या घर को तूफ़ानी लहर के स्तर से ऊपर उठाना चाहिए?","यदि आप बाढ़-प्रवण क्षेत्र में हैं तो विचार करें, यह बीमा लागत को काफी कम कर सकता है।"
"फ़्लड वेंट्स क्या हैं?","ऐसे छिद्र जो पानी को नींव से गुजरने देते हैं और नुकसान से बचाते हैं।"
"सम्प पंप्स तूफ़ानी लहर में कैसे मदद करते हैं?","वे पानी को हटाते हैं जो बेसमेंट या निचले हिस्सों में प्रवेश करता है।"
"कौन सी यूटिलिटीज़ को तूफ़ानी लहर से ऊपर रखना चाहिए?","भट्ठी, वॉटर हीटर, विद्युत पैनल, एयर कंडीशनिंग यूनिट्स।"
"कौन सा लैंडस्केपिंग तूफ़ानी लहर के प्रभाव को कम करता है?","स्थानीय वनस्पति, पारगम्य सतहें, वर्षा उद्यान, प्राकृतिक अवरोध।"
"क्या सीवाल्स तूफ़ानी लहर को रोकते हैं?","प्रभाव कम कर सकते हैं लेकिन बड़ी लहरों के खिलाफ प्रभावी नहीं, कटाव बढ़ा सकते हैं।"
"तूफ़ानी लहर के लिए 'लिविंग शोरलाइन' दृष्टिकोण क्या है?","सुरक्षा के लिए सीपियों की चट्टानों और दलदली घास जैसी प्राकृतिक सामग्रियों का उपयोग।"
"समुदाय तूफ़ानी लहर के लिए कैसे तैयार होते हैं?","निकासी योजना, चेतावनी प्रणाली, भवन कोड, जन शिक्षा।"
"तूफ़ानी लहर निकासी मार्ग क्या हैं?","पूर्व-योजना की गई सड़कें जो लोगों को सुरक्षित रूप से लहर-प्रवण क्षेत्रों से बाहर ले जाती हैं।"
"तूफ़ानी लहर के लिए निकासी क्षेत्र कैसे काम करते हैं?","क्षेत्रों को जोखिम के अनुसार वर्गीकृत किया जाता है, अलग-अलग तूफ़ान की ताकत पर निकासी आवश्यक होती है।"
"प्रभावी तूफ़ानी लहर निकासी के लिए क्या आवश्यक है?","स्पष्ट क्षेत्र, कई मार्ग, पर्याप्त समय, जन शिक्षा।"
"आपातकालीन आश्रय तूफ़ानी लहर निकासी करने वालों के लिए कैसे तैयारी करते हैं?","क्षमता की योजना, आपूर्ति, पंजीकरण प्रणाली, पालतू जानवरों की व्यवस्था।"
"तूफ़ानी लहर क्षेत्रों में स्कूलों को क्या करना चाहिए?","निकासी योजनाएँ बनाना, अभ्यास ड्रिल करना, आपातकालीन प्रबंधन के साथ समन्वय करना।"
"अस्पताल तूफ़ानी लहर के लिए कैसे तैयार होते हैं?","ऊँचाई पर बैकअप पावर, निकासी योजना, आपूर्ति का भंडारण।"
"व्यवसायों को तूफ़ानी लहर के जोखिम के लिए क्या करना चाहिए?","सततता की योजना, कर्मचारियों की सुरक्षा, संपत्ति की रक्षा, बीमा समीक्षा।"
"बंदरगाह तूफ़ानी लहर के लिए कैसे तैयार होते हैं?","जहाज़ों को सुरक्षित करना, बुनियादी ढाँचे की रक्षा करना, समुद्री यातायात के साथ समन्वय।"
"तूफ़ानी लहर मॉडलिंग का उपयोग किसलिए किया जाता है?","लहर की ऊँचाई की भविष्यवाणी, निकासी योजना, भवन कोड, भूमि उपयोग।"
"तूफ़ानी लहर कंप्यूटर मॉडल कितने सटीक हैं?","आमतौर पर ऊँचाई की भविष्यवाणी के लिए अच्छे, समय और स्थान के लिए कम सटीक।"
"कौन सा डेटा तूफ़ानी लहर पूर्वानुमान को बेहतर बनाता है?","ऐतिहासिक रिकॉर्ड, विस्तृत तटीय नक्शे, वास्तविक समय जल स्तर डेटा।"
"जलवायु परिवर्तन तूफ़ानी लहर को कैसे प्रभावित करता है?","समुद्र स्तर में वृद्धि आधार बढ़ाती है, संभावित रूप से मजबूत तूफ़ान बड़ी लहरें उत्पन्न करते हैं।"
"सापेक्ष समुद्र स्तर वृद्धि क्या है?","स्थानीय समुद्र स्तर में परिवर्तन जिसमें भूमि धँसाव और वैश्विक समुद्र स्तर वृद्धि शामिल है।"
"आप तूफ़ानी लहर के जोखिम के बारे में कैसे सूचित रहते हैं?","मौसम अलर्ट की निगरानी करें, अपने निकासी क्षेत्र को जानें, स्थानीय भूगोल को समझें।"
"कौन से ऐप्स तूफ़ानी लहर की जानकारी में मदद करते हैं?","मौसम ऐप्स, आपातकालीन अलर्ट ऐप्स, FEMA ऐप, स्थानीय आपातकालीन प्रबंधन ऐप्स।"
"क्या तूफ़ानी लहर जानकारी के लिए सोशल मीडिया पर भरोसा करना चाहिए?","केवल सत्यापित आधिकारिक स्रोतों पर भरोसा करें, अफवाहों और अपुष्ट रिपोर्टों को नज़रअंदाज़ करें।"
"रातभर की तूफ़ानी लहर के लिए कैसे तैयारी करें?","टॉर्च तैयार रखें, निकासी मार्ग जानें, मौसम रेडियो सुनें।"
"यदि उच्च ज्वार के दौरान तूफ़ानी लहर होती है तो क्या होगा?","तूफ़ानी ज्वार बनता है - पानी का स्तर बहुत अधिक और अंदर तक पहुँच।"
"क्या तूफ़ानी लहर सीधे तट पर न होने वाले क्षेत्रों को प्रभावित कर सकती है?","हाँ, यह नदियों और खाड़ियों तक जा सकती है और अंदरूनी जलतट क्षेत्रों को प्रभावित कर सकती है।"
"बैक-डोर सर्ज क्या है?","तूफ़ान के विपरीत दिशा से पानी का नदियों और खाड़ियों में धकेला जाना।"
"तूफ़ानी लहर को नियमित बाढ़ से कैसे अलग करें?","लहर तटीय और तूफ़ान-संबंधित होती है, अक्सर खारे पानी और समुद्री मलबे के साथ।"
"यदि कई तूफ़ान बार-बार तूफ़ानी लहरें उत्पन्न करें तो क्या होगा?","संचयी क्षति, कमजोर संरचनाएँ, संतृप्त मिट्टी जोखिम बढ़ाती है।"
"क्या तूफ़ानी लहर के तुरंत बाद घर लौटना चाहिए?","केवल तब जब अधिकारी क्षेत्र को सुरक्षित और सुलभ घोषित करें।"
"अगर तूफ़ानी लहर से सड़कें क्षतिग्रस्त हो जाएँ तो क्या करें?","मरम्मत दल का इंतजार करें, अवरोधों के चारों ओर या क्षतिग्रस्त सड़कों से न जाएँ।"
"समुदाय को तूफ़ानी लहर से उबरने में कैसे मदद करें?","सुरक्षित रूप से स्वयंसेवा करें, प्रतिष्ठित चैरिटी को दान दें, स्थानीय व्यवसायों का समर्थन करें।"
"भविष्य की तूफ़ानी लहर क्षति को रोकने में कौन से सबक मदद करते हैं?","सही निकासी, ऊँचे निर्माण, प्राकृतिक अवरोध, प्रारंभिक चेतावनी का पालन।"
"सालभर तूफ़ानी लहर की तैयारी कैसे बनाए रखें?","वार्षिक योजनाओं को अपडेट करें, आपूर्ति बनाए रखें, जोखिम परिवर्तनों के बारे में सूचित रहें।"
"सबसे महत्वपूर्ण तूफ़ानी लहर सुरक्षा नियम क्या है?","जब निकासी का आदेश दिया जाए, तुरंत जाएँ - तूफ़ानी लहर घातक हो सकती है।"
"तूफ़ानी लहर की मूल बातें कैसे याद रखें?","अपना क्षेत्र जानें, योजना बनाएं, आदेश का पालन करें - निकासी करें।"
"गतिशीलता चुनौतियों वाले लोग सुरक्षित रूप से कैसे निकासी कर सकते हैं?","पहले से योजना बनाएं, सुलभ परिवहन, यदि सुरक्षित हो तो लिफ्ट का उपयोग करें, स्वयंसेवकों से मदद लें।"
"अस्पतालों को तूफ़ानी लहर के लिए क्या सावधानियाँ बरतनी चाहिए?","ऊँचाई पर बैकअप पावर, रोगियों की निकासी योजना और आवश्यक चिकित्सा आपूर्ति का भंडार।"
"नर्सिंग होम्स को तूफ़ानी लहर के लिए कैसे तैयार होना चाहिए?","निकासी योजनाएँ विकसित करें, स्टाफ को प्रशिक्षित करें, परिवहन सुरक्षित करें, आपातकालीन आपूर्ति रखें।"
"सार्वजनिक परिवहन तूफ़ानी लहर निकासी में क्या भूमिका निभाता है?","बसें, ट्रेनें और फ़ेरी लोगों को सुरक्षित रूप से बाहर ले जाने के लिए इस्तेमाल की जा सकती हैं।"
"पुल और सुरंगें तूफ़ानी लहर से कैसे प्रभावित होती हैं?","वे डूब सकती हैं या संरचनात्मक रूप से क्षतिग्रस्त हो सकती हैं, निकासी के दौरान बंद की जा सकती हैं।"
"क्या हवाई अड्डे तूफ़ानी लहर से प्रभावित हो सकते हैं?","हाँ, नीची रनवे डूब सकती हैं, उड़ानों और आपातकालीन परिवहन में देरी हो सकती है।"
"बंदरगाह तूफ़ानी लहर के लिए कैसे तैयारी करते हैं?","जहाज़ सुरक्षित करें, उपकरणों की रक्षा करें, संचालन रोकें और आपातकालीन प्रोटोकॉल का पालन करें।"
"Question","Answer"
"तूफ़ानी लहर के दौरान सामुदायिक स्वयंसेवकों की क्या भूमिका होती है?","निकासी में सहायता करना, आपूर्ति वितरित करना, खतरों की रिपोर्ट करना और प्रथम प्रतिक्रिया दल का समर्थन करना।"
"स्थानीय एनजीओ तूफ़ानी लहर की घटनाओं में कैसे मदद कर सकते हैं?","आपातकालीन आश्रय, भोजन, चिकित्सा देखभाल प्रदान करना और पुनर्प्राप्ति प्रयासों में सहायता करना।"
"पड़ोसी एक-दूसरे की सुरक्षित रूप से कैसे मदद कर सकते हैं?","कमजोर निवासियों की देखभाल करना, परिवहन साझा करना और निकासी योजनाओं को साझा करना।"
"तूफ़ानी लहर खेती की भूमि को कैसे प्रभावित करती है?","खारे पानी का प्रवेश फसलों, मिट्टी की उर्वरता और सिंचाई प्रणालियों को नुकसान पहुँचा सकता है।"
"क्या तूफ़ानी लहर समुद्र तट के कटाव का कारण बन सकती है?","हाँ, तेज़ लहरें और लहरें रेत को धो सकती हैं और तटरेखाओं को बदल सकती हैं।"
"तूफ़ानी लहर का वन्यजीव पर क्या प्रभाव होता है?","बाढ़ आवासों को नष्ट कर सकती है, जानवरों को विस्थापित कर सकती है और जल स्रोतों को दूषित कर सकती है।"
"तूफ़ानी लहर मत्स्य पालन को कैसे प्रभावित करती है?","नौकाओं, उपकरणों और तटीय हैचरियों को नुकसान आजीविका को बाधित कर सकता है।"
"कौन सी तकनीक वास्तविक समय में तूफ़ानी लहर की निगरानी करती है?","ज्वार गेज, तटीय सेंसर, बॉय और उपग्रह डेटा जल स्तर को ट्रैक करने में मदद करते हैं।"
"जीआईएस मैपिंग तूफ़ानी लहर के दौरान कैसे मदद करता है?","बाढ़ प्रवण क्षेत्रों, निकासी मार्गों और आश्रयों का नक्शा बनाना योजना और प्रतिक्रिया में सुधार करता है।"
"कौन से मोबाइल ऐप लहर अलर्ट प्रदान करते हैं?","FEMA ऐप, स्थानीय आपातकालीन प्रबंधन ऐप्स और मौसम अलर्ट ऐप्स।"
"तूफ़ानी लहर के लिए 'लिविंग शोरलाइन' दृष्टिकोण क्या है?","दलदली घास या सीपियों की चट्टानों जैसी प्राकृतिक सामग्रियों का उपयोग करके लहर ऊर्जा को कम करना।"
"स्वयंसेवकों को बचाव कैसे समन्वित करना चाहिए?","आधिकारिक निर्देशों का पालन करें, यदि प्रशिक्षित नहीं हैं तो बाढ़ के पानी से बचें और स्थानों को अधिकारियों तक पहुँचाएँ।"
"रेत की बोरियों के बारे में सामान्य भ्रांतियाँ क्या हैं?","रेत की बोरियाँ मामूली बाढ़ को धीमा करने में मदद करती हैं लेकिन बड़ी तूफ़ानी लहर को नहीं रोक सकतीं।"
"क्या तूफ़ानी लहर के दौरान ऊपरी मंज़िलों पर रहना सुरक्षित है?","केवल तभी जब निकासी असंभव हो; यदि सुलभ हो तो बाहर का सबसे ऊँचा स्थान सुरक्षित है।"
"क्या आप लहर के पानी से गाड़ी चला सकते हैं?","नहीं, उथला पानी भी वाहनों को बहा सकता है; यदि संभव हो तो हमेशा पैदल निकासी करें।"
"क्या तूफ़ानी लहर के दौरान तैरना सुरक्षित है?","नहीं, धाराएँ, मलबा और प्रदूषण तैराकी को बेहद ख़तरनाक बनाते हैं।"
"स्कूलों को तूफ़ानी लहर के लिए कैसे तैयार होना चाहिए?","निकासी अभ्यास, अभिभावक संचार योजनाएँ और सुरक्षित आश्रय स्थान।"
"व्यवसायों को लहर जोखिम के लिए कैसे तैयार होना चाहिए?","सततता योजना, कर्मचारी सुरक्षा उपाय, ऊँची यूटिलिटीज़ और बीमा समीक्षा।"
"इमारतों के लिए ड्राई फ्लडप्रूफिंग क्या है?","संरचना को सील करना ताकि एक निश्चित गहराई तक पानी अंदर न आ सके।"
"इमारतों के लिए वेट फ्लडप्रूफिंग क्या है?","संरचनात्मक क्षति को रोकने के लिए पानी को स्वतंत्र रूप से अंदर और बाहर जाने देना।"
"कौन सी यूटिलिटीज़ को लहर स्तर से ऊपर उठाना चाहिए?","भट्टियाँ, वॉटर हीटर, विद्युत पैनल और HVAC यूनिट्स।"
"लैंडस्केपिंग तूफ़ानी लहर के प्रभाव को कैसे कम कर सकता है?","स्थानीय वनस्पति, पारगम्य सतहें और प्राकृतिक अवरोधों का उपयोग करके पानी के प्रवाह को धीमा करना।"
"क्या सीवाल्स सभी लहर क्षति को रोक सकते हैं?","नहीं, वे प्रभाव को कम कर सकते हैं लेकिन बड़ी तूफ़ानी लहरों को नहीं रोक सकते।"
"बैक-डोर सर्ज क्या है?","तूफ़ान के विपरीत दिशा से नदियों और खाड़ियों में धकेला गया पानी।"
"बार-बार आने वाले तूफ़ान लहर-प्रवण क्षेत्रों को कैसे प्रभावित करते हैं?","संचयी क्षति संरचनाओं को कमजोर करती है और बाढ़ का जोखिम बढ़ाती है।"
"आप लहर की घटनाओं के दौरान कैसे सूचित रहते हैं?","रेडियो, ऐप्स और आपातकालीन प्रबंधन चैनलों के माध्यम से आधिकारिक अलर्ट की निगरानी करें।"
"बच्चों को लहर सुरक्षा के बारे में क्या जानना चाहिए?","लहर और सामान्य बाढ़ के बीच अंतर, निकासी प्रक्रियाएँ और मिलने के स्थान।"
"पालतू जानवरों को तूफ़ानी लहर के लिए कैसे तैयार करें?","कैरीयर, भोजन, पानी, दवाएँ और पहचान टैग सुरक्षित निकासी के लिए।"
"सामुदायिक शिक्षा लहर सुरक्षा में कैसे सुधार कर सकती है?","प्राकृतिक चेतावनी संकेत, निकासी मार्ग और आपातकालीन प्रक्रियाओं को सिखाना।"
"जलवायु परिवर्तन का तूफ़ानी लहर पर क्या प्रभाव है?","समुद्र स्तर में वृद्धि और मज़बूत तूफ़ान लहर की ऊँचाई और अंदर तक पहुँच को बढ़ा सकते हैं।"
"स्वयंसेवक पुनर्प्राप्ति के दौरान खतरों से कैसे बच सकते हैं?","सुरक्षात्मक उपकरण पहनें, बाढ़ के पानी से बचें और आधिकारिक सुरक्षा निर्देशों का पालन करें।"
"तूफ़ानी लहर के बाद फफूंदी को कैसे रोका जाए?","गीली सामग्री को तुरंत हटाएँ, अच्छी तरह सुखाएँ और डिह्यूमिडिफ़ायर का उपयोग करें।"
"सफाई के दौरान कौन से स्वास्थ्य जोखिम मौजूद हैं?","संक्रमित पानी का संपर्क, चोट, रासायनिक खतरें और विद्युत जोखिम।"
"बीमा के लिए क्षति का दस्तावेजीकरण कैसे करें?","सफाई से पहले फ़ोटो और वीडियो लें, रसीदें रखें और तुरंत बीमा कंपनी से संपर्क करें।"
"लहर के बाद अस्थायी आवास कैसे मिल सकता है?","FEMA आश्रय, बीमा कवरेज, दोस्त/परिवार या राहत केंद्र।"
"रिकवरी में आमतौर पर कितना समय लगता है?","क्षति की गंभीरता और उपलब्ध संसाधनों के आधार पर महीनों से वर्षों तक।"
"लहर के बाद मानसिक स्वास्थ्य का समर्थन कैसे करें?","परामर्श, दिनचर्या बनाए रखना, सामुदायिक समर्थन और तनाव लक्षणों की निगरानी।"
"क्या तूफ़ानी लहर के तुरंत बाद घर लौटना चाहिए?","केवल तब जब अधिकारी क्षेत्र को सुरक्षित और सुलभ घोषित करें।"
"सामुदायिक लोग तूफ़ानी लहर के लिए लंबे समय तक कैसे तैयार हो सकते हैं?","निकासी योजनाओं को अपडेट करें, चेतावनी प्रणालियों का रखरखाव करें, भवन कोड लागू करें और निवासियों को शिक्षित करें।"
"तूफ़ानी लहर सुरक्षा की मूल बातें कैसे याद रखें?","अपना क्षेत्र जानें, आपातकालीन योजना बनाएं, आधिकारिक आदेशों का पालन करें और तुरंत निकासी करें।"
"यदि रात में तूफ़ानी लहर आती है तो क्या करें?","टॉर्च तैयार रखें, निकासी मार्ग को महसूस से जानें और तुरंत निकासी करें।"
"यदि भारी बारिश के दौरान लहर आती है तो क्या करें?","शीघ्र निकासी करें, बाढ़ वाले क्षेत्रों में गाड़ी चलाने से बचें और आपातकालीन मार्गों का पालन करें।"
"यदि कई तूफ़ान लगातार आते हैं तो क्या होगा?","संचयी बाढ़, कमजोर संरचनाएँ और विलंबित पुनर्प्राप्ति की अपेक्षा करें; हर बार निकासी करें।"
"यदि लहर एकमात्र सड़क को डुबो दे तो क्या करें?","वैकल्पिक मार्ग खोजें या यदि भागना असंभव है तो सबसे सुरक्षित ऊँची इमारत में जाएँ।"
"यदि पुल लहर के दौरान ढह जाएँ तो क्या करें?","पार करने का प्रयास न करें; वैकल्पिक मार्ग खोजें या ऊँची इमारत में जाएँ।"
"यदि लहर आपको घर में फँसा दे तो क्या करें?","सबसे ऊपरी मंज़िल पर जाएँ, मदद के लिए संकेत दें और खिड़कियों और विद्युत खतरों से बचें।"
"यदि लहर बिजली गुल कर दे तो क्या करें?","बैटरी से चलने वाले उपकरणों का उपयोग करें, बाढ़ के पानी से बचें और आपूर्ति को बचाकर रखें।"
"यदि लहर आपके काम पर रहते हुए आए तो क्या करें?","निर्धारित मार्गों से निकासी करें, कार्यस्थल की आपातकालीन योजना का पालन करें और यदि सुरक्षित हो तो सहयोगियों की मदद करें।"
"यदि लहर मोबाइल होम समुदाय पर आए तो क्या करें?","तुरंत निकासी करें; मोबाइल होम तूफ़ानी लहर को सहन नहीं कर सकते।"
"Question","Answer"
"यदि पालतू जानवर निकासी के दौरान घबराएँ तो क्या करें?","कैरीयर, पट्टियों का उपयोग करें और उन्हें शांत रखें; कभी भी उन्हें पीछे न छोड़ें।"
"यदि लहर निकासी आश्रयों को बाढ़ कर दे तो क्या करें?","द्वितीयक आश्रय में जाएँ, आधिकारिक निर्देशों का पालन करें और बाढ़ के पानी से बचें।"
"यदि तूफ़ानी लहर के दौरान आप नाव पर हों तो क्या करें?","यदि पानी गहरा है तो वहीं रहें; यदि तट के पास हों तो तुरंत अंदर की ओर जाएँ।"
"यदि लहर उच्च ज्वार के साथ आती है तो क्या करें?","उच्च तूफ़ानी ज्वार की उम्मीद करें; सामान्य से पहले और अधिक अंदर की ओर निकासी करें।"
"यदि लहर आंतरिक नदियों को प्रभावित करती है तो क्या करें?","निचले नदी घाटियों से निकासी करें; लहर मीलों तक ऊपर की ओर जा सकती है।"
"यदि सड़कें मलबे से बंद हैं तो क्या करें?","वैकल्पिक मार्ग खोजें, अवरुद्ध क्षेत्रों से गाड़ी चलाने का प्रयास न करें।"
"यदि बाढ़ का पानी खतरनाक रसायन लेकर आता है तो क्या करें?","संपर्क से बचें, तुरंत निकासी करें और खतरों की रिपोर्ट अधिकारियों को दें।"
"यदि बाढ़ के पानी से गंदगी या सीवेज दूषित हो जाए तो क्या करें?","बाढ़ के पानी को न पिएँ या छुएँ; केवल बोतलबंद या उबला पानी इस्तेमाल करें।"
"यदि लहर गैस लाइनों को नुकसान पहुँचाए तो क्या करें?","यदि सुरक्षित हो तो मुख्य वाल्व बंद करें, निकासी करें और सुरक्षित स्थान से आपातकालीन सेवा को कॉल करें।"
"यदि लहर आपकी कार को डुबो दे तो क्या करें?","वाहन को छोड़कर ऊँची जमीन पर जाएँ; उथला पानी भी कार को बहा सकता है।"
"यदि लहर आपको ऊपरी मंज़िलों में फँसा दे तो क्या करें?","मदद के लिए संकेत दें, खिड़कियों से दूर रहें और बचाव का इंतजार करें।"
"यदि बच्चे लहर निकासी के दौरान अलग हो जाएँ तो क्या करें?","पूर्व-निर्धारित बैठक स्थानों पर जाएँ और आपातकालीन सेवाओं को सूचित करें।"
"यदि बुज़ुर्ग पड़ोसी निकासी नहीं कर सकते तो क्या करें?","सुरक्षित रूप से मदद करें, अधिकारियों या सामुदायिक स्वयंसेवकों के साथ समन्वय करें।"
"यदि लहर सार्वजनिक परिवहन को अवरुद्ध कर दे तो क्या करें?","यदि सुरक्षित हो तो पैदल ऊँची जमीन पर जाएँ, या ऊर्ध्वाधर निकासी वाली इमारतों में जाएँ।"
"यदि लहर के दौरान चिकित्सा आपूर्ति अनुपलब्ध हो तो क्या करें?","आपातकालीन किट लाएँ जिसमें दवाएँ, प्राथमिक चिकित्सा और प्रिस्क्रिप्शन वाटरप्रूफ बैग में हो।"
"यदि लहर जल आपूर्ति को नुकसान पहुँचाए तो क्या करें?","बोतलबंद या उबला पानी इस्तेमाल करें, दूषित नलों का उपयोग तब तक न करें जब तक उन्हें सुरक्षित न घोषित किया जाए।"
"यदि लहर संचार काट दे तो क्या करें?","बैटरी-चालित रेडियो, एसएमएस या आपातकालीन चैनलों का उपयोग करें; फोन की बैटरी बचाएँ।"
"यदि लहर आपके छत को नुकसान पहुँचाए तो क्या करें?","भवन के सबसे मजबूत हिस्से में जाएँ, कमजोर क्षेत्रों से बचें और मदद के लिए संकेत दें।"
"यदि बाढ़ के पानी में खतरनाक जंगली जीव हों तो क्या करें?","संपर्क से बचें, ऊँची जमीन पर जाएँ और आवश्यक होने पर अधिकारियों को कॉल करें।"
"यदि लहर शहरी क्षेत्र में होती है तो क्या करें?","तेज़ बहता पानी, मलबा और अवरुद्ध सड़कों की उम्मीद करें; यदि संभव हो तो पैदल निकासी करें।"
"यदि लहर भूस्खलन-प्रवण क्षेत्रों से मेल खाती है तो क्या करें?","तुरंत निकासी करें, ढलानों से बचें और आधिकारिक भूस्खलन चेतावनी का पालन करें।"
"यदि लहर आपको अस्पताल में फँसा दे तो क्या करें?","रोगियों को ऊपरी मंज़िलों में ले जाएँ, लिफ्ट से बचें और आपातकालीन प्रबंधन के साथ समन्वय करें।"
"यदि तूफ़ानी लहर लिफ्ट को नुकसान पहुँचाए तो क्या करें?","सिर्फ सुरक्षित होने पर सीढ़ियों का उपयोग करें, अन्यथा सबसे ऊपरी पहुँच योग्य मंज़िल पर जाएँ।"
"यदि लहर फायर स्टेशन को प्रभावित करे तो क्या करें?","आपातकालीन प्रबंधन के साथ समन्वय करें; आवश्यक होने पर वैकल्पिक स्टेशन का उपयोग करें।"
"यदि लहर शॉपिंग सेंटर में व्यापक बाढ़ लाए तो क्या करें?","सबसे ऊँचे क्षेत्र में जाएँ, बाढ़ के पानी से बचें और बचाव का इंतजार करें।"
"यदि लहर निर्माण स्थलों को प्रभावित करे तो क्या करें?","निकासी करें, मशीनरी और खाइयों से बचें, और साइट की आपातकालीन योजना का पालन करें।"
"यदि लहर नाइटक्लब या थिएटर को प्रभावित करे तो क्या करें?","आपातकालीन निकास का तुरंत उपयोग करें, घबराएँ नहीं, और ऊँची जमीन पर जाएँ।"
"यदि लहर महत्वपूर्ण बुनियादी ढाँचे को नुकसान पहुँचाए तो क्या करें?","आधिकारिक निर्देशों का पालन करें, असुरक्षित क्षेत्रों से बचें और खतरों की रिपोर्ट करें।"
"यदि लहर महत्वपूर्ण सड़क चौराहों को डुबो दे तो क्या करें?","वैकल्पिक निकासी मार्ग खोजें, पानी में गाड़ी न चलाएँ।"
"यदि लहर हवाई अड्डों को मध्य उड़ान में प्रभावित करे तो क्या करें?","उड़ान विलंबित या डायवर्ट हो सकती है; एयरलाइन और आधिकारिक आपातकालीन निर्देशों का पालन करें।"
"यदि लहर आग के जोखिम के साथ मेल खाती है तो क्या करें?","निर्देशानुसार निकासी करें; तत्काल पानी के खतरों को प्राथमिकता दें लेकिन आग के खतरों से अवगत रहें।"
"यदि लहर आश्रयों को नुकसान पहुँचाए तो क्या करें?","द्वितीयक आश्रय या ऊर्ध्वाधर निकासी स्थान पर जाएँ जैसा निर्देशित हो।"
"यदि लहर बुज़ुर्ग देखभाल सुविधाओं को नुकसान पहुँचाए तो क्या करें?","निवासियों को सुरक्षित निकासी कराएँ, आपातकालीन प्रबंधन और परिवार से समन्वय करें।"
"यदि लहर त्योहार या बड़ी सभा के दौरान आती है तो क्या करें?","आपातकालीन निकासी योजनाओं का पालन करें, शांत रहें और संभव हो तो दूसरों की मदद करें।"
"यदि लहर पावर प्लांट को नुकसान पहुँचाए तो क्या करें?","बाढ़ वाले क्षेत्रों से बचें, स्थानीय ऊर्जा सलाह का पालन करें और रेडियो के माध्यम से अपडेट रहें।"
"यदि लहर तटीय सड़कों को नष्ट कर दे तो क्या करें?","वैकल्पिक अंदरूनी मार्ग खोजें या उपलब्ध हो तो ऊर्ध्वाधर निकासी करें।"
"यदि लहर अस्पताल या क्लीनिक को अवरुद्ध करे तो क्या करें?","रोगियों को सुलभ स्थानों पर ले जाएँ और आपातकालीन प्रतिक्रिया दल के साथ समन्वय करें।"
"यदि लहर खाद्य आपूर्ति को दूषित करे तो क्या करें?","दूषित वस्तुओं को फेंक दें, सुरक्षित संग्रहीत भोजन का उपयोग करें और सार्वजनिक स्वास्थ्य दिशा-निर्देशों का पालन करें।"
"यदि लहर आपातकालीन सेवाओं में व्यवधान लाए तो क्या करें?","आधिकारिक निर्देशों का पालन करें, शांत रहें और पूर्व-निर्धारित आपातकालीन योजनाओं पर भरोसा करें।"
"यदि लहर कक्षा के दौरान स्कूलों को नुकसान पहुँचाए तो क्या करें?","छात्रों को ऊपरी मंज़िलों में ले जाएँ, स्कूल की आपातकालीन योजना का पालन करें और अभिभावकों से संपर्क करें।"
"यदि लहर रात की निकासी अभ्यास के दौरान आती है तो क्या करें?","कम रोशनी में मार्गों का अभ्यास करें, टॉर्च का उपयोग करें और सुरक्षित तरीके से निर्धारित मार्गों का पालन करें।"
"प्रश्न","उत्तर"
"उष्णकटिबंधीय डिप्रेशन क्या है?","संगठित उष्णकटिबंधीय चक्रवात जिसमें लगातार हवाएँ 62 किमी/घंटा (38 मील/घंटा) तक होती हैं।"
"उष्णकटिबंधीय तूफ़ान क्या है?","उष्णकटिबंधीय चक्रवात जिसमें लगातार हवाएँ 63-118 किमी/घंटा (39-73 मील/घंटा) होती हैं।"
"उष्णकटिबंधीय डिप्रेशन कैसे बनते हैं?","गर्म समुद्री पानी पर निम्न दबाव प्रणाली संगठित होना शुरू करती है और परिसंचरण विकसित करती है।"
"उष्णकटिबंधीय तूफ़ान कैसे बनते हैं?","जब हवाएँ 63 किमी/घंटा (39 मील/घंटा) तक पहुँचती हैं तो उष्णकटिबंधीय डिप्रेशन तेज़ हो जाता है।"
"उष्णकटिबंधीय डिप्रेशन और उष्णकटिबंधीय तूफ़ान में क्या अंतर है?","हवा की गति - डिप्रेशन 63 किमी/घंटा से कम, उष्णकटिबंधीय तूफ़ान 63-118 किमी/घंटा।"
"उष्णकटिबंधीय तूफ़ान और हरिकेन में क्या अंतर है?","हरिकेन में लगातार हवाएँ 119+ किमी/घंटा (74+ मील/घंटा) होती हैं, उष्णकटिबंधीय तूफ़ान कमजोर होता है।"
"क्या उष्णकटिबंधीय डिप्रेशन हरिकेन बन सकते हैं?","हाँ, यदि परिस्थितियाँ अनुकूल हों तो ये उष्णकटिबंधीय तूफ़ान के माध्यम से हरिकेन तक तीव्र हो सकते हैं।"
"कौन सी परिस्थितियाँ उष्णकटिबंधीय सिस्टम को तेज़ होने में मदद करती हैं?","गर्म समुद्री पानी, कम वायु कटाव, उच्च आर्द्रता, अनुकूल ऊपरी-स्तरीय हवाएँ।"
"Question","Answer"
"उष्णकटिबंधीय सिस्टम को कमजोर करने वाली परिस्थितियाँ क्या हैं?","ठंडा पानी, उच्च वायु कटाव, शुष्क हवा, भूमि का संपर्क।"
"उष्णकटिबंधीय विकास के लिए किस समुद्री तापमान की आवश्यकता होती है?","समुद्र के ऊपरी 50 मीटर में कम से कम 26.5°C (80°F)।"
"उष्णकटिबंधीय डिप्रेशन सामान्यतः कहाँ बनते हैं?","गर्म समुद्री पानी के ऊपर 5-20 डिग्री अक्षांश के बीच।"
"उष्णकटिबंधीय सिस्टम भूमध्य रेखा के पास क्यों नहीं बनते?","विकास के लिए आवश्यक घूर्णन बनाने के लिए कोरिओलिस प्रभाव पर्याप्त नहीं है।"
"उष्णकटिबंधीय तूफ़ानों में आई (eye) क्या है?","हरिकेन की तरह स्पष्ट नहीं होती, केंद्र में कमजोर परिसंचरण हो सकता है।"
"क्या उष्णकटिबंधीय डिप्रेशन में आई होती है?","कभी-कभी, आमतौर पर केवल ढीला परिसंचरण होता है, स्पष्ट आई संरचना नहीं होती।"
"उष्णकटिबंधीय डिप्रेशन को कैसे नंबर दिया जाता है?","बेसिन के अनुसार क्रमांकित (जैसे, Tropical Depression 5)।"
"उष्णकटिबंधीय तूफ़ानों को नाम कब दिया जाता है?","जब लगातार हवाएँ 63 किमी/घंटा (39 मील/घंटा) तक पहुँचती हैं।"
"उष्णकटिबंधीय तूफ़ानों के नाम कौन देता है?","क्षेत्रीय मौसम विज्ञान केंद्र पूर्वनिर्धारित वर्णानुक्रम सूची का उपयोग करते हैं।"
"उष्णकटिबंधीय डिप्रेशन कितने समय तक रहते हैं?","आमतौर पर 2-7 दिन, या तो कमजोर होकर समाप्त हो जाते हैं या उष्णकटिबंधीय तूफ़ान में बदल जाते हैं।"
"उष्णकटिबंधीय तूफ़ान कितने समय तक रहते हैं?","आमतौर पर 3-14 दिन पर्यावरणीय परिस्थितियों और मार्ग पर निर्भर करता है।"
"उष्णकटिबंधीय सिस्टम कितनी तेज़ी से चलते हैं?","आमतौर पर 15-30 किमी/घंटा (10-20 मील/घंटा), कभी रुके या तेज़ी से बढ़ सकते हैं।"
"उष्णकटिबंधीय सिस्टम धीमे या रुक क्यों जाते हैं?","ऊपरी वायुमंडल में कमजोर मार्गदर्शन धारा।"
"क्या उष्णकटिबंधीय सिस्टम पीछे की ओर जा सकते हैं?","हाँ, जब मार्गदर्शन कमजोर हो तो लूप या अनियमित मार्ग बना सकते हैं।"
"उष्णकटिबंधीय चक्रवात निर्माण (tropical cyclogenesis) क्या है?","उष्णकटिबंधीय चक्रवात के निर्माण और विकास की प्रक्रिया।"
"उष्णकटिबंधीय तरंगें (tropical waves) क्या हैं?","कम दबाव वाले क्षेत्र जो उष्णकटिबंधीय डिप्रेशन में विकसित हो सकते हैं।"
"अटलांटिक में अधिकांश उष्णकटिबंधीय सिस्टम कहाँ से उत्पन्न होते हैं?","अफ्रीका के तट से आने वाली उष्णकटिबंधीय तरंगों से।"
"इंटरट्रॉपिकल कन्वर्जेंस ज़ोन (ITCZ) क्या है?","भूमध्य रेखा के पास क्षेत्र जहाँ व्यापारिक हवाएँ मिलती हैं, उष्णकटिबंधीय सिस्टम के लिए जन्म स्थल।"
"उष्णकटिबंधीय सिस्टम को कैसे ट्रैक किया जाता है?","सैटेलाइट, विमान सर्वेक्षण, मौसम स्टेशन, समुद्री बोइज़।"
"उष्णकटिबंधीय तूफ़ान और हरिकेन के ट्रैकिंग में अंतर क्या है?","विधियाँ समान हैं लेकिन उष्णकटिबंधीय तूफ़ानों पर कम बार सर्वेक्षण उड़ान होती है।"
"उष्णकटिबंधीय तूफ़ान पूर्वानुमान कितने सटीक हैं?","मार्ग का पूर्वानुमान 3-5 दिन तक अच्छा, तीव्रता भविष्यवाणी कठिन।"
"उष्णकटिबंधीय तूफ़ानों के लिए अनिश्चितता का कोन क्या है?","संभावित मार्ग दिखाता है कि तूफ़ान केंद्र कहाँ जा सकता है।"
"उष्णकटिबंधीय तूफ़ान पूर्वानुमान कितनी बार अपडेट होते हैं?","हर 6 घंटे, तेज़ बदलाव होने पर अधिक बार।"
"उष्णकटिबंधीय तूफ़ान चेतावनी कौन जारी करता है?","राष्ट्रीय हरिकेन केंद्र और क्षेत्रीय मौसम सेवाएँ।"
"उष्णकटिबंधीय तूफ़ान वॉच क्या है?","अगले 48 घंटे में तूफ़ानी परिस्थितियाँ संभव।"
"उष्णकटिबंधीय तूफ़ान चेतावनी क्या है?","अगले 36 घंटे में तूफ़ानी परिस्थितियाँ अपेक्षित।"
"उष्णकटिबंधीय तूफ़ान के लिए निकासी करनी चाहिए?","तूफ़ानी लहर जोखिम और स्थानीय परिस्थितियों पर निर्भर, सामान्यतः आवश्यक नहीं।"
"उष्णकटिबंधीय डिप्रेशन के मुख्य खतरे क्या हैं?","भारी वर्षा, बाढ़, खतरनाक लहरें, अलग-थलग टॉर्नेडो।"
"उष्णकटिबंधीय तूफ़ान के मुख्य खतरे क्या हैं?","हानिकारक हवाएँ, भारी वर्षा, बाढ़, तूफ़ानी लहर, टॉर्नेडो।"
"क्या उष्णकटिबंधीय तूफ़ान तूफ़ानी लहर पैदा कर सकते हैं?","हाँ, हालांकि आमतौर पर हरिकेन से कम, किनारे के पास फिर भी खतरनाक।"
"उष्णकटिबंधीय सिस्टम कितनी बारिश कर सकते हैं?","अक्सर 150-500 मिमी (6-20 इंच), कभी-कभी अधिक।"
"उष्णकटिबंधीय तूफ़ान इतना बाढ़ क्यों करते हैं?","धीमी गति से लंबी अवधि तक भारी बारिश एक ही क्षेत्र में।"
"क्या उष्णकटिबंधीय तूफ़ान टॉर्नेडो पैदा कर सकते हैं?","हाँ, विशेषकर बाहरी बारिश पट्टियों और दाहिने सामने वाले क्षेत्र में।"
"उष्णकटिबंधीय तूफ़ान से हवा का नुकसान क्या हो सकता है?","बिजली कट, पेड़ गिरना, छत क्षतिग्रस्त, टूटे हुए खिड़की।"
"क्या उष्णकटिबंधीय तूफ़ान विमानन के लिए खतरनाक हैं?","बहुत खतरनाक, अशांतता, हवा का कटाव, और embedded तूफ़ान के कारण।"
"क्या उष्णकटिबंधीय तूफ़ान में सुरक्षित रूप से गाड़ी चला सकते हैं?","भारी वर्षा और हवा में ड्राइविंग से बचें, विशेषकर तट के पास।"
"उष्णकटिबंधीय तूफ़ान आपातकालीन किट में क्या होना चाहिए?","पानी, भोजन, टॉर्च, रेडियो, बैटरी, प्राथमिक चिकित्सा, दवाएँ।"
"उष्णकटिबंधीय तूफ़ान के लिए अपने घर को कैसे तैयार करें?","बाहरी फर्नीचर सुरक्षित करें, पेड़ काटें, जल निकासी जांचें, आपूर्ति रखें।"
"उष्णकटिबंधीय तूफ़ान के लिए खिड़कियाँ बोर्ड अप करनी चाहिए?","आमतौर पर आवश्यक नहीं, केवल यदि तूफ़ान तेज़ हो रहा हो या मोबाइल होम में।"
"उष्णकटिबंधीय तूफ़ान बाढ़ के लिए कैसे तैयारी करें?","निकासी मार्ग जानें, कीमती सामान ऊपर ले जाएँ, सैंडबैग तैयार रखें।"
"उष्णकटिबंधीय तूफ़ान के दौरान कौन से दस्तावेज़ सुरक्षित रखें?","बीमा पत्र, पहचान पत्र, मेडिकल रिकॉर्ड वाटरप्रूफ कंटेनर में।"
"उष्णकटिबंधीय तूफ़ान से पहले बाथटब भरना चाहिए?","हाँ, यदि यूटिलिटी बाधित हो जाए तो अच्छा बैकअप पानी स्रोत।"
"उष्णकटिबंधीय तूफ़ान के लिए पालतू जानवरों की तैयारी कैसे करें?","अंदर लाएँ, कैरियर्स तैयार रखें, अतिरिक्त भोजन और पानी।"
"उष्णकटिबंधीय डिप्रेशन के लिए निकासी करनी चाहिए?","सिर्फ तभी आवश्यक जब बाढ़-प्रवण या लहर-संवेदनशील क्षेत्र में हो।"
"यदि उष्णकटिबंधीय डिप्रेशन के मजबूत होने की भविष्यवाणी हो तो क्या करें?","ध्यान से निगरानी करें और उष्णकटिबंधीय तूफ़ान या हरिकेन जैसी तैयारी करें।"
"उष्णकटिबंधीय तूफ़ान के लिए पारिवारिक योजना कैसे बनाएं?","संचार के तरीके, बैठक स्थान, निकासी मार्ग, आपूर्ति स्थान।"
"बच्चों को उष्णकटिबंधीय तूफ़ान के बारे में क्या जानना चाहिए?","मूलभूत सुरक्षा नियम, तूफ़ान के दौरान कहाँ जाएँ, शांत कैसे रहें।"
"स्कूलों को उष्णकटिबंधीय तूफ़ान के लिए बंद करना चाहिए?","अक्सर हाँ, खतरनाक ड्राइविंग और संभावित बिजली कटौती के कारण।"
"यदि आप उष्णकटिबंधीय तूफ़ान के दौरान यात्रा कर रहे हैं तो क्या करें?","यात्रा रद्द या स्थगित करें, भारी वर्षा और हवा में ड्राइविंग से बचें।"
"यदि आप मोबाइल होम में रहते हैं तो क्या करें?","मजबूत आश्रय में जाने पर विचार करें, मोबाइल होम हवा के लिए संवेदनशील।"
"Question","Answer"
"क्या आप उष्णकटिबंधीय तूफ़ान के दौरान हाई-राइज़ में रह सकते हैं?","हाँ, लेकिन खिड़कियों से दूर रहें और बिजली कटौती और लिफ्ट बंद होने की तैयारी करें।"
"उष्णकटिबंधीय तूफ़ान चेतावनी जारी होने पर क्या करना चाहिए?","तैयारी पूरी करें, अनावश्यक यात्रा से बचें, जानकारी में रहें।"
"उष्णकटिबंधीय तूफ़ान के दौरान काम पर जाना चाहिए?","नियोक्ता की मार्गदर्शन का पालन करें, कई व्यवसाय सुरक्षा के कारण बंद रहते हैं।"
"यदि उष्णकटिबंधीय तूफ़ान रात में आता है तो क्या करें?","घर के अंदर रहें, टॉर्च तैयार रखें, मौसम रेडियो सुनें।"
"उष्णकटिबंधीय तूफ़ान के दौरान बाहर जा सकते हैं?","हवा और उड़ते मलबे के कारण अनावश्यक बाहर गतिविधि से बचें।"
"यदि आपको उष्णकटिबंधीय तूफ़ान में गाड़ी चलानी पड़े तो क्या करें?","धीरे चलाएँ, बाढ़ वाले रास्तों से बचें, परिस्थितियाँ खराब होने पर किनारे खड़े हों।"
"उष्णकटिबंधीय तूफ़ान के दौरान बाहर पैदल चलना चाहिए?","नहीं, गिरते पेड़, उड़ता मलबा और खतरनाक परिस्थितियाँ हैं।"
"उष्णकटिबंधीय तूफ़ान के दौरान बिजली चली जाए तो क्या करें?","टॉर्च का इस्तेमाल करें, पड़ोसियों की जाँच करें, फोन बैटरी बचाएँ।"
"उष्णकटिबंधीय तूफ़ान के दौरान मोमबत्तियाँ इस्तेमाल कर सकते हैं?","अनुशंसित नहीं, आग के खतरे से बचने के लिए टॉर्च का प्रयोग करें।"
"यदि तूफ़ान में पेड़ गिरते हैं तो क्या करें?","गिरे पेड़ों से दूर रहें, बिजली लाइनों को सक्रिय मानें।"
"उष्णकटिबंधीय तूफ़ान में बेसमेंट में जाना चाहिए?","सिर्फ टॉर्नेडो के खतरे पर, अन्यथा मुख्य मंज़िलों पर रहें।"
"यदि तूफ़ान में बाढ़ शुरू हो जाए तो क्या करें?","उच्च भूमि पर जाएँ, बाढ़ वाले पानी में गाड़ी न चलाएँ।"
"उष्णकटिबंधीय तूफ़ान में तैर सकते हैं?","कभी नहीं, खतरनाक लहरें और रैप करेंट्स।"
"उष्णकटिबंधीय तूफ़ान में टॉर्नेडो चेतावनी जारी हो तो क्या करें?","खिड़कियों से दूर सबसे निचले मंज़िल के अंदरूनी कमरे में जाएँ।"
"उष्णकटिबंधीय तूफ़ान में जनरेटर का उपयोग करना चाहिए?","सिर्फ बाहर खिड़कियों से दूर, अंदर कभी नहीं (CO खतरा)।"
"उष्णकटिबंधीय तूफ़ान में गैस की गंध आए तो क्या करें?","मीटर पर गैस बंद करें, क्षेत्र खाली करें, गैस कंपनी को कॉल करें।"
"उष्णकटिबंधीय तूफ़ान में उपकरण चार्ज कर सकते हैं?","तूफ़ान से पहले चार्ज करें, बैकअप बैटरी और पोर्टेबल चार्जर रखें।"
"यदि मोबाइल सेवा बंद हो जाए तो क्या करें?","मैसेज भेजें, लैंडलाइन का इस्तेमाल करें, बैटरी रेडियो रखें।"
"उष्णकटिबंधीय तूफ़ान में खिड़कियाँ खोलनी चाहिए?","नहीं, यह दबाव संतुलित नहीं करता और पानी की क्षति बढ़ाता है।"
"तूफ़ान में कोई घायल हो जाए तो क्या करें?","प्राथमिक चिकित्सा दें, संभव हो तो 911 कॉल करें, असुरक्षित हो तो सुरक्षित जगह पर रहें।"
"उष्णकटिबंधीय तूफ़ान आम तौर पर कितने समय तक रहते हैं?","आमतौर पर 12-48 घंटे किसी क्षेत्र से गुजरने में।"
"तूफ़ान के बाद बाहर जाना कब सुरक्षित है?","जब लगातार हवाएँ 63 किमी/घंटा से कम हों और झोंके न हों।"
"तूफ़ान के बाद सबसे पहले क्या जांचें?","संरचनात्मक क्षति, गिरी बिजली लाइने, गैस रिसाव, बाढ़।"
"तूफ़ान के तुरंत बाद गाड़ी चलानी चाहिए?","सिर्फ आवश्यक होने पर, मलबे, बाढ़ और गिरी लाइनों से सावधान रहें।"
"उष्णकटिबंधीय तूफ़ान क्षति का सुरक्षित मूल्यांकन कैसे करें?","सुरक्षा उपकरण पहनें, फोटो लें, क्षतिग्रस्त संरचनाओं में प्रवेश न करें।"
"तूफ़ान के बाद यूटिलिटी खराब हो जाए तो क्या करें?","पेशेवर निरीक्षण तक उपयोग न करें, यूटिलिटी को रिपोर्ट करें।"
"तूफ़ान के बाद मलबा तुरंत साफ़ करना चाहिए?","तत्काल खतरों को हटाएँ, बड़े पेड़ और बिजली लाइनों को पेशेवरों के लिए छोड़ दें।"
"तूफ़ान के बाद छत से पानी रिसे तो क्या करें?","तारप से ढकें, नुकसान दर्ज करें, बीमा और ठेकेदार से संपर्क करें।"
"तूफ़ान के बाद फफूंदी कैसे रोकें?","24-48 घंटे में गीली जगह सुखाएँ, पंखे और डीह्यूमिडिफ़ायर का उपयोग करें।"
"तूफ़ान के बाद कुएँ दूषित हो जाएँ तो क्या करें?","परीक्षण तक उपयोग न करें, पानी उबालें या बोतलबंद पानी का उपयोग करें।"
"तूफ़ान में फ्रीज खोए भोजन खाएं?","यदि तापमान 2 घंटे से अधिक 4°C (40°F) से ऊपर रहा हो तो न खाएं।"
"तूफ़ान की क्षति कैसे दस्तावेज़ करें?","साफ़ करने से पहले फोटो/वीडियो लें, रसीद रखें, बीमा से संपर्क करें।"
"होमओनर्स बीमा तूफ़ान क्षति को कवर करता है?","आमतौर पर हवा की क्षति कवर होती है, बाढ़ के लिए अलग बाढ़ बीमा चाहिए।"
"यदि तूफ़ान मरम्मत का खर्चा नहीं उठा सकते तो क्या करें?","FEMA सहायता, SBA ऋण, स्थानीय चैरिटी प्रोग्राम देखें।"
"तूफ़ान के बाद ठेकेदार कैसे खोजें?","कई अनुमान लें, लाइसेंस जांचें, डोर-टू-डोर विक्रेताओं से सावधान रहें।"
"उष्णकटिबंधीय तूफ़ान के बाद सामान्य भावनात्मक प्रभाव क्या हैं?","तनाव, चिंता, नींद में व्यवधान – सामान्य प्रतिक्रिया।"
"बच्चों को तूफ़ान के बाद कैसे सहारा दें?","दिनचर्या बनाएँ, आश्वासन दें, उम्र के अनुसार सफ़ाई में शामिल करें।"
"तूफ़ान के बाद परामर्श कब लें?","यदि भावनात्मक परेशानी लंबे समय तक दैनिक जीवन में बाधा डालती है।"
"तूफ़ान के बाद पड़ोसियों की मदद कैसे करें?","वृद्ध/असक्षम की जाँच करें, संसाधन साझा करें, सुरक्षित तरीके से सफ़ाई में मदद करें।"
"उष्णकटिबंधीय तूफ़ान के बाद कौन से सामुदायिक संसाधन मदद करते हैं?","रेड क्रॉस, साल्वेशन आर्मी, स्थानीय आपातकालीन प्रबंधन, धर्म आधारित संगठन।"
"तूफ़ान के बाद पुनर्प्राप्ति में कितना समय लगता है?","मूलभूत सेवाओं के लिए दिन-हफ्ते, पूरी मरम्मत में महीने।"
"तूफ़ान के बाद घर वैसे ही बनाना चाहिए जैसे पहले था?","सुधार पर विचार करें जैसे बेहतर जल निकासी, मजबूत सामग्री, ऊँचाई।"
"कैसे घर को उष्णकटिबंधीय तूफ़ान के लिए मजबूत बनाएं?","जल निकासी सुधारें, छत सुरक्षित करें, पेड़ काटें, इम्पैक्ट विंडो लगाएँ।"
"कौन सा लैंडस्केप तूफ़ान क्षति में मदद करता है?","स्थानीय पौधे, उचित जल निकासी, ढीले जड़ वाले पेड़ संरचनाओं के पास न लगाएँ।"
"उष्णकटिबंधीय तूफ़ान के लिए हरिकेन शटर लगाएँ?","सहायक हो सकते हैं लेकिन आमतौर पर आवश्यक नहीं जब तक तूफ़ान तेज़ न हो।"
"घर के चारों ओर जल निकासी कैसे सुधारें?","गटर साफ़ करें, नींव से दूर ग्रेड करें, फ़्रेंच ड्रेन लगाएँ।"
"छत में कौन से सुधार मदद करते हैं?","हरिकेन स्ट्रैप, इम्पैक्ट-प्रतिरोधी सामग्री, उचित फ्लैशिंग, नियमित रखरखाव।"
"उष्णकटिबंधीय तूफ़ान बाढ़ के लिए यूटिलिटी ऊँची करें?","हाँ, पानी हीटर, फर्नेस, इलेक्ट्रिकल पैनल बाढ़ स्तर से ऊपर रखें।"
"समुदाय उष्णकटिबंधीय तूफ़ान के लिए कैसे तैयारी करते हैं?","जल्द चेतावनी प्रणाली, जल निकासी सुधार, आपातकालीन शेल्टर, जन शिक्षा।"
"कौन सी अवसंरचना उष्णकटिबंधीय तूफ़ान के लिए सबसे संवेदनशील है?","बिजली की लाइनें, सड़कें, जल निकासी प्रणाली, पुराने भवन।"
"Question","Answer"
"स्कूल उष्णकटिबंधीय तूफ़ान के मौसम के लिए कैसे तैयारी करते हैं?","निकासी योजनाएँ, संचार प्रणाली, आपूर्ति भंडार, भवन रखरखाव।"
"व्यवसाय उष्णकटिबंधीय तूफ़ान की तैयारी के लिए क्या करें?","सततता योजना, कर्मचारी सुरक्षा प्रोटोकॉल, संपत्ति सुरक्षा, बीमा समीक्षा।"
"अस्पताल उष्णकटिबंधीय तूफ़ान के लिए कैसे तैयारी करते हैं?","बैकअप पावर, अतिरिक्त आपूर्ति, स्टाफ़ आवास, रोगी डिस्चार्ज योजना।"
"आपातकालीन प्रबंधक उष्णकटिबंधीय तूफ़ानों में क्या भूमिका निभाते हैं?","प्रतिक्रिया समन्वय, चेतावनी जारी करना, शेल्टर प्रबंधन, पुनर्प्राप्ति की निगरानी।"
"उष्णकटिबंधीय तूफ़ान की तीव्रता पूर्वानुमान कितने सटीक हैं?","ट्रैक पूर्वानुमानों की तुलना में कम सटीक, विशेषकर तीव्र बदलाव के लिए।"
"कौन सी नई तकनीक उष्णकटिबंधीय तूफ़ान पूर्वानुमान में सुधार करती है?","उन्नत उपग्रह, हरिकेन हंटर विमान, बेहतर कंप्यूटर मॉडल।"
"जलवायु परिवर्तन उष्णकटिबंधीय तूफ़ानों को कैसे प्रभावित करता है?","तीव्रता और वर्षा बढ़ा सकता है, समुद्र का स्तर बढ़ने से प्रभाव गंभीर होते हैं।"
"उष्णकटिबंधीय तूफ़ानों पर कौन सा शोध किया जा रहा है?","तीव्रता समझना, वर्षा पूर्वानुमान, ट्रैक भविष्यवाणी में सुधार।"
"उष्णकटिबंधीय तूफ़ान खतरों की जानकारी कैसे रखें?","मौसम ऐप, NOAA Weather Radio, स्थानीय आपातकालीन प्रबंधन अलर्ट।"
"उष्णकटिबंधीय तूफ़ान की जानकारी के विश्वसनीय स्रोत कौन से हैं?","National Hurricane Center, स्थानीय National Weather Service, आपातकालीन प्रबंधन।"
"सोशल मीडिया पर उष्णकटिबंधीय तूफ़ान अपडेट पर भरोसा करना चाहिए?","केवल सत्यापित आधिकारिक स्रोत, अफवाहों और अनिश्चित रिपोर्ट से बचें।"
"उष्णकटिबंधीय तूफ़ान के मौसम की तैयारी कैसे करें?","योजनाएँ समीक्षा करें, आपूर्ति अपडेट करें, पेड़ काटें, बीमा कवर चेक करें।"
"उष्णकटिबंधीय तूफ़ान का मौसम कब होता है?","अटलांटिक: 1 जून - 30 नवम्बर, पैसिफिक: 15 मई - 30 नवम्बर।"
"यदि उष्णकटिबंधीय तूफ़ान तेजी से विकसित होता है तो क्या करें?","पूर्वानुमानों पर ध्यान दें, जल्दी कार्रवाई करने के लिए तैयार रहें।"
"क्या उष्णकटिबंधीय तूफ़ान विघटित होने के बाद फिर से बन सकते हैं?","हाँ, अवशेष गर्म पानी पर जाने पर पुनर्गठित हो सकते हैं।"
"उष्णकटिबंधीय तूफ़ान भूमि पर क्या होता है?","आमतौर पर जल्दी कमजोर हो जाता है, क्योंकि गर्म पानी ऊर्जा स्रोत नहीं होता।"
"क्या उष्णकटिबंधीय तूफ़ान आर्थिक नुकसान कर सकते हैं?","हाँ, बाढ़, बिजली कटौती, व्यवसाय में व्यवधान, कृषि हानि के माध्यम से।"
"महत्वपूर्ण दस्तावेज़ों को उष्णकटिबंधीय तूफ़ानों से कैसे सुरक्षित रखें?","वॉटरप्रूफ कंटेनर, सुरक्षित जमा बॉक्स, क्लाउड में डिजिटल कॉपी।"
"यदि आप वृद्धों की देखभाल कर रहे हैं तो क्या करें?","दवाइयाँ सुनिश्चित करें, चिकित्सा उपकरण के लिए बैकअप पावर, निकासी सहायता।"
"उष्णकटिबंधीय तूफ़ान के लिए कार्यक्रम रद्द करें?","हाँ, बाहरी कार्यक्रम रद्द करें, अंदरूनी कार्यक्रम सुरक्षा पर विचार करें।"
"यदि छुट्टी या सप्ताहांत में तूफ़ान आए तो क्या करें?","आपातकालीन सेवाएँ अभी भी कार्यरत होती हैं, लेकिन प्रतिक्रिया सीमित हो सकती है।"
"उष्णकटिबंधीय तूफ़ान की आपूर्ति कैसे बनाए रखें?","समय सीमा जाँचें, आपूर्ति घुमाएँ, वार्षिक रूप से अपडेट करें।"
"उष्णकटिबंधीय तूफ़ान के बारे में सबसे महत्वपूर्ण बात क्या है?","इन्हें कम मत आंकिए – गंभीर बाढ़ और नुकसान हो सकता है।"
"उष्णकटिबंधीय तूफ़ान और सामान्य तूफ़ान में कैसे भेद करें?","उष्णकटिबंधीय तूफ़ान व्यवस्थित सिस्टम होते हैं, स्थायी हवाएँ और घूर्णन होता है।"
"यदि एक साथ कई तूफ़ान खतरा बनाते हैं तो क्या करें?","सबसे मजबूत खतरे के लिए पहले तैयारी करें, सभी सिस्टम को ध्यान से मॉनिटर करें।"
"क्या उष्णकटिबंधीय तूफ़ान भूमि से दूर क्षेत्रों को प्रभावित कर सकते हैं?","हाँ, भारी वर्षा, बाढ़ और दूरस्थ टॉर्नेडो के माध्यम से।"
"यदि आप उष्णकटिबंधीय तूफ़ान वाले नए क्षेत्र में हैं तो क्या करें?","स्थानीय जोखिम जानें, निकासी मार्ग सीखें, अलर्ट के लिए साइन अप करें, पड़ोसियों से मिलें।"
"उष्णकटिबंधीय तूफ़ानों के लिए समुदाय की तैयारी में कैसे मदद करें?","आपातकालीन सेवाओं में स्वयंसेवा करें, पड़ोसियों की मदद करें, तैयारी शिक्षा का समर्थन करें।"
"उष्णकटिबंधीय तूफ़ान सुरक्षा के लिए सबसे महत्वपूर्ण पाठ क्या है?","तैयारी और शीघ्र कार्रवाई जीवन बचाती है – अंतिम क्षण तक प्रतीक्षा न करें।"
"यदि उष्णकटिबंधीय तूफ़ान अन्य तूफ़ान सिस्टम से जुड़ जाए तो क्या होगा?","वर्षा, हवाएँ और बाढ़ तेज हो सकती है; अद्यतन पूर्वानुमानों का ध्यान रखें।"
"क्या उष्णकटिबंधीय तूफ़ान वाटरस्पाउट्स उत्पन्न कर सकते हैं?","हाँ, विशेषकर गर्म तटीय जल पर; नाव और तैराकों के लिए खतरनाक।"
"यदि तूफ़ान पर्वतीय क्षेत्र से गुजरे तो क्या होगा?","भारी वर्षा फ्लैश फ्लड और भूस्खलन कर सकती है; घाटियों और नीचले क्षेत्रों से निकासी करें।"
"क्या उष्णकटिबंधीय तूफ़ान भूमि पर जाने के बाद पुनः सक्रिय हो सकते हैं?","हाँ, अवशेष गर्म पानी पर पुनर्गठित हो सकते हैं।"
"यदि तूफ़ान किसी क्षेत्र में स्थिर हो जाए तो क्या होगा?","लंबी अवधि तक भारी वर्षा और बाढ़; उच्च भूमि पर रहें।"
"क्या उष्णकटिबंधीय तूफ़ान टॉर्नेडो प्रकोप पैदा कर सकते हैं?","हाँ, अक्सर बाहरी वर्षा-बैंड में; सुरक्षित अंदरूनी आश्रय लें।"
"क्या उष्णकटिबंधीय तूफ़ान ठंडी फ्रंट के साथ मिल सकते हैं?","हाँ, वर्षा तेज कर सकते हैं और अंदरूनी क्षेत्रों में गंभीर मौसम ला सकते हैं।"
"उपउष्णकटिबंधीय तूफ़ान क्या है?","एक हाइब्रिड सिस्टम जिसमें उष्णकटिबंधीय और अति-उष्णकटिबंधीय विशेषताएँ होती हैं।"
"क्या उष्णकटिबंधीय तूफ़ान कई बार कमजोर और मजबूत हो सकते हैं?","हाँ, पानी का तापमान, हवा का शीयर, और भूमि संपर्क पर निर्भर करता है।"
"क्या उष्णकटिबंधीय तूफ़ान तटीय क्षेत्रों से दूर नदियों को प्रभावित कर सकते हैं?","हाँ, भारी वर्षा से सैकड़ों किलोमीटर दूर बाढ़ हो सकती है।"
"क्या उष्णकटिबंधीय तूफ़ान के कारण बंदरगाह या हवाई अड्डे बंद हो सकते हैं?","हाँ, सुरक्षित होने तक संचालन रोक सकते हैं।"
"क्या क्रूज जहाजों को मार्ग बदलना चाहिए?","हाँ, तूफ़ान खतरों से बचने के लिए जहाजों को पुनः मार्गदर्शित किया जाता है।"
"उष्णकटिबंधीय तूफ़ान के दौरान सार्वजनिक परिवहन सुरक्षित रूप से चल सकता है?","अक्सर सीमित या निलंबित; आधिकारिक सलाह का पालन करें।"
"क्या ट्रेनें तूफ़ान बाढ़ में सुरक्षित हैं?","सिर्फ़ जब ट्रैक साफ़ हो; बाढ़ से ट्रैक और पुल धो सकते हैं।"
"उष्णकटिबंधीय तूफ़ान के दौरान तटीय क्षेत्रों में गाड़ी चलाना चाहिए?","बचें; सड़कें जलमग्न हो सकती हैं और हवा मलबा उड़ा सकती है।"
"उष्णकटिबंधीय तूफ़ान निकासी के दौरान GPS का उपयोग करना चाहिए?","हाँ, लेकिन ध्यान रखें कि कुछ रास्ते बाढ़ में हो सकते हैं; आधिकारिक अपडेट का पालन करें।"
"Question","Answer"
"क्या बाढ़ बीमा उष्णकटिबंधीय तूफ़ान बाढ़ को कवर करता है?","आमतौर पर हाँ, सामान्य गृहस्वामी नीति से अलग; कवरेज की जाँच करें।"
"क्या गृहस्वामी बीमा उष्णकटिबंधीय तूफ़ान की हवाओं से होने वाले नुकसान को कवर करता है?","हाँ, आमतौर पर शामिल है।"
"बीमा के लिए उष्णकटिबंधीय तूफ़ान नुकसान कैसे दस्तावेज़ करें?","तस्वीरें, वीडियो, रसीदें और लिखित नोट्स, सफाई से पहले।"
"अगर आपके पास बाढ़ बीमा नहीं है तो क्या हवाओं से हुए नुकसान का दावा कर सकते हैं?","हाँ, हवाओं से हुए नुकसान आमतौर पर गृहस्वामी नीति के तहत कवर होता है।"
"यदि उष्णकटिबंधीय तूफ़ान नुकसान का दावा अस्वीकृत हो जाए तो क्या करें?","पुनः निरीक्षण का अनुरोध करें, साक्ष्य दस्तावेज़ करें, बीमा नियंत्रकों से संपर्क करें।"
"क्या व्यवसायिक नुकसान उष्णकटिबंधीय तूफ़ानों में कवर होते हैं?","व्यवसाय बाधा बीमा खोई हुई आय को कवर कर सकता है; नीति जांचें।"
"क्या किरायेदार बीमा उष्णकटिबंधीय तूफ़ान नुकसान कवर करता है?","आमतौर पर व्यक्तिगत संपत्ति कवर करता है, संरचना नहीं; बाढ़ कवरेज अलग।"
"उष्णकटिबंधीय तूफ़ान के बाद बीमा दावा कब दाखिल करें?","जितनी जल्दी सुरक्षित रूप से संभव हो, सब कुछ पूरी तरह दस्तावेज़ करें।"
"क्या बीमा प्रीमियम उष्णकटिबंधीय तूफ़ान दावों के बाद बढ़ सकते हैं?","हाँ, कई दावे या उच्च नुकसान वाले घटनाएं प्रीमियम बढ़ा सकते हैं।"
"क्या अस्थायी आवास लागत बीमा द्वारा कवर होती है?","नीति पर निर्भर करता है; कुछ में हवाओं या बाढ़ के नुकसान के लिए अस्थायी आवास शामिल हो सकता है।"
"उष्णकटिबंधीय तूफ़ान बाढ़ के बाद कौन सी बीमारियाँ फैल सकती हैं?","जलजनित रोग जैसे कॉलरा, लेप्टोस्पाइरोसिस, हेपेटाइटिस A; बाढ़ के पानी से बचें।"
"उष्णकटिबंधीय तूफ़ान के बाद पानी कैसे शुद्ध करें?","कम से कम 1 मिनट उबालें, शुद्धिकरण टैबलेट्स का उपयोग करें, या बोतलबंद पानी।"
"क्या उष्णकटिबंधीय तूफ़ानों के बाद मोल्ड बन सकता है?","हाँ, यदि गीली जगहों को 24–48 घंटे में सुखाया नहीं गया; अच्छी तरह साफ़ और वेंटिलेट करें।"
"उष्णकटिबंधीय तूफ़ानों के बाद बीमारी से बचने के उपाय क्या हैं?","बाढ़ के पानी से बचें, हाथ धोएँ, सतह को कीटाणुरहित करें, भोजन सुरक्षित तरीके से संभालें।"
"क्या जानवर उष्णकटिबंधीय तूफ़ान बाढ़ के दौरान रोग फैला सकते हैं?","हाँ, विस्थापित जानवर बैक्टीरिया या परजीवियों को फैला सकते हैं।"
"उष्णकटिबंधीय तूफ़ान में घायल होने पर क्या करें?","यदि सुरक्षित हो तो प्राथमिक उपचार दें, संभव हो तो आपातकालीन सेवाओं को कॉल करें।"
"बाढ़ग्रस्त घरों में बिजली से कैसे बचें?","मुख्य पावर बंद करें, खड़े पानी से बचें, इलेक्ट्रॉनिक डिवाइस का उपयोग न करें।"
"उष्णकटिबंधीय तूफ़ानों के बाद नल का पानी पीना चाहिए?","केवल यदि अधिकारी इसे सुरक्षित घोषित करें; अन्यथा उबालें या बोतलबंद पानी का उपयोग करें।"
"क्या दूषित पानी त्वचा संक्रमण का कारण बन सकता है?","हाँ, बाढ़ के पानी के संपर्क से बचें, घावों को कीटाणुरहित करें।"
"अगर भोजन बाढ़ के पानी में डूबा हो तो क्या करें?","सभी भोजन, जिसमें ढके हुए कैन भी शामिल हैं, जिन्हें पानी ने प्रभावित किया है, फेंक दें।"
"समुद्री प्रदूषण क्या है?","मानव गतिविधियों से समुद्र के पानी में हानिकारक पदार्थों का प्रदूषण।"
"मुख्य प्रकार के समुद्री प्रदूषण कौन से हैं?","तेल का फैलाव, प्लास्टिक कचरा, रासायनिक बहाव, सीवेज, औद्योगिक अपशिष्ट, जहाज उत्सर्जन।"
"तेल फैलाव का कारण क्या है?","टैंकर दुर्घटनाएँ, पाइपलाइन लीक, ऑफशोर ड्रिलिंग, अवैध डंपिंग, जहाज टक्कर।"
"समुद्री तेल प्रदूषण का सबसे बड़ा स्रोत क्या है?","भूमि-आधारित स्रोत समुद्री तेल प्रदूषण का लगभग 70% बनाते हैं।"
"इतिहास में सबसे बड़ा तेल फैलाव कौन सा था?","डीपवाटर होराइज़न, गلف ऑफ़ मेक्सिको (2010) - 4.9 मिलियन बैरल।"
"क्रूड ऑयल क्या है?","अप्रक्रियात पेट्रोलियम, भूमिगत या जलमग्न भंडार से निकाला गया।"
"संशोधित पेट्रोलियम उत्पाद कौन से हैं?","पेट्रोल, डीज़ल, हीटिंग ऑयल और अन्य उत्पाद जो क्रूड ऑयल से संसाधित होते हैं।"
"पानी में तेल कैसे व्यवहार करता है?","सतह पर तैरता है, पतली परत में फैलता है, वाष्पन और इमल्सिफिकेशन से मौसम के अनुसार बदलता है।"
"तेल का मौसम परिवर्तन क्या है?","प्राकृतिक प्रक्रियाएँ जो समय के साथ तेल की भौतिक और रासायनिक गुण बदल देती हैं।"
"तेल का इमल्सिफिकेशन क्या है?","तेल पानी के साथ मिलकर मोटा, मूस जैसा पदार्थ बनाता है।"
"तेल फैलाव कितनी दूर तक फैल सकता है?","स्थितियों पर निर्भर करता है, स्रोत से सैकड़ों किलोमीटर तक फैल सकता है।"
"तेल फैलाव की गति को कौन-से कारक प्रभावित करते हैं?","हवा, धाराएँ, ज्वार, पानी का तापमान, तेल का प्रकार, मौसम की स्थिति।"
"तेल फैलाव से सबसे प्रभावित समुद्री जीवन कौन सा है?","समुद्री पक्षी, स्तनधारी, मछली, शंख, प्रवाल रीफ, तटीय वनस्पति।"
"तेल समुद्री जानवरों को कैसे नुकसान पहुँचाता है?","पंख/बाल पर कोटिंग, भोजन के माध्यम से विष, आवास क्षति, प्रजनन हानि।"
"तेल लगे पक्षियों के साथ क्या होता है?","वॉटरप्रूफिंग और इंसुलेशन खो देते हैं, उड़ नहीं सकते या भोजन नहीं ले सकते, अक्सर हाइपोथर्मिया से मर जाते हैं।"
"तेल मछली को कैसे प्रभावित करता है?","गलफड़ों को नुकसान, जिगर की समस्याएँ, प्रजनन प्रभावित, खाद्य श्रृंखला दूषित।"
"तेल फैलाव से मानव स्वास्थ्य जोखिम क्या हैं?","त्वचा जलन, श्वसन समस्याएँ, आंखों में जलन, दीर्घकालिक जोखिम में कैंसर संभावना।"
"क्या आप तेल दूषित पानी में तैर सकते हैं?","नहीं, त्वचा और आंखों में जलन और श्वसन समस्याएँ हो सकती हैं।"
"तेल फैलाव के बाद समुद्री भोजन खाना सुरक्षित है?","केवल स्वास्थ्य अधिकारियों द्वारा परीक्षण और स्वीकृत होने पर, स्वयं पकड़ा समुद्री भोजन बचें।"
"तेल से निकलने वाले वाष्पशील कार्बनिक यौगिक क्या हैं?","विषैले गैसें जो तेल से वाष्पित होती हैं, सिरदर्द और श्वसन समस्याएँ पैदा कर सकती हैं।"
"तेल प्रदूषण को कैसे पहचानें?","पानी पर इंद्रधनुष जैसी परत, समुद्र तट पर टार बॉल्स, पेट्रोलियम गंध, मृत जीव।"
"तेल की गंध कैसी होती है?","तेज़ पेट्रोलियम या पेट्रोल जैसी गंध, दूरी से भी पता चल सकती है।"
"टार बॉल्स को कैसे पहचानें?","गहरे, चिपचिपे गोले जो तट पर धोए जाते हैं, तेल जैसा महसूस, पेट्रोलियम गंध।"
"तेल फैलाव देखने पर क्या करें?","तुरंत कोस्ट गार्ड (1-800-424-8802) या स्थानीय अधिकारियों को रिपोर्ट करें।"
"तेल फैलाव रिपोर्ट करने के लिए किसे कॉल करें?","यू.एस. कोस्ट गार्ड नेशनल रिस्पॉन्स सेंटर: 1-800-424-8802।"
"रिपोर्ट करते समय कौन सी जानकारी दें?","स्थान, आकार, स्रोत यदि ज्ञात हो, मौसम की स्थिति, जीव-जंतु पर प्रभाव।"
"क्या तेल फैलाव की तस्वीरें लें?","हाँ, विस्तार और प्रभाव दस्तावेज़ करें, लेकिन दूषण के पास बहुत न जाएँ।"
"क्या आप छोटे तेल फैलाव को खुद साफ़ कर सकते हैं?","सिर्फ़ बहुत छोटे फैलाव उचित सामग्री के साथ, बड़े फैलाव को अधिकारियों को रिपोर्ट करें।"
"तेल फैलाव साफ़ करने के लिए क्या कभी इस्तेमाल नहीं करना चाहिए?","डिटर्जेंट या साबुन, ये दूषण को बढ़ाते हैं और वन्यजीवों को नुकसान पहुँचाते हैं।"
"Question","Answer"
"क्या आप तेल लगे पक्षियों को खुद धो सकते हैं?","नहीं, इसके लिए विशेष प्रशिक्षण और सुविधाएँ चाहिए, वन्यजीव पुनर्वास केंद्र से संपर्क करें।"
"यदि आप तेल लगे जंगली जीव पाएं तो क्या करें?","छूएं नहीं, स्थान को वन्यजीव अधिकारियों को रिपोर्ट करें, पालतू जानवरों को दूर रखें।"
"तेल फैलाव के पास अपने आप को कैसे सुरक्षित रखें?","प्रत्यक्ष संपर्क से बचें, सुरक्षात्मक कपड़े पहनें, हवा की दिशा में रहें, वाष्प न साँस लें।"
"क्या आपको बड़े तेल फैलाव के दौरान खाली करना चाहिए?","आधिकारिक निकासी आदेशों का पालन करें, विशेषकर यदि आग या विषैले धुएँ का खतरा हो।"
"यदि तेल फैलाव पीने के पानी को प्रभावित करता है तो क्या करें?","बोतलबंद पानी का उपयोग करें, अधिकारी सुरक्षित घोषित करने तक नल का पानी न पिएँ।"
"क्या तेल फैलाव विस्फोट का कारण बन सकता है?","हाँ, तेल के वाष्प आग पकड़ सकते हैं, जिससे आग और विस्फोट का खतरा।"
"यदि पेट्रोलियम की तेज़ गंध महसूस हो तो क्या करें?","तुरंत क्षेत्र छोड़ दें, आग के स्रोतों से बचें, अधिकारियों को रिपोर्ट करें।"
"क्या आपको तेल-संक्रमित क्षेत्रों से ड्राइव करना चाहिए?","संभव हो तो बचें; तेल सड़कों को फिसलन भरा बनाता है और वाहन दूषण फैलाता है।"
"यदि तेल आपकी त्वचा पर लगे तो क्या करें?","तुरंत साबुन और पानी से धोएँ, जलन बनी रहे तो चिकित्सकीय मदद लें।"
"यदि आप तेल वाष्प साँस में लें तो क्या करें?","तुरंत ताज़ा हवा लें, साँस लेने में परेशानी होने पर चिकित्सकीय मदद लें।"
"क्या तेल फैलाव सफाई के दौरान पानी में प्रवेश करना चाहिए?","केवल प्रशिक्षित पेशेवर उचित सुरक्षा उपकरण के साथ पानी में प्रवेश करें।"
"तेल फैलाव प्रतिक्रिया के लिए कौन सा सुरक्षा उपकरण आवश्यक है?","वॉटरप्रूफ सूट, दस्ताने, रेस्पिरेटर, आंखों की सुरक्षा, नॉन-स्लिप जूते।"
"तेल फैलाव को साफ़ करने में कितना समय लगता है?","आकार, स्थान, मौसम और सफाई विधियों पर निर्भर, हफ्तों से वर्षों तक।"
"तेल फैलाव सफाई में बूम्स का उपयोग क्या है?","तैरते हुए अवरोध जो तेल की गति को नियंत्रित और निर्देशित करते हैं।"
"तेल फैलाव सफाई में स्किमर्स क्या हैं?","उपकरण जो विभिन्न यांत्रिक तरीकों से पानी की सतह से तेल हटाते हैं।"
"तेल फैलाव में डिस्पर्सेंट का उपयोग क्या है?","रासायनिक जो तेल को छोटे कणों में तोड़ते हैं, विषाक्तता के कारण विवादास्पद।"
"तेल फैलाव के लिए इन-सिटू बर्निंग क्या है?","पानी की सतह पर तेल को नियंत्रित रूप से जलाना ताकि मात्रा कम हो।"
"तेल सफाई में सॉर्बेंट्स क्या हैं?","ऐसे पदार्थ जो तेल को अवशोषित करते हैं, प्राकृतिक जैसे स्ट्रॉ और सिंथेटिक उत्पाद।"
"तेल फैलाव के बाद समुद्र तट की सफाई कैसे की जाती है?","मैन्युअल हटाना, प्रेशर वॉशिंग, रेत बदलना, वनस्पति पुनर्स्थापन।"
"तेल फैलाव के लिए बायोरिमेडिएशन क्या है?","सूक्ष्मजीवों का उपयोग करके तेल को प्राकृतिक रूप से तोड़ना, पोषक तत्वों के साथ बढ़ावा।"
"विभिन्न सफाई विधियाँ कितनी प्रभावी हैं?","यांत्रिक वसूली सबसे प्रभावी, लेकिन आमतौर पर केवल 10-40% तेल वापस मिलता है।"
"सफाई के दौरान एकत्रित तेल क्या होता है?","रीसाइक्लिंग के लिए प्रोसेस किया जाता है, लाइसेंस प्राप्त सुविधाओं में निपटान, या जलाया जाता है।"
"तेल फैलाव की सफाई कौन भुगतान करता है?","जिम्मेदार पार्टी लागत के लिए उत्तरदायी, सरकार तेल फैलाव उत्तरदायित्व ट्रस्ट फंड का उपयोग कर सकती है।"
"बड़े तेल फैलाव की लागत कितनी होती है?","सफाई, नुकसान, जुर्माने और आर्थिक हानियों सहित अरबों डॉलर।"
"प्राकृतिक संसाधन क्षति आकलन क्या है?","पर्यावरणीय प्रभाव और पुनर्स्थापन आवश्यकताओं का वैज्ञानिक मूल्यांकन।"
"तेल फैलाव के पर्यावरणीय प्रभाव कितने लंबे समय तक रहते हैं?","तीव्र प्रभाव हफ्तों से महीनों तक, दीर्घकालिक प्रभाव दशकों तक रह सकते हैं।"
"तेल फैलाव प्रक्षेपण मॉडलिंग क्या है?","कंप्यूटर पूर्वानुमान कि तेल कहां जाएगा, पर्यावरणीय परिस्थितियों के आधार पर।"
"मौसम की स्थिति तेल फैलाव प्रतिक्रिया को कैसे प्रभावित करती है?","तेज हवा और लहरें सफाई को कठिन बनाती हैं, शांत स्थिति नियंत्रण में बेहतर।"
"तेल फैलाव के प्रभावों पर कौन से मौसमी कारक असर डालते हैं?","वन्यजीव प्रजनन, मछली पकड़ना, पर्यटन अवधि संवेदनशीलता बढ़ाते हैं।"
"तेल फैलाव के बाद मछली पकड़ने पर प्रतिबंध होना चाहिए?","अक्सर हाँ, जब तक समुद्री भोजन परीक्षण सुरक्षित न हो।"
"तेल फैलाव सफाई के बाद समुद्र तट कैसे फिर से खोले जाते हैं?","परीक्षण के बाद जब संदूषण स्तर सार्वजनिक उपयोग के लिए सुरक्षित हों।"
"तेल फैलाव सफाई के बाद कौन सा निगरानी जारी रहती है?","पानी की गुणवत्ता, तलछट प्रदूषण, वन्यजीव स्वास्थ्य, समुद्री भोजन सुरक्षा परीक्षण।"
"तेल फैलाव से प्रभावित समुदाय आर्थिक रूप से कैसे उबरते हैं?","पर्यटन पुनर्प्राप्ति, मछली उद्योग पुनर्स्थापन, मुआवजा कार्यक्रम, आर्थिक विविधीकरण।"
"तेल फैलाव-प्रभावित व्यवसायों के लिए कौन सी सहायता उपलब्ध है?","सरकारी आपदा ऋण, जिम्मेदार पार्टियों से मुआवजा, बीमा दावे।"
"मुआवजे के लिए तेल फैलाव नुकसान का दस्तावेज़ कैसे करें?","तस्वीरें, रसीदें, व्यावसायिक रिकॉर्ड, विशेषज्ञ मूल्यांकन, कानूनी दस्तावेज़।"
"तेल के संपर्क के बाद स्वास्थ्य निगरानी कैसे होती है?","चिकित्सकीय स्क्रीनिंग, दीर्घकालिक स्वास्थ्य अध्ययन, श्वसन और अन्य लक्षणों का ट्रैकिंग।"
"तेल के संपर्क के बाद चिकित्सकीय ध्यान कब लेना चाहिए?","हाँ, यदि सिरदर्द, मतली, त्वचा जलन, साँस लेने में समस्या जैसे लक्षण हैं।"
"तेल फैलाव के बाद उपकरण को कैसे डीकंटामिनेट करें?","उचित सॉल्वेंट्स के साथ पेशेवर सफाई, दूषित सामग्री का निपटान।"
"तेल फैलाव के बाद दीर्घकालिक पर्यावरण पुनर्स्थापन क्या है?","आवास पुनर्स्थापन, प्रजातियों की पुनःपरिचय, पारिस्थितिकी निगरानी, अनुकूल प्रबंधन।"
"भविष्य में तेल फैलाव को कैसे रोका जा सकता है?","डबल-हुल टैंकर, बेहतर नेविगेशन सिस्टम, कड़े नियम, नियमित निरीक्षण।"
"डबल-हुल टैंकर क्या हैं?","ऐसे जहाज जिनमें दो स्टील परतें होती हैं ताकि बाहरी हुल को नुकसान होने पर तेल न निकले।"
"तेल फैलाव रोकने में कौन से नेविगेशन सिस्टम मदद करते हैं?","GPS, राडार, ऑटोमैटिक आइडेंटिफिकेशन सिस्टम, इलेक्ट्रॉनिक चार्ट सिस्टम।"
"मौसम रूटिंग सिस्टम कैसे तेल फैलाव रोकते हैं?","जहाजों को गंभीर मौसम से बचाने में मदद करते हैं जो दुर्घटना और फैलाव का कारण बन सकते हैं।"
"तेल परिवहन पर कौन से नियम लागू हैं?","अंतर्राष्ट्रीय समुद्री संगठन के नियम, राष्ट्रीय कानून, पोर्ट स्टेट कंट्रोल निरीक्षण।"
"1990 का ऑयल पोल्यूशन एक्ट क्या है?","यू.एस. कानून जो फैलाव रोकथाम, प्रतिक्रिया योजना, और नुकसान के लिए जिम्मेदारी सुनिश्चित करता है।"
"वेसल प्रतिक्रिया योजनाएँ क्या हैं?","ज़रूरी योजनाएँ जो बताती हैं कि जहाज तेल फैलाव आपातकालीन स्थिति में कैसे प्रतिक्रिया देंगे।"
"तेल फैलाव के लिए क्षेत्रीय आपातकालीन योजना क्या है?","संभावित फैलाव पर सरकार और उद्योग की प्रतिक्रिया को समन्वित करने वाली क्षेत्रीय योजनाएँ।"
"तेल फैलाव प्रतिक्रिया के लिए बंदरगाह कैसे तैयार होते हैं?","उपकरण स्टॉक, प्रशिक्षित टीम, नियमित अभ्यास, समन्वय समझौते।"
"तेल फैलाव रोकने में पायलट का क्या भूमिका है?","स्थानीय नाविक जो बड़े जहाजों को सुरक्षित रूप से बंदरगाह और जलमार्गों से मार्गदर्शन करते हैं।"
"वेसल ट्रैफ़िक प्रबंधन कैसे फैलाव रोकता है?","समन्वित मार्गदर्शन, गति प्रतिबंध, मौसम सलाह, टक्कर से बचाव।"
"Question","Answer"
"कोस्ट गार्ड की तेल फैलाव प्रतिक्रिया में क्या भूमिका है?","संघीय ऑन-सीन समन्वयक, खोज और बचाव, कानून प्रवर्तन, सफाई निगरानी।"
"तेल फैलाव के लिए क्षेत्रीय प्रतिक्रिया टीम क्या हैं?","बहु-एजेंसी समूह जो संघीय, राज्य और स्थानीय फैलाव प्रतिक्रिया का समन्वय करते हैं।"
"राज्य तेल फैलाव प्रतिक्रिया के लिए कैसे तैयारी करते हैं?","प्रतिक्रिया उपकरण, प्रशिक्षित कर्मी, वन्यजीव बचाव क्षमता, सार्वजनिक स्वास्थ्य योजना।"
"तेल फैलाव के लिए राष्ट्रीय प्रतिक्रिया ढाँचा क्या है?","बड़े तेल फैलाव घटनाओं के लिए समन्वित संघीय दृष्टिकोण।"
"अंतर्राष्ट्रीय समझौते तेल फैलाव को कैसे संबोधित करते हैं?","MARPOL कन्वेंशन, उत्तरदायित्व कन्वेंशन, परस्पर सहायता समझौते।"
"MARPOL कन्वेंशन क्या है?","अंतर्राष्ट्रीय समझौता जो जहाजों से होने वाले प्रदूषण को रोकता है, जिसमें तेल का उत्सर्जन शामिल है।"
"दीर्घकालिक तेल प्रदूषण की रिपोर्ट कैसे करें?","बार-बार होने वाले छोटे फैलाव या अवैध उत्सर्जन को पर्यावरण अधिकारियों को दस्तावेज़ और रिपोर्ट करें।"
"अवैध जहाज उत्सर्जन क्या हैं?","तेल मिश्रित पानी, टैंक सफाई अपशिष्ट या अन्य प्रदूषकों का जानबूझकर उत्सर्जन।"
"जहाज स्रोत प्रदूषण की निगरानी कैसे की जाती है?","सैटेलाइट निगरानी, हवाई गश्ती, बंदरगाह निरीक्षण, व्हिसलब्लोअर रिपोर्ट।"
"तेल प्रदूषण उल्लंघनों के लिए कौन सी सजा है?","जुर्माने, आपराधिक आरोप, जहाज को रोके रखना, सफाई लागत, प्राकृतिक संसाधन नुकसान।"
"नागरिक समूह तेल फैलाव प्रतिक्रिया में कैसे मदद करते हैं?","स्वयंसेवक समुद्र तट सफाई, वन्यजीव बचाव समर्थन, नुकसान का दस्तावेज़ीकरण, वकालत।"
"तेल फैलाव स्वयंसेवकों के लिए क्या प्रशिक्षण आवश्यक है?","सुरक्षा प्रशिक्षण, उचित सफाई तकनीक, वन्यजीव हैंडलिंग प्रोटोकॉल, स्वास्थ्य सुरक्षा।"
"क्या बिना प्रशिक्षण वाले लोग तेल फैलाव सफाई में मदद कर सकते हैं?","नहीं, गलत सफाई दूषण फैलाती है और सुरक्षा जोखिम पैदा करती है।"
"तेल फैलाव पर सामुदायिक प्रतिक्रिया कैसे आयोजित करें?","आधिकारिक प्रतिक्रिया के साथ समन्वय करें, सुरक्षित गतिविधियों पर ध्यान दें, लॉजिस्टिक समर्थन दें।"
"तेल फैलाव प्रतिक्रिया सुधारने में कौन सा शोध मदद करता है?","नई सफाई तकनीक, पर्यावरणीय प्रभाव अध्ययन, वन्यजीव उपचार विधियाँ।"
"जलवायु परिवर्तन तेल फैलाव जोखिम को कैसे प्रभावित करता है?","कड़ी हवाओं से दुर्घटना का जोखिम बढ़ता है, आर्कटिक में बर्फ़ के पैटर्न बदलते हैं।"
"उभरते तेल फैलाव खतरे क्या हैं?","आर्कटिक ड्रिलिंग, गहरी समुद्री ऑपरेशन, पुरानी पाइपलाइन, रेल परिवहन।"
"सहनशील तटीय समुदाय तेल फैलाव के लिए कैसे तैयार हों?","प्रतिक्रिया योजना, उपकरण पूर्व स्थिति, सार्वजनिक शिक्षा, आर्थिक विविधीकरण।"
"तेल फैलाव के लिए कौन सी प्रारंभिक चेतावनी प्रणाली मौजूद हैं?","स्वचालित जहाज ट्रैकिंग, पाइपलाइन निगरानी, तटीय रडार, सैटेलाइट निगरानी।"
"संवेदनशील क्षेत्रों को तेल फैलाव से कैसे बचाएं?","पूर्व-बूम तैनाती, वन्यजीव अवरोध, त्वरित प्रतिक्रिया क्षमता, पहुँच प्रतिबंध।"
"पर्यावरण संवेदनशीलता मानचित्रण क्या है?","संवेदनशील क्षेत्रों की पहचान जो फैलाव प्रतिक्रिया के दौरान प्राथमिक सुरक्षा की आवश्यकता रखते हैं।"
"कोरल रीफ्स को तेल फैलाव से कैसे बचाएं?","त्वरित नियंत्रण, विशेष सफाई विधियाँ, दीर्घकालिक निगरानी, पुनर्स्थापन प्रयास।"
"आर्कटिक तेल फैलाव में क्या विशेष विचार हैं?","कड़ी जलवायु, दूरदराज के स्थान, बर्फ़ की स्थिति, सीमित सफाई मौसम, संवेदनशील पारिस्थितिकी तंत्र।"
"नदियों में तेल फैलाव का जवाब कैसे दें?","डाउनस्ट्रीम कंटेनमेंट, पीने के पानी की सुरक्षा, त्वरित स्रोत नियंत्रण, जलीय आवास सुरक्षा।"
"अंडरवाटर तेल फैलाव अलग क्यों है?","पता लगाना और रोकना कठिन, पूरी जलस्तंभ प्रभावित, जटिल सफाई चुनौतियाँ।"
"तेल फैलाव अपशिष्ट निपटान कैसे करें?","खतरे के अपशिष्ट के रूप में वर्गीकृत, लाइसेंस प्राप्त निपटान सुविधा आवश्यक, दस्तावेज़ीकरण।"
"तेल फैलाव के बाद सार्वजनिक स्वास्थ्य उपाय क्या हैं?","वायु गुणवत्ता निगरानी, समुद्री भोजन सुरक्षा परीक्षण, स्वास्थ्य सलाह, चिकित्सकीय निगरानी।"
"तेल फैलाव आपातकाल में संचार कैसे करें?","सार्वजनिक सूचना अधिकारी, मीडिया ब्रीफिंग, सामुदायिक बैठक, सोशल मीडिया अपडेट।"
"तेल फैलाव के दौरान जनता को कौन सी जानकारी मिलनी चाहिए?","स्वास्थ्य जोखिम, निकासी आदेश, सफाई प्रगति, सुरक्षा सावधानियाँ, सहायता संसाधन।"
"तेल फैलाव के दौरान गलत सूचना का सामना कैसे करें?","सटीक आधिकारिक जानकारी दें, गलत रिपोर्ट सुधारें, भरोसेमंद संदेशवाहक का उपयोग करें।"
"मीडिया की तेल फैलाव प्रतिक्रिया में क्या भूमिका है?","सूचना प्रसार, सार्वजनिक शिक्षा, प्रतिक्रिया जवाबदेही, पुनर्प्राप्ति दस्तावेज़ीकरण।"
"तेल फैलाव प्रतिक्रिया के दौरान सार्वजनिक विश्वास कैसे बनाए रखें?","पारदर्शी संचार, नियमित अपडेट, समुदाय की भागीदारी, जवाबदेही उपाय।"
"प्रमुख तेल फैलाव से क्या सबक मिले हैं?","रोकथाम, त्वरित प्रतिक्रिया, समुदाय की तैयारी, दीर्घकालिक निगरानी का महत्व।"
"तेल फैलाव प्रतिक्रिया प्रौद्योगिकी में कैसे सुधार हुआ है?","बेहतर पता लगाने वाले सिस्टम, अधिक प्रभावी सफाई विधियाँ, बेहतर डिस्पर्सेंट्स, सैटेलाइट मॉनिटरिंग।"
"भविष्य की तकनीकें तेल फैलाव प्रतिक्रिया में कैसे सुधार सकती हैं?","स्वायत्त सफाई प्रणाली, उन्नत सामग्री, वास्तविक समय निगरानी, जैवप्रौद्योगिकी अनुप्रयोग।"
"तेल फैलाव प्रतिक्रिया की प्रभावकारिता कैसे मूल्यांकन करें?","पुनर्प्राप्ति दर, पर्यावरण संरक्षण, सार्वजनिक स्वास्थ्य परिणाम, लागत-प्रभावशीलता उपाय।"
"तेल फैलाव रोकथाम के सर्वोत्तम अभ्यास क्या हैं?","नियमित उपकरण रखरखाव, क्रू प्रशिक्षण, नेविगेशन सुरक्षा, मौसम मार्गदर्शन, निरीक्षण अनुपालन।"
"समुदाय को तेल फैलाव से मजबूत कैसे बनाएं?","तैयारी योजना, विविध अर्थव्यवस्था, पर्यावरण पुनर्स्थापन, प्रतिक्रिया क्षमता।"
"सबसे महत्वपूर्ण तेल फैलाव सुरक्षा संदेश क्या है?","फैलाव तुरंत रिपोर्ट करें और प्रशिक्षित पेशेवरों को उचित उपकरण के साथ सफाई करने दें।"
"तेल फैलाव जोखिम के बारे में जानकारी कैसे रखें?","जहाज यातायात की निगरानी, पर्यावरण एजेंसियों का पालन, स्थानीय प्रतिक्रिया योजनाओं को जानें, निकासी मार्ग समझें।"
"हर तटीय निवासी को तेल फैलाव के बारे में क्या जानना चाहिए?","प्रदूषण कैसे पहचानें, रिपोर्टिंग के लिए किसे कॉल करें, बुनियादी सुरक्षा सावधानियाँ, निकासी प्रक्रियाएँ।"
"सफल तेल फैलाव प्रतिक्रिया की कुंजी क्या है?","त्वरित पता लगाना, तुरंत प्रतिक्रिया, समन्वित प्रयास, पर्याप्त संसाधन, समुदाय सहयोग।"
"Deepwater Horizon के अलावा उल्लेखनीय ऐतिहासिक तेल फैलाव कौन से हैं?","Exxon Valdez (अलास्का, 1989) - 11 मिलियन गैलन; Prestige (स्पेन, 2002); MV Wakashio (मॉरिशस, 2020)।"
"भारत में तेल फैलाव की घटनाएँ कौन सी हैं?","MV Western Pioneer (मुंबई तट, 2011); कोच्चि, केरल के पास तेल टैंकर टकराव; मुंबई और गुजरात में छोटे पोर्ट आधारित उत्सर्जन।"
"भारत में तेल फैलाव के कौन से नियम लागू हैं?","The Maritime Zones of India Act, 1976; Coastal Regulation Zone Notifications; Oil Pollution Rules under Environment Protection Act, 1986।"
"भारत में तेल फैलाव कौन से एजेंसियां संभालती हैं?","भारतीय तटरक्षक, पर्यावरण, वन और जलवायु परिवर्तन मंत्रालय, स्थानीय पोर्ट प्राधिकरण, Oil Industry Safety Directorate (OISD)।"
"तेल फैलाव उष्णकटिबंधीय तूफान या चक्रवात के साथ कैसे इंटरैक्ट करता है?","तूफान तेल को बड़े क्षेत्रों में फैला सकते हैं, सफाई जटिल बनाते हैं, तटीय बाढ़ और समुद्री जीवन जोखिम बढ़ाते हैं।"
"तेल फैलाव मछली पालन को आर्थिक रूप से कैसे प्रभावित करता है?","मछली पकड़ने में हानि, अस्थायी मछली पकड़ने पर प्रतिबंध, समुद्री भोजन का संदूषण, स्थानीय मछुआरों की आय में हानि।"
"तेल फैलाव पर्यटन को कैसे प्रभावित करता है?","समुद्र तट बंद, रिसॉर्ट और समुद्री आकर्षण को नुकसान, दीर्घकालिक आगंतुक संख्या में कमी, तटीय शहरों में आर्थिक हानि।"
"Question","Answer"
"तटीय समुदायों पर तेल रिसाव के सामाजिक प्रभाव क्या हैं?","स्वास्थ्य समस्याएं, आजीविका में विघटन, मानसिक तनाव, बढ़ती प्रवासन, सहायता पर निर्भरता।"
"तेल रिसाव मैंग्रोव और दलदलों को कैसे प्रभावित करता है?","जड़ों को ढकना, ऑक्सीजन में कमी, दीर्घकालिक आवासीय क्षति, मछली और पक्षियों के प्रजनन स्थल का नुकसान।"
"भारत में छोटे पैमाने पर लगातार तेल डिस्चार्ज की निगरानी कैसे की जाती है?","सैटेलाइट मॉनिटरिंग, स्थानीय बंदरगाह निरीक्षण, स्वैच्छिक उद्योग रिपोर्टिंग, व्हिसलब्लोअर रिपोर्ट।"
"तेल रिसाव के लिए प्रभावी सामुदायिक तैयारी के उपाय क्या हैं?","स्थानीय प्रतिक्रिया प्रशिक्षण, जागरूकता अभियान, सुरक्षात्मक उपकरणों का स्टॉकपाइलिंग, समन्वित निकासी योजनाएं।"
"स्थानीय समुदाय निगरानी और प्रतिक्रिया में कैसे मदद कर सकते हैं?","नागरिक विज्ञान रिपोर्टिंग, समुद्र तट सर्वेक्षण, वन्यजीव निगरानी, प्रशिक्षित प्रतिक्रिया टीमों की सुरक्षित सहायता।"
"तेल रिसाव की रोकथाम और प्रतिक्रिया के लिए कौन-कौन से अंतर्राष्ट्रीय संगठन मार्गदर्शन करते हैं?","IMO, UNEP, International Tanker Owners Pollution Federation (ITOPF), Regional Seas Conventions।"
"तेल रिसाव प्रवाल भित्तियों को कैसे प्रभावित करता है?","तेल कोरल की सतह को ढक देता है, सूर्य की रोशनी अवरुद्ध करता है, प्रकाश संश्लेषण कम करता है, और ब्लिचिंग तथा मृत्यु का कारण बनता है।"
"प्रभावित वन्यजीवों के लिए पुनर्वास उपाय क्या हैं?","तेल लगे पक्षियों के धोने के केंद्र, समुद्री स्तनधारियों के लिए पशु चिकित्सीय देखभाल, संवेदनशील प्रजातियों का पुनर्स्थान, आवासीय पुनर्स्थापना।"
"आर्कटिक क्षेत्रों में तेल रिसाव के जोखिम को कैसे कम किया जा सकता है?","बर्फ़ नेविगेशन प्रोटोकॉल, मौसमी ड्रिलिंग प्रतिबंध, विशेष स्पिल प्रतिक्रिया उपकरण, सतत निगरानी।"
"पाइपलाइनों और ऑफशोर ड्रिलिंग से तेल रिसाव के जोखिम कैसे बढ़ते हैं?","लीक, ब्लोआउट, संक्षारण, उपकरण विफलता, मानव त्रुटि, अपर्याप्त निगरानी या रखरखाव।"
"तेल रिसाव के बाद सार्वजनिक स्वास्थ्य की निगरानी कैसे की जाती है?","स्वास्थ्य स्क्रीनिंग, श्वसन और त्वचा मूल्यांकन, दीर्घकालिक महामारी विज्ञान अध्ययन, समुद्री भोजन खपत पर सलाह।"
"भारत में तेल रिसाव के बाद समुद्र तट और बंदरगाह सुरक्षित रूप से कैसे खोले जाते हैं?","रेत और पानी का रासायनिक परीक्षण, संदूषण हटाना, कोस्ट गार्ड और पर्यावरण प्राधिकरण द्वारा अनुमोदन।"
"तेल रिसाव पुनर्प्राप्ति में स्थानीय NGOs की क्या भूमिका है?","सामुदायिक आंदोलन, जागरूकता अभियान, वन्यजीव बचाव समर्थन, पर्यावरणीय क्षति का दस्तावेज़ीकरण, कड़े नियमों के लिए वकालत।"
"समुद्र स्तर वृद्धि क्या है?","जलवायु परिवर्तन और तापीय विस्तार के कारण महासागरों के जल स्तर में वैश्विक वृद्धि।"
"समुद्र स्तर वृद्धि का कारण क्या है?","गर्म होते महासागरों का तापीय विस्तार और ग्लेशियर और हिमपृष्ठ का पिघलना।"
"ऐतिहासिक रूप से समुद्र स्तर कितना बढ़ा है?","1880 के बाद लगभग 21-24 सेंटीमीटर, हाल के दशकों में तेजी से बढ़ रहा है।"
"वर्तमान में समुद्र स्तर वृद्धि की दर कितनी है?","वैश्विक रूप से लगभग 3.3 मिमी प्रति वर्ष, क्षेत्र अनुसार भिन्न।"
"2100 तक समुद्र स्तर कितना बढ़ सकता है?","प्रोजेक्शन 0.43 से 2.84 मीटर तक, उत्सर्जन परिदृश्यों के अनुसार।"
"समुद्री जल का तापीय विस्तार क्या है?","जैसे ही पानी गर्म होता है, वह फैलता है और वर्तमान समुद्र स्तर वृद्धि का लगभग आधा योगदान देता है।"
"समुद्र स्तर वृद्धि में सबसे अधिक योगदान देने वाले हिमपृष्ठ कौन हैं?","ग्रीनलैंड और अंटार्कटिक हिमपृष्ठ, जिनमें 70+ मीटर तक समुद्र बढ़ाने के लिए पर्याप्त पानी है।"
"तटीय क्षरण क्या है?","लैंड का कटाव और लहरों द्वारा समुद्र तट या टीलों के तलछट को हटाना।"
"तटीय क्षरण के कारण क्या हैं?","लहरों की क्रिया, तूफान, समुद्र स्तर वृद्धि, मानव गतिविधियाँ, तलछट आपूर्ति में बदलाव।"
"तटीय क्षरण कितनी तेज़ी से होता है?","स्थिति और परिस्थितियों के अनुसार सेंटीमीटर से लेकर मीटर प्रति वर्ष।"
"मुख्य प्रकार के तटीय क्षरण कौन से हैं?","समुद्र तट क्षरण, ढाल पीछे हटना, दलदल का नुकसान, बैरियर द्वीप स्थानांतरण।"
" shoreline retreat क्या है?","समय के साथ क्षरण प्रक्रियाओं के कारण समुद्र तट का स्थलीय रूप से पीछे हटना।"
"कौन से कारक तटीय क्षरण को तेज़ करते हैं?","समुद्र स्तर वृद्धि, बढ़ी हुई तूफान तीव्रता, कम तलछट आपूर्ति, मानव विकास।"
"समुद्र स्तर वृद्धि तटीय क्षरण को कैसे बढ़ाती है?","ऊँचा जल स्तर लहरों को उन क्षेत्रों तक पहुंचने देता है जिन्हें पहले सुरक्षित माना जाता था।"
"coastal squeeze क्या है?","स्थिर तटीय सुरक्षा संरचनाओं के खिलाफ समुद्र स्तर बढ़ने के कारण अंतर जलीय आवास का नुकसान।"
"समुद्र स्तर वृद्धि के लिए सबसे संवेदनशील क्षेत्र कौन से हैं?","नीचे की सतह वाले तटीय मैदान, नदी डेल्टा, छोटे द्वीप, भूमि में डूबाव वाले क्षेत्र।"
"कौन से अमेरिकी क्षेत्र समुद्र स्तर वृद्धि के उच्चतम जोखिम का सामना करते हैं?","गुल्फ कोस्ट, मिड-अटलांटिक, दक्षिणपूर्व, और कैलिफ़ोर्निया और अलास्का के कुछ हिस्से।"
"समुद्र स्तर वृद्धि से कौन सा बुनियादी ढांचा खतरे में है?","सड़कें, हवाई अड्डे, बंदरगाह, उपयोगिताएँ, सीवेज ट्रीटमेंट प्लांट, तटीय भवन।"
"समुद्र स्तर वृद्धि पीने के पानी को कैसे प्रभावित करती है?","समुद्र जल की घुसपैठ, भूजल और सतही जल स्रोतों में नमक का मिश्रण।"
"saltwater intrusion क्या है?","समुद्र स्तर वृद्धि के कारण ताजे पानी की एक्विफ़र्स में समुद्री जल का प्रवेश।"
"तटीय क्षरण इमारतों के लिए कैसे खतरा पैदा करता है?","नींव को कमजोर करता है, भूखंड आकार घटता है, अंततः संरचनात्मक पतन।"
"समुद्र स्तर वृद्धि के दौरान समुद्र तटों के साथ क्या होता है?","कई समुद्र तट स्थायी रूप से डूब जाएंगे या यदि जगह हो तो स्थलीय रूप से पीछे हटेंगे।"
"समुद्र स्तर वृद्धि दलदलों को कैसे प्रभावित करती है?","मौजूदा दलदलों को डुबा सकती है और पहले सूखी जगहों पर नए दलदल बना सकती है।"
"तटीय क्षरण से आर्थिक प्रभाव क्या होते हैं?","संपत्ति का नुकसान, बुनियादी ढांचे का नुकसान, पर्यटन में गिरावट, पुनर्वास लागत।"
"समुद्र स्तर वृद्धि से कितनी संपत्ति खतरे में है?","2100 तक तटीय संपत्ति में ट्रिलियनों डॉलर का खतरा।"
"कौन से कृषि क्षेत्र समुद्र स्तर वृद्धि से खतरे में हैं?","तटीय कृषि भूमि, नमक जल घुसपैठ और स्थायी बाढ़ से प्रभावित।"
"समुद्र स्तर वृद्धि तटीय पारिस्थितिकी तंत्र को कैसे प्रभावित करती है?","आवासीय स्थानांतरण, प्रजातियों का विस्थापन, पारिस्थितिकी सेवाओं में व्यवधान।"
"समुद्र स्तर वृद्धि के दौरान प्रवाल भित्तियों के साथ क्या होता है?","यदि वृद्धि धीमी है तो वे तालमेल बनाए रख सकते हैं, लेकिन गर्मी और अम्लीकरण से खतरा रहता है।"
"समुद्र स्तर वृद्धि के प्रति मैंग्रोव कैसे प्रतिक्रिया देते हैं?","यदि विकास या स्थलाकृति द्वारा अवरुद्ध नहीं हैं, तो वे स्थलीय रूप से पीछे हट सकते हैं।"
"समुद्र स्तर वृद्धि से nuisance flooding क्या है?","तूफान के बिना उच्च ज्वार के दौरान नियमित बाढ़, जो लगातार बढ़ रही है।"
"nuisance flooding कितनी बार होता है?","संवेदनशील क्षेत्रों में कभी-कभार से लेकर साल में दर्जनों बार बढ़ रहा है।"
"relative sea level rise क्या है?","स्थानीय समुद्र स्तर परिवर्तन जिसमें भूमि डूबाव और क्षेत्रीय भिन्नताएं शामिल हैं।"
"भूमि डूबाव का कारण क्या है?","भूजल पंपिंग, तेल/गैस निष्कर्षण, प्राकृतिक स्थिरता, भूवैज्ञानिक प्रक्रियाएं।"
"समुद्र स्तर वृद्धि को कैसे मापा जाता है?","ज्वारीय गेज, सैटेलाइट एल्टिमेट्री, GPS मापन, भूवैज्ञानिक संकेतक।"
"tide gauges क्या हैं?","तटीय स्थानों पर समय के साथ जल स्तर परिवर्तन को मापने वाले उपकरण।"
"सैटेलाइट समुद्र स्तर को कैसे मापते हैं?","राडार अल्टिमीटर्स सैटेलाइट से महासागर सतह तक की दूरी मापते हैं।"
"Question","Answer"
"समुद्र स्तर वृद्धि का प्रोजेक्शन क्या है?","जलवायु मॉडल और परिदृश्यों के आधार पर भविष्य के समुद्र स्तर का वैज्ञानिक अनुमान।"
"आप अपनी संपत्ति के समुद्र स्तर वृद्धि जोखिम का मूल्यांकन कैसे करते हैं?","ऊँचाई, बाढ़ मानचित्र, स्थानीय प्रोजेक्शन और संवेदनशीलता आकलन देखें।"
"कौन से ऑनलाइन उपकरण समुद्र स्तर वृद्धि प्रोजेक्शन दिखाते हैं?","NOAA Sea Level Rise Viewer, Climate Central का Surging Seas, राज्य तटीय कार्यक्रम।"
"आप अपनी संपत्ति की ऊँचाई कैसे निर्धारित करते हैं?","सर्वेक्षण मानचित्र, LIDAR डेटा, पेशेवर सर्वेक्षण, FEMA बाढ़ मानचित्र।"
"Base flood elevation क्या है?","100-वर्षीय बाढ़ की जल सतह ऊँचाई जिसका उपयोग भवन और बीमा आवश्यकताओं के लिए किया जाता है।"
"क्या आपको समुद्र स्तर वृद्धि क्षेत्रों में संपत्ति खरीदनी चाहिए?","दीर्घकालिक जोखिम, बीमा लागत, पुनर्विक्रय मूल्य और अनुकूलन विकल्पों पर विचार करें।"
"समुद्र स्तर वृद्धि संपत्ति मूल्यों को कैसे प्रभावित करती है?","उच्च जोखिम वाली संपत्तियों के मूल्य घटते हैं और बाजार में अधिक समय बिताते हैं।"
"कौन सा बीमा समुद्र स्तर वृद्धि के नुकसान को कवर करता है?","बाढ़ बीमा कुछ प्रभावों को कवर करता है, लेकिन धीरे-धीरे होने वाले कटाव या लगातार बाढ़ को नहीं।"
"समुद्र स्तर वृद्धि के लिए अपने घर को कैसे तैयार करें?","संरचना को ऊँचा करें, जल निकासी सुधारें, बाढ़-प्रतिरोधी सामग्री का उपयोग करें, वापसी विकल्प योजना बनाएं।"
"Wet floodproofing क्या है?","संरचना में पानी को स्वतंत्र रूप से प्रवेश और निकास करने देना ताकि नुकसान न हो।"
"Dry floodproofing क्या है?","निर्धारित ऊँचाई तक पानी के प्रवेश को रोकने के लिए संरचना को सील करना।"
"क्या आपको अपने घर को समुद्र स्तर वृद्धि के लिए ऊँचा करना चाहिए?","संवेदनशील क्षेत्र में हो तो विचार करें, बीमा या परमिट के लिए आवश्यक हो सकता है।"
"समुद्र स्तर वृद्धि के ऊपर आपको कितनी ऊँचाई पर घर ऊँचा करना चाहिए?","उपयोगी डिजाइन जीवन के लिए प्रोजेक्टेड बाढ़ स्तर से कम से कम 1-3 फीट ऊपर।"
"कौन सी निर्माण सामग्री समुद्र स्तर वृद्धि के प्रभावों का सामना कर सकती हैं?","बाढ़-प्रतिरोधी सामग्री जैसे क्लोज़ड-सेल फोम, मरीन-ग्रेड प्लाईवुड, कंक्रीट।"
"आप उपयोगिताओं को समुद्र स्तर वृद्धि से कैसे सुरक्षित रखें?","HVAC, वॉटर हीटर, इलेक्ट्रिकल पैनल को प्रोजेक्टेड बाढ़ स्तर से ऊपर ऊँचा करें।"
"समुद्र स्तर वृद्धि के लिए कौन सा लैंडस्केपिंग मदद करता है?","देशी नमक-प्रतिरोधी पौधे, रेन गार्डन, परमीएबल सतहें, प्राकृतिक जल निकासी।"
"क्या आपको समुद्र स्तर वृद्धि के लिए सुम्प पंप लगाना चाहिए?","छोटी बाढ़ में मदद कर सकता है लेकिन बड़ी समुद्र स्तर वृद्धि के खिलाफ प्रभावी नहीं।"
"समुद्र स्तर वृद्धि के लिए संपत्ति की जल निकासी कैसे सुधारें?","भवन से दूर ग्रेडिंग, फ्रेंच ड्रेन लगाएं, परमीएबल पावमेंट का उपयोग करें।"
"अगर आपका सीप्टिक सिस्टम समुद्र स्तर वृद्धि से खतरे में है तो क्या करें?","सीवर सिस्टम से कनेक्शन या ऊँचा/विकल्पीय उपचार प्रणाली पर विचार करें।"
"महत्वपूर्ण दस्तावेज़ों को समुद्र स्तर वृद्धि से कैसे सुरक्षित रखें?","वॉटरप्रूफ स्टोरेज, डिजिटल कॉपी, ऑफ-साइट स्टोरेज, क्लाउड बैकअप।"
"क्या तटीय कटाव रोकने के लिए पेड़ लगाने चाहिए?","उपयुक्त वनस्पति मदद कर सकती है, लेकिन मुख्य कटाव के लिए पेशेवर समाधान चाहिए।"
"अगर समुद्र स्तर वृद्धि आपकी कुएं के पानी को खतरे में डालती है तो क्या करें?","लवणता की निगरानी करें, वैकल्पिक जल स्रोत पर विचार करें, गहरे कुएं स्थापित करें।"
"समुद्र स्तर वृद्धि के लिए समुदाय कैसे अनुकूलित होते हैं?","Zoning परिवर्तन, भवन कोड, बुनियादी ढांचे का उन्नयन, प्रबंधित वापसी कार्यक्रम।"
"समुद्र स्तर वृद्धि से प्रबंधित वापसी क्या है?","संवेदनशील तटीय क्षेत्रों से लोगों और बुनियादी ढांचे का योजनाबद्ध पुनर्स्थान।"
"समुद्र स्तर वृद्धि के लिए accommodation क्या है?","उच्च जल स्तर के साथ जीवित रहने के लिए तैरते ढांचे और अनुकूलन।"
"समुद्र स्तर वृद्धि से सुरक्षा क्या है?","उच्च जल से बचाव के लिए हार्ड और सॉफ्ट इंजीनियरिंग समाधान।"
"समुद्र स्तर वृद्धि के खिलाफ seawalls का उपयोग क्या है?","लहरों और बाढ़ से भूमि की सुरक्षा के लिए ऊर्ध्वाधर बाधाएं।"
"Seawalls की समस्याएं क्या हैं?","महंगा, समुद्र तट क्षरण करता है, रखरखाव की आवश्यकता, अंततः ओवरटॉप हो सकता है।"
"Coastal erosion के लिए living shoreline approach क्या है?","सुरक्षा के लिए प्राकृतिक सामग्री जैसे oyster reefs और marsh grasses का उपयोग।"
"Coastal protection में breakwaters का उपयोग क्या है?","तटीय लहरों की ऊर्जा को कम करने वाले ऑफशोर ढांचे।"
"Coastal erosion के लिए beach nourishment क्या है?","क्षतिग्रस्त समुद्र तटों में रेत जोड़कर चौड़ाई और ऊँचाई बहाल करना।"
"Beach nourishment कितनी देर तक टिकता है?","आमतौर पर 5-10 साल, परिस्थितियों के अनुसार नवीनीकरण की आवश्यकता।"
"Dunes coastal protection में क्या करते हैं?","लहरों की ऊर्जा अवशोषित करते हैं और तूफान से सुरक्षा प्रदान करते हैं।"
"Sand dunes कैसे बहाल करें?","देशी पौधे लगाएं, रेत बाड़ लगाएं, पहुँच सीमित करें, रेत जोड़ें।"
"Ecosystem-based adaptation क्या है?","तटीय सुरक्षा के लिए दलदल और रीफ जैसे प्राकृतिक प्रणालियों का उपयोग।"
"Wetlands समुद्र स्तर वृद्धि से कैसे सुरक्षा करते हैं?","तूफान की लहरें अवशोषित करते हैं, लहर ऊर्जा कम करते हैं, तलछट के साथ ऊँचाई बना सकते हैं।"
"Oyster reefs coastal protection में क्या भूमिका निभाते हैं?","प्राकृतिक ब्रेकवाटर बनाते हैं, रीफ ऊँचाई बढ़ाते हैं, पारिस्थितिकी सेवाओं का समर्थन।"
"Natural solutions और hard engineering कितने प्रभावी हैं?","प्राकृतिक समाधान अक्सर लागत-कुशल और दीर्घकालिक कई लाभ प्रदान करते हैं।"
"Blue-green infrastructure क्या है?","तटीय लचीलापन के लिए प्राकृतिक प्रणालियों को निर्मित बुनियादी ढांचे के साथ संयोजित करना।"
"दीर्घकालिक समुद्र स्तर वृद्धि की योजना कैसे बनाएं?","कई समय सीमाओं पर विचार करें, अनुकूल प्रबंधन, समाधानों में लचीलापन।"
"Adaptive management क्या है?","निगरानी, नई जानकारी और बदलती परिस्थितियों के आधार पर रणनीतियों को समायोजित करना।"
"समुद्र स्तर वृद्धि प्रभावों की निगरानी कैसे करें?","नियमित सर्वेक्षण, फोटो दस्तावेज़ीकरण, जल स्तर निगरानी, पारिस्थितिकी मूल्यांकन।"
"कौन से शुरुआती संकेत समुद्र स्तर वृद्धि की तेजी दिखाते हैं?","अधिक बार nuisance flooding, कुओं में समुद्री जल, वनस्पति की मृत्यु।"
"समुद्र स्तर वृद्धि जोखिम को समुदाय तक कैसे संप्रेषित करें?","स्थानीय उदाहरण, दृश्य उपकरण, भरोसेमंद संदेशवाहक, समाधानों पर ध्यान दें।"
"अगर समुदाय समुद्र स्तर वृद्धि को नकारता है तो क्या करें?","स्थानीय प्रमाण प्रस्तुत करें, वर्तमान बाढ़ समस्याओं पर ध्यान दें, सह-लाभ पर जोर दें।"
"समुद्र स्तर वृद्धि कार्रवाई के लिए राजनीतिक समर्थन कैसे बनाएं?","नो-रिग्रेट उपायों से शुरू करें, गठबंधन बनाएं, आर्थिक तर्क का उपयोग करें।"
"समुद्र स्तर वृद्धि अनुकूलन के लिए कौन से फंडिंग उपलब्ध हैं?","संघीय अनुदान, राज्य कार्यक्रम, स्थानीय बॉन्ड, निजी निवेश, बीमा छूट।"
"समुद्र स्तर वृद्धि अनुकूलन उपायों को प्राथमिकता कैसे दें?","जोखिम मूल्यांकन, लागत-लाभ विश्लेषण, सह-लाभ, व्यवहार्यता, हितधारक इनपुट।"
"Retreat और protect निर्णय लेने में क्या अंतर है?","रक्षा बनाम पुनर्स्थान की दीर्घकालिक लागत की तुलना में आर्थिक विश्लेषण।"
"समुद्र स्तर वृद्धि से retreat की योजना कैसे बनाएं?","संपर्क क्षेत्र पहचानें, पुनर्स्थान सहायता प्रदान करें, समुदाय की एकजुटता बनाए रखें।"
"Question","Answer"
"वापसी के बाद परित्यक्त क्षेत्रों के साथ क्या होता है?","दलदल, पार्क या प्राकृतिक तटीय बफ़र बन सकते हैं।"
"Managed retreat के दौरान संपत्ति अधिकार कैसे संभालते हैं?","उचित मुआवजा, स्वैच्छिक कार्यक्रम, नियामक अधिग्रहण, eminent domain।"
"समुद्र स्तर वृद्धि से कौन-कौन से कानूनी मुद्दे उत्पन्न होते हैं?","संपत्ति अधिकार, दायित्व, बीमा विवाद, नियामक अधिकार क्षेत्र।"
"समुद्र स्तर वृद्धि के साथ ज़ोनिंग कैसे बदलती है?","नई विकास को सीमित करें, उच्च मानक आवश्यक करें, बफ़र ज़ोन बनाएं।"
"कौन से निर्माण कोड समुद्र स्तर वृद्धि को संबोधित करते हैं?","उच्च ऊँचाई आवश्यकताएँ, बाढ़-प्रतिरोधी निर्माण, सेटबैक नियम।"
"समुद्र स्तर वृद्धि के लिए बुनियादी ढांचे को कैसे अपडेट करें?","सड़कों को ऊँचा करें, जल निकासी सुधारें, सुविधाओं को स्थानांतरित करें, लचीले डिज़ाइन का उपयोग करें।"
"समुद्र स्तर वृद्धि के लिए परिवहन अनुकूलन कैसे मदद करते हैं?","सड़कों को ऊँचा करें, जल निकासी सुधारें, वैकल्पिक मार्ग योजना बनाएं, तैरते पुल।"
"बंदरगाह समुद्र स्तर वृद्धि के लिए कैसे अनुकूलित होते हैं?","लचीली डॉक प्रणाली, ऊँचा बुनियादी ढांचा, बेहतर जल निकासी, वापसी की योजना।"
"हवाई अड्डे समुद्र स्तर वृद्धि के लिए कैसे तैयारी करते हैं?","रनवे ड्रेनेज, ऊँची सुविधाएँ, लवण-प्रतिरोधी सामग्री, वैकल्पिक स्थान।"
"उपयोगिताएँ समुद्र स्तर वृद्धि के लिए कैसे अनुकूलित होती हैं?","भूमिगत लाइनों, ऊँची उपकरण, लवण-प्रतिरोधी सामग्री, बैकअप सिस्टम।"
"स्कूल समुद्र स्तर वृद्धि के लिए कैसे तैयारी करते हैं?","ऊँचाई मूल्यांकन, आपातकालीन योजना, पाठ्यक्रम में समावेशन, सुविधाओं का उन्नयन।"
"अस्पताल समुद्र स्तर वृद्धि के लिए कैसे अनुकूलित होते हैं?","बाढ़ स्तर से ऊपर बैकअप पावर, आपातकालीन योजनाएँ, आपूर्ति श्रृंखला लचीलापन।"
"समुद्र स्तर वृद्धि के लिए आपातकालीन योजना में क्या शामिल है?","अपडेटेड निकासी मार्ग, बाढ़ प्रतिक्रिया, संचार प्रणाली, आश्रय स्थान।"
"समुद्र स्तर वृद्धि बाढ़ के दौरान आप कैसे निकालेंगे?","आपातकालीन योजना का पालन करें, उच्च भूमि पर जाएँ, बाढ़ वाले रास्तों से बचें।"
"अगर समुद्र स्तर वृद्धि घटनाओं के दौरान सड़कें बाढ़ में हैं तो क्या करें?","वैकल्पिक मार्गों का उपयोग करें, पानी में न चलें, पानी कम होने का इंतजार करें।"
"समुद्र स्तर वृद्धि आपात स्थितियों में आप कैसे संचार करते हैं?","आपातकालीन अलर्ट, बैकअप संचार प्रणाली, पड़ोस नेटवर्क।"
"समुद्र स्तर वृद्धि बाढ़ के दौरान आपको कौन-कौन सी आपूर्ति चाहिए?","पानी, भोजन, टॉर्च, रेडियो, प्राथमिक चिकित्सा, दवाइयाँ, महत्वपूर्ण दस्तावेज़।"
"समुद्र स्तर वृद्धि के कारण लगातार बाढ़ में आपको रहना चाहिए या जाना चाहिए?","आधिकारिक मार्गदर्शन का पालन करें, सुरक्षा को प्राथमिकता दें, निकासी योजना तैयार रखें।"
"समुद्र स्तर वृद्धि घटनाओं के दौरान आप पड़ोसियों की कैसे मदद करते हैं?","संवेदनशील निवासियों की जांच करें, संसाधन साझा करें, परिवहन प्रदान करें।"
"समुद्र स्तर वृद्धि बाढ़ से कौन-कौन से स्वास्थ्य जोखिम आते हैं?","जलजनित रोग, फफूंदी, मानसिक स्वास्थ्य प्रभाव, बुनियादी ढांचे की विफलताएँ।"
"समुद्र स्तर वृद्धि बाढ़ के बाद फफूंदी कैसे रोकें?","संरचनाओं को जल्दी सुखाएँ, गीली सामग्री हटाएँ, डीह्यूमिडिफ़ायर का उपयोग करें, वेंटिलेशन सुधारें।"
"अगर पीने का पानी समुद्र स्तर वृद्धि से दूषित हो जाए तो क्या करें?","बोतलबंद पानी का उपयोग करें, सलाह पर उबालें, निजी कुओं की जाँच करें, समस्याओं की रिपोर्ट करें।"
"समुद्र स्तर वृद्धि बाढ़ के बाद सफाई कैसे करें?","सुरक्षात्मक गियर पहनें, नुकसान का दस्तावेज़ीकरण करें, गीली सामग्री हटाएँ, सतहों को कीटाणुरहित करें।"
"समुद्र स्तर वृद्धि नुकसान के बाद आर्थिक सहायता क्या उपलब्ध है?","FEMA सहायता, SBA लोन, बीमा दावे, स्थानीय सहायता कार्यक्रम।"
"समुद्र स्तर वृद्धि से हुए नुकसान को आप कैसे दस्तावेज़ करते हैं?","सफाई से पहले फोटो लें, रसीद रखें, बीमा से संपर्क करें, पेशेवर मूल्यांकन लें।"
"अगर बीमा समुद्र स्तर वृद्धि नुकसान को कवर नहीं करता तो क्या करें?","निर्णय का अपील करें, अन्य पॉलिसियों की जाँच करें, कानूनी सलाह लें, सहायता के लिए आवेदन करें।"
"समुद्र स्तर वृद्धि के लगातार प्रभावों से समुदाय कैसे उबरता है?","आर्थिक विविधीकरण, बुनियादी ढांचे का पुनर्निर्माण, जनसंख्या पुनर्स्थान, पारिस्थितिकी तंत्र पुनर्स्थापना।"
"कौन-सी उद्योग समुद्र स्तर वृद्धि से सबसे अधिक प्रभावित होती हैं?","पर्यटन, मछली पकड़ना, कृषि, रियल एस्टेट, बीमा, शिपिंग।"
"समुद्र स्तर वृद्धि अनुकूलन के दौरान समुदाय की एकजुटता कैसे बनाए रखें?","समावेशी योजना, सांस्कृतिक स्थलों को सुरक्षित रखें, संवेदनशील आबादी का समर्थन करें।"
"समुद्र स्तर वृद्धि को समझने में कौन-सी रिसर्च मदद करती है?","ज्वारीय गेज डेटा, सैटेलाइट मापन, हिमपृष्ठ अध्ययन, जलवायु मॉडलिंग।"
"वैज्ञानिक भविष्य के समुद्र स्तर वृद्धि की भविष्यवाणी कैसे करते हैं?","जलवायु मॉडल, हिमपृष्ठ गतिशीलता, तापीय विस्तार गणना, सांख्यिकीय विश्लेषण।"
"समुद्र स्तर वृद्धि प्रोजेक्शन में सबसे बड़ी अनिश्चितताएँ क्या हैं?","हिमपृष्ठ व्यवहार, क्षेत्रीय भिन्नताएँ, tipping points, उत्सर्जन परिदृश्य।"
"जलवायु परिवर्तन की तेजी समुद्र स्तर वृद्धि को कैसे प्रभावित करती है?","तेजी से गर्म होना तेजी से हिम क्षति और त्वरित वृद्धि को उत्पन्न कर सकता है।"
"समुद्र स्तर वृद्धि के tipping points क्या हैं?","वे सीमा जिनके पार हिमपृष्ठ हानि अपरिवर्तनीय और त्वरित हो जाती है।"
"क्षेत्रीय कारक समुद्र स्तर वृद्धि को कैसे प्रभावित करते हैं?","महासागर धाराएँ, भूमि गति, हिमपृष्ठ गुरुत्व प्रभाव स्थानीय भिन्नताएँ बनाते हैं।"
"समुद्र स्तर वृद्धि को संबोधित करने में अंतरराष्ट्रीय सहयोग कैसे होता है?","जलवायु समझौते, वैज्ञानिक सहयोग, प्रौद्योगिकी साझा करना, अनुकूलन फंडिंग।"
"छोटे द्वीप राष्ट्र समुद्र स्तर वृद्धि से कैसे निपटते हैं?","अनुकूलन उपाय, अंतरराष्ट्रीय सहायता, प्रवासन योजना, संप्रभुता मुद्दे।"
"शहर समुद्र स्तर वृद्धि अनुकूलन में क्या भूमिका निभाते हैं?","स्थानीय योजना, बुनियादी ढांचे में निवेश, क्षेत्रीय समन्वय, नवाचार परीक्षण।"
"युवा समुद्र स्तर वृद्धि समाधान में कैसे शामिल होते हैं?","शिक्षा कार्यक्रम, सामुदायिक परियोजनाएँ, जलवायु कार्रवाई, भविष्य की योजना।"
"समुद्र स्तर वृद्धि की निगरानी में कौन-सी तकनीक मदद करती हैं?","सैटेलाइट अल्टिमीट्री, GPS, ज्वारीय गेज, LIDAR, पानी के नीचे सेंसर।"
"योजना बनाने के लिए समुद्र स्तर वृद्धि प्रोजेक्शन का उपयोग कैसे करें?","जोखिम मूल्यांकन, बुनियादी ढांचे का डिज़ाइन, ज़ोनिंग निर्णय, निवेश प्राथमिकताएँ।"
"समुद्र स्तर वृद्धि अनुकूलन के सह-लाभ क्या हैं?","तूफान सुरक्षा, पारिस्थितिकी सेवाएँ, मनोरंजन, जल गुणवत्ता, कार्बन भंडारण।"
"विकास और समुद्र स्तर वृद्धि जोखिम को कैसे संतुलित करें?","स्मार्ट ग्रोथ सिद्धांत, जोखिम प्रकटीकरण, अनुकूल डिज़ाइन, वापसी योजना।"
"सबसे लागत-कुशल समुद्र स्तर वृद्धि अनुकूलन क्या है?","उत्सर्जन कम करके रोकथाम और नो-रिग्रेट स्थानीय उपायों का संयोजन।"
"समुद्र स्तर वृद्धि को संबोधित करते समय आशा कैसे बनाए रखें?","समाधानों पर ध्यान दें, सामुदायिक कार्रवाई, अनुकूलन सफल कहानियाँ, सह-लाभ।"
"समुद्र स्तर वृद्धि अनुकूलन का मुख्य संदेश क्या है?","अभी योजना शुरू करें, लचीले दृष्टिकोण अपनाएँ, सुरक्षा के साथ वापसी विकल्प मिलाएँ।"
"संयुक्त तटीय खतरे क्या हैं?","समुद्र स्तर वृद्धि के साथ तूफान, हरिकेन, सुनामी, या नदी बाढ़ के एक साथ प्रभाव।"
"तूफान सर्ज और समुद्र स्तर वृद्धि कैसे इंटरैक्ट करते हैं?","बढ़ते समुद्र स्तर तूफान सर्ज की ऊँचाई और पहुँच बढ़ाते हैं, बाढ़ को बढ़ाते हैं।"
"क्या समुद्र स्तर वृद्धि से सुनामी और बढ़ सकती है?","हां, उच्च आधार स्तर की समुद्री लहरें और अधिक अंदर तक पहुँच सकती हैं।"
"Question","Answer"
"लवण जल घुसपैठ का मिट्टी पर दीर्घकालिक प्रभाव क्या है?","धीरे-धीरे नमकीनपन बढ़ने से उर्वरता घटती है और दशकों में कृषि प्रभावित होती है।"
"बार-बार बाढ़ मानसिक स्वास्थ्य को कैसे प्रभावित करती है?","बार-बार बाढ़ तनाव, चिंता, अवसाद और सामुदायिक आघात का कारण बनती है।"
"धीरे-धीरे डूबने पर दलदल के साथ क्या होता है?","वे धीरे-धीरे डूब सकते हैं, जिससे आवास, कार्बन भंडारण और जैव विविधता बदलती है।"
"समुद्र स्तर वृद्धि से भूमिगत उपयोगिताएँ कैसे प्रभावित होती हैं?","मेट्रो, सुरंगें और सीवर सिस्टम बाढ़ से प्रभावित हो सकते हैं, सेवाओं में बाधा।"
"औद्योगिक साइटों को कौन-कौन से जोखिम हैं?","रासायनिक फैलाव, प्रदूषण और बुनियादी ढांचे का नुकसान बाढ़ के दौरान बढ़ता है।"
"समुद्र स्तर वृद्धि कम आय वाले लोगों को कैसे प्रभावित करती है?","वे अक्सर संवेदनशील क्षेत्रों में रहते हैं, सीमित संसाधन होते हैं, और पुनर्स्थान चुनौतीपूर्ण होता है।"
"वापसी क्षेत्रों में कानूनी चुनौतियाँ क्या हैं?","संपत्ति विवाद, eminent domain और मुआवजा संघर्ष उत्पन्न हो सकते हैं।"
"क्या बीमा धीरे-धीरे होने वाले कटाव को कवर कर सकता है?","अधिकांश मानक नीतियाँ नहीं करती; विशेष कवरेज या सरकारी कार्यक्रम आवश्यक हो सकते हैं।"
"प्रवासी पक्षियों के आवास के साथ क्या होता है?","बढ़ते समुद्र घोंसले के स्थान नष्ट कर सकते हैं, प्रवासन बदल सकते हैं या आबादी घटा सकते हैं।"
"आक्रामक प्रजातियाँ समुद्र स्तर वृद्धि पर कैसे प्रतिक्रिया करती हैं?","खारे पानी का विस्तार नई प्रजातियों को बसाने की अनुमति देता है, पारिस्थितिकी तंत्र बदल सकता है।"
"समुद्र स्तर वृद्धि से जैव विविधता हानि क्या है?","प्रजातियों का विस्थापन, आवास विखंडन, तटीय क्षेत्रों में स्थानीय विलुप्तियाँ।"
"तैरते हुए भवन अनुकूलन में कैसे मदद कर सकते हैं?","संरचनाएँ बढ़ते पानी पर तैरती हैं, संवेदनशील क्षेत्रों में बाढ़ जोखिम कम करती हैं।"
"Amphibious houses क्या हैं?","ऐसे घर जो जमीन पर रहते हैं लेकिन तैरते फाउंडेशन से बाढ़ के पानी के साथ उठ सकते हैं।"
"ताप लहर और बाढ़ संयुक्त रूप से समुदायों को कैसे प्रभावित करती हैं?","बुनियादी ढांचे पर तनाव, सार्वजनिक स्वास्थ्य जोखिम, ठंडा आश्रय में चुनौतियाँ।"
"तटीय भूजल क्षरण क्या है?","बढ़ते समुद्र और निकासी एक्विफ़र को नीचा कर सकते हैं, लवण जल घुसपैठ बिगड़ती है।"
"बार-बार होने वाली nuisance flooding संपत्ति मूल्य को कैसे प्रभावित करती है?","लगातार छोटी बाढ़ पुनर्विक्रय मूल्य और बीमा विकल्प को घटा सकती है।"
"तटीय परिवहन प्रणाली कैसे अनुकूलित होती है?","ऊँची सड़के, तैरते पुल, चलायमान फेरी टर्मिनल संपर्क बनाए रखते हैं।"
"बाढ़ के दौरान रासायनिक संयंत्रों के लिए आपात योजना क्या है?","निकासी, निपटान, फैलाव प्रतिक्रिया, खतरनाक सामग्री के लिए ऊँचा भंडारण।"
"समुद्र स्तर वृद्धि से सार्वजनिक स्वास्थ्य बुनियादी ढांचे पर क्या प्रभाव पड़ता है?","अस्पताल, क्लिनिक और जल उपचार संचालन बाधित और दूषित हो सकते हैं।"
"समुद्र स्तर वृद्धि पर्यटन को कैसे प्रभावित करती है?","समुद्र तट की हानि, बाढ़ और बुनियादी ढांचे के नुकसान से आगंतुक और स्थानीय आय घटती है।"
"Sediment starvation क्या है और इसका प्रभाव क्या है?","नदियों से कम तलछट आपूर्ति समुद्र तट और दलदल कटाव को तेज करती है।"
"नदी डेल्टा समुद्र स्तर वृद्धि पर कैसे प्रतिक्रिया करते हैं?","डेल्टा डूब सकते हैं, डगमगा सकते हैं या स्थानांतरित हो सकते हैं, कृषि और बस्तियों को प्रभावित करते हैं।"
"भूमि का धंसना बाढ़ में क्या भूमिका निभाता है?","धंसती भूमि सापेक्ष समुद्र स्तर वृद्धि को बढ़ाती है और जलमग्नता तेज करती है।"
"संयुक्त खतरे के लिए प्रारंभिक चेतावनी प्रणाली कैसे मदद करती है?","तूफान, बाढ़ और तेज पानी के बढ़ने की सूचना देकर समय पर निकासी सुनिश्चित करती है।"
"Blue carbon ecosystems क्या हैं?","मैंग्रोव, मार्श और सीग्रास कार्बन भंडारण करते हैं और तटों को बाढ़ से बचाते हैं।"
"मैंग्रोव पुनर्स्थापन परियोजनाएँ कैसे मदद करती हैं?","वे लहर ऊर्जा कम करती हैं, तलछट पकड़ती हैं, और कटाव से सुरक्षा करती हैं।"
"Climate gentrification क्या है?","उच्च भूमि पर अमीर आबादी जाने लगती है, संवेदनशील समुदायों को विस्थापित करती है।"
"Urban heat islands बाढ़ को कैसे बढ़ा सकते हैं?","अप्रवेशी सतहें जल निकासी रोकती हैं, बाढ़ में पानी का जमाव बढ़ती है।"
"तैरते हुए सोलर पैनल तटीय लचीलापन में कैसे मदद करते हैं?","नवीकरणीय ऊर्जा उत्पन्न करते हैं और वाष्पीकरण तथा तूफानी पानी के प्रभाव को कम करते हैं।"
"दीर्घकालिक भूजल लवणता खतरे क्या हैं?","लवण जल घुसपैठ मीठे जल के एक्विफ़र को दशकों तक अनुपयोगी बना सकती है।"
"Wetlands स्वाभाविक रूप से कैसे स्थानांतरित हो सकते हैं?","यदि स्थान और परिस्थितियाँ अनुमति दें तो दलदल अंदर की ओर खिसक सकते हैं, पारिस्थितिकी कार्य बनाए रखते हैं।"
"Hybrid adaptation strategies क्या हैं?","लचीली दीर्घकालिक योजना के लिए retreat, protection और accommodation का संयोजन।"
"सांस्कृतिक धरोहर स्थल को कौन सा जोखिम है?","ऐतिहासिक इमारतें और स्थलों में बाढ़ या कटाव हो सकता है, संरक्षण खतरे में।"
"निगरानी में citizen science की भूमिका क्या है?","सामुदायिक स्वयंसेवक जल स्तर, कटाव और आवास डेटा एकत्र कर योजना में मदद कर सकते हैं।"
"बार-बार तूफान सर्ज बुनियादी ढांचे की उम्र को कैसे प्रभावित करते हैं?","त्वरित क्षय, जंग और संरचनात्मक थकान सेवा जीवन घटाती हैं।"
"Coastal inundation modeling क्या है?","विभिन्न समुद्र स्तर वृद्धि परिदृश्यों में बाढ़ के विस्तार का पूर्वानुमान लगाने वाले सिमुलेशन।"
"बढ़ते समुद्र मछली पकड़ने को कैसे प्रभावित करते हैं?","लवणता और आवास में बदलाव मछली आबादी घटा सकते हैं और आजीविका प्रभावित करते हैं।"
"Salt marsh drowning क्या है?","मैशेस पर्याप्त तेजी से तलछट जमा नहीं कर पाती, स्थायी रूप से डूब जाती हैं।"
"अत्यधिक ज्वारीय घटनाएँ समुद्र स्तर वृद्धि के साथ कैसे जुड़ती हैं?","उच्च ज्वार सामान्य पूर्वानुमानों से अधिक बाढ़ की आवृत्ति और विस्तार बढ़ाते हैं।"
"Coral reefs तटीय सुरक्षा में क्या भूमिका निभाते हैं?","रीफ लहर ऊर्जा अवशोषित करते हैं, कटाव कम करते हैं, तटों की सुरक्षा करते हैं।"
"Shoreline armoring पड़ोसी क्षेत्रों को कैसे प्रभावित करता है?","Seawalls नीचे या पास के समुद्र तटों में कटाव बढ़ा सकते हैं।"
"Managed realignment क्या है?","कुछ क्षेत्रों को जानबूझकर बाढ़ में छोड़कर प्राकृतिक आवास बहाल करना और अन्यत्र जोखिम कम करना।"
"Urban drainage systems बार-बार बाढ़ में कैसे विफल हो सकते हैं?","सीवर बैकअप, पानी का जमाव, और बुनियादी ढांचा गिर सकता है।"
"समुद्र स्तर वृद्धि से पावर प्लांट पर क्या प्रभाव पड़ता है?","बाढ़ से प्लांट आउटेज, उपकरण क्षति और आपातकालीन शटडाउन का जोखिम।"
"आप लगातार पारिस्थितिकी तंत्र परिवर्तन की निगरानी कैसे करते हैं?","नियमित सर्वेक्षण, रिमोट सेंसिंग, प्रजातियों की जनसंख्या ट्रैकिंग।"
"समुद्र स्तर वृद्धि से पारिस्थितिकी tipping points क्या हैं?","वे सीमा जिनके पार पारिस्थितिकी तंत्र ध्वस्त या अपरिवर्तनीय रूप से बदल जाते हैं।"
"Artificial reefs कटाव को कैसे कम कर सकते हैं?","पानी के नीचे की संरचनाएँ लहर ऊर्जा कम करती हैं और तलछट जमाव को बढ़ावा देती हैं।"
"तटीय कृषि पर प्रभाव क्या हैं?","लवण जल घुसपैठ, मिट्टी की उर्वरता में कमी, और समय-समय पर बाढ़ से पैदावार घटती है।"
"Permafrost thaw समुद्र स्तर वृद्धि के साथ कैसे इंटरैक्ट करता है?","तटीय परमाफ्रॉस्ट पिघलने से तट अस्थिर हो सकते हैं और ग्रीनहाउस गैस छोड़ सकते हैं।"
"Shipping ports अत्यधिक जल स्तर परिवर्तनों के लिए कैसे अनुकूलित होते हैं?","ऊँचे डॉक, लचीली मूरिंग, और पुनः डिज़ाइन किए गए भंडारण क्षेत्र।"
"Question","Answer"
"तटीय blackout जोखिम क्या हैं?","बाढ़ से समुदायों, महत्वपूर्ण सुविधाओं और संचार प्रणाली में बिजली कट सकती है।"
"समुद्र स्तर वृद्धि और नदी बाढ़ कैसे मिलकर काम करती हैं?","उच्च ज्वार तूफानों के दौरान नदियों में पानी लौटने से आंतरिक बाढ़ बढ़ा सकते हैं।"
"समुद्र स्तर वृद्धि का सामना कर रही द्वीप देशों से कौन-कौन सबक मिलते हैं?","प्रारंभिक अनुकूलन, प्रवासन योजना और पारिस्थितिकी आधारित सुरक्षा मुख्य हैं।"
"बार-बार कटाव सांस्कृतिक परिदृश्यों को कैसे प्रभावित करता है?","समुद्र तट, टीले और पारंपरिक भूमि विशेषताओं की हानि पहचान और पर्यटन को प्रभावित करती है।"
"अत्यधिक अनुकूलन में बीमा की भूमिका क्या है?","कवरेज ऊँचाई, floodproofing और पुनर्स्थान उपायों को प्रोत्साहित कर सकता है।"
"शहरी नियोजन में जलवायु प्रक्षेपण कैसे एकीकृत करें?","प्रायिकता मॉडल, अनुकूलन ज़ोनिंग और बुनियादी ढांचे के मानक उपयोग करें।"
"दूरदराज़ समुदायों के लिए चुनौतियाँ क्या हैं?","सीमित निकासी मार्ग, संचार और आपातकालीन संसाधन संवेदनशीलता बढ़ाते हैं।"
"तैरते हुए wetlands परियोजनाएँ कैसे काम करती हैं?","कृत्रिम wetlands तूफानी जल को अवशोषित करती हैं, प्रदूषकों को फ़िल्टर करती हैं और आवास प्रदान करती हैं।"
"तटीय aquaculture जोखिम क्या है?","बढ़ते समुद्र मछली फार्मों को बाढ़ में डुबा सकते हैं और शेलफ़िश के लिए ताजे पानी को नमकीन बना सकते हैं।"
"Flood gates और tidal barriers कैसे मदद करते हैं?","पानी के प्रवेश को नियंत्रित करते हैं, शहरी क्षेत्रों की सुरक्षा करते हैं और बाढ़ चर को कम करते हैं।"
"तटीय कटाव से शिपिंग चैनल पर क्या प्रभाव पड़ता है?","तलछट जमा होने से ड्रेजिंग आवश्यक हो सकती है और नेविगेशनल जोखिम बढ़ सकते हैं।"
"संयुक्त खतरे के लिए सार्वजनिक स्वास्थ्य प्रणाली कैसे तैयार होती है?","दवाइयाँ स्टॉक करना, साफ पानी बनाए रखना, और निकासी प्रोटोकॉल विकसित करना।"
"चिरस्थायी nuisance flooding के लिए दीर्घकालिक योजना क्या है?","बुनियादी ढांचा ऊँचा करना, buffer zones बनाना, और लचीले नियम अपनाना।"
"समुद्र स्तर वृद्धि भूजल पुनर्भरण को कैसे प्रभावित करती है?","बाढ़ और लवणता ताजे पानी के रिसाव और aquifer पुनःपूर्ति को घटाती हैं।"
"बहु-स्तरीय तटीय रक्षा रणनीतियाँ क्या हैं?","कठोर बाधाओं, पारिस्थितिकी पुनर्स्थापन और नीति हस्तक्षेप का संयोजन।"
"अत्यधिक घटनाओं से सामाजिक एकजुटता कैसे प्रभावित होती है?","विस्थापन, असमान पुनर्प्राप्ति, और संसाधन प्रतिस्पर्धा से समुदाय तनावग्रस्त हो सकते हैं।"
"अनुकूलन में तकनीक की भूमिका क्या है?","सेंसर्स, drones, predictive modeling, और real-time monitoring लचीलापन बढ़ाते हैं।"
"आपातकालीन आश्रय बढ़ते समुद्र से कैसे निपटते हैं?","ऊँची जगहों, तैरती सुविधाओं और पूर्व-भंडारित संसाधनों से सुरक्षा सुनिश्चित होती है।"
"समुद्र स्तर वृद्धि आंतरिक क्षेत्रों को कैसे प्रभावित करती है?","Backwater flooding और उच्च जल स्तर तटीय क्षेत्रों से दूर क्षेत्रों को प्रभावित कर सकते हैं।"
"चिरस्थायी बाढ़ के द्वितीयक प्रभाव क्या हैं?","फफूंदी, vector-borne रोग, मानसिक स्वास्थ्य समस्याएँ, और संपत्ति मूल्य में गिरावट।"
"आवास की हानि से प्रवासी पैटर्न कैसे बदलते हैं?","प्रजातियाँ अंदर की ओर स्थानांतरित हो सकती हैं या प्रजनन स्थलों की हानि के कारण आबादी घट सकती है।"
"समुद्र स्तर वृद्धि के लिए समुदाय दीर्घकालिक योजना कैसे बनाएं?","चरणबद्ध retreat, बुनियादी ढांचा अपग्रेड, zoning और पारिस्थितिकी आधारित योजना का उपयोग करें।"
"संवेदनशील आबादी के लिए अनुकूलन प्राथमिकता कैसे तय करें?","जोखिम, समानता, लागत और पहुंच का मूल्यांकन करें ताकि समावेशी रणनीति सुनिश्चित हो।"
"दीर्घकालिक अनुकूलन में शिक्षा की भूमिका क्या है?","जागरूकता बढ़ाना, लचीलापन बढ़ाना, और सक्रिय सामुदायिक कार्रवाई को प्रोत्साहित करना।"
"समुद्र स्तर वृद्धि के लिए वैश्विक आपूर्ति श्रृंखलाएँ कैसे प्रतिक्रिया देती हैं?","पोर्ट, गोदाम, और परिवहन में व्यवधान राष्ट्रीय और अंतर्राष्ट्रीय व्यापार को प्रभावित कर सकते हैं।"
"अनुकूलन में सरकारी नीति की भूमिका क्या है?","विनियम, प्रोत्साहन, भूमि-उपयोग योजना और वित्तपोषण उपायों को आकार देते हैं।"
"बढ़ते समुद्र आपातकालीन चिकित्सा सेवाओं को कैसे प्रभावित करते हैं?","सड़क बंद, सुविधा बाढ़, और उपकरण क्षति प्रतिक्रिया समय को बाधित करती है।"
"अनुकूलन उपायों की दीर्घकालिक प्रभावशीलता कैसे ट्रैक करें?","निगरानी, auditing, और डेटा तथा परिणामों के आधार पर रणनीतियों को समायोजित करें।"
"बाढ़ घटनाओं के दौरान सोशल मीडिया कैसे मदद कर सकता है?","रीयल-टाइम अलर्ट, संसाधन साझा करना, और सामुदायिक समन्वय प्रतिक्रिया सुधारते हैं।"
"पर्यावरण न्याय के क्या मुद्दे हैं?","कम आय, अल्पसंख्यक और हाशिए पर रहने वाले समुदाय असमान जोखिम का सामना करते हैं।"
"बाढ़ के दौरान microplastics का प्रभाव क्या है?","बढ़ता पानी प्लास्टिक को पारिस्थितिकी तंत्र में स्थानांतरित कर सकता है, जिससे जीव-जंतुओं और स्वास्थ्य पर असर पड़ता है।"
"बहु-खतरे सिमुलेशन योजना में कैसे मदद करते हैं?","तूफान, समुद्र स्तर वृद्धि, और मानव गतिविधियों के आपसी प्रभाव की भविष्यवाणी करके बेहतर निर्णय में मदद।"
"तटीय जंगल कटाव को कैसे कम कर सकते हैं?","जड़ें मिट्टी को स्थिर करती हैं, लहर ऊर्जा अवशोषित करती हैं, और तलछट पकड़ती हैं।"
"अत्यधिक घटनाओं में अंतरराष्ट्रीय सहायता की भूमिका क्या है?","वित्तपोषण, विशेषज्ञता, और आपदा राहत समुदायों को पुनर्प्राप्ति और अनुकूलन में मदद करती है।"
"समुद्र स्तर वृद्धि अनुकूलन के लिए उभरती तकनीकें क्या हैं?","स्मार्ट बाधाएँ, तैरती संरचनाएँ, AI-आधारित निगरानी, और लचीला निर्माण।"
"सबमरीन भूकंप क्या है?","भूकंप जो महासागरीय तल के नीचे होता है और सुनामी उत्पन्न कर सकता है।"
"सुनामी पैदा करने वाले भूकंप कितनी गहराई में होते हैं?","आमतौर पर महासागरीय तल में 70 किलोमीटर से कम गहराई में।"
"किस magnitude का भूकंप सुनामी उत्पन्न कर सकता है?","आमतौर पर 7.0 या उससे अधिक, हालांकि छोटे भी दुर्लभ मामलों में।"
"किस प्रकार की fault movement सुनामी बनाती है?","समुद्र तल का ऊर्ध्वाधर विस्थापन, क्षैतिज स्लाइडिंग नहीं।"
"Megathrust भूकंप क्या है?","सबडक्शन जोन सीमाओं पर बड़ा भूकंप, सुनामी उत्पन्न करने की संभावना सबसे अधिक।"
"सबमरीन भूकंप मुख्य रूप से कहाँ होते हैं?","Pacific Ring of Fire के आसपास, विशेष रूप से सबडक्शन जोन में।"
"tectonic और submarine भूकंप में क्या अंतर है?","स्थान - submarine महासागर के नीचे होता है, पानी विस्थापित कर सुनामी उत्पन्न कर सकता है।"
"सबमरीन भूकंप आमतौर पर कितने समय तक रहते हैं?","मुख्य घटनाओं में आमतौर पर 30 सेकंड से 2 मिनट।"
"भूकंप magnitude और intensity में क्या अंतर है?","Magnitude ऊर्जा रिलीज़ को मापता है, intensity किसी स्थान पर झकझक प्रभाव मापती है।"
"भूकंप के लिए Richter Scale क्या है?","लॉगारिदमिक पैमाना जो भूकंप magnitude मापता है, हर अंक 10x मजबूत।"
"moment magnitude scale क्या है?","बड़े भूकंप की ऊर्जा रिलीज़ मापने के लिए आधुनिक और अधिक सटीक पैमाना।"
"सबमरीन भूकंप का पता कैसे लगाया जाता है?","वैश्विक भूकंपीय नेटवर्क, समुद्र तल सेमीस्मोमीटर, हाइड्रोफोन एरे।"
"सबमरीन भूकंप का पता कितनी जल्दी लगाया जा सकता है?","स्वचालित वैश्विक भूकंपीय निगरानी प्रणाली से मिनटों में।"
"P-wave और S-wave में क्या अंतर है?","P-waves पहले पहुँचते हैं (primary), S-waves बाद में (secondary), अंतर epicenter पता लगाने में मदद करता है।"
"Question","Answer"
"भूकंप के एपिसेंटर का पता सिस्मोलॉजिस्ट कैसे लगाते हैं?","कई निगरानी स्टेशनों से आने वाले समय के अंतर का त्रिकोणमिति (triangulation) का उपयोग।"
"भूकंप अलर्ट कौन सी जानकारी प्रदान करते हैं?","स्थान, magnitude, गहराई, समय, सुनामी उत्पन्न होने की संभावना।"
"सबमरीन भूकंप के बाद सुनामी चेतावनी कौन जारी करता है?","राष्ट्रीय सुनामी चेतावनी केंद्र और पैसिफिक सुनामी चेतावनी केंद्र।"
"सबमरीन भूकंप के बाद सुनामी चेतावनी कितनी जल्दी जारी होती है?","आमतौर पर भूकंप का पता लगने के 5-15 मिनट के भीतर।"
"स्वचालित सुनामी चेतावनी क्या ट्रिगर करती है?","सुनामी प्रवण क्षेत्रों में magnitude 7.0 से ऊपर के submarine earthquakes।"
"क्या छोटे submarine भूकंप भी सुनामी उत्पन्न कर सकते हैं?","बहुत कम, लेकिन छोटे भूकंप द्वारा ट्रिगर किए गए underwater landslides स्थानीय सुनामी पैदा कर सकते हैं।"
"भूकंप swarm activity क्या है?","स्थानीय क्षेत्र में छोटे समय अंतराल में भूकंपों की श्रृंखला।"
"क्या earthquake swarms आने वाले सुनामी जोखिम का संकेत दे सकते हैं?","अस्थिर परिस्थितियों का संकेत दे सकते हैं, लेकिन प्रत्येक घटना का अलग मूल्यांकन करना चाहिए।"
"Foreshock, mainshock और aftershock में क्या अंतर है?","मुख्य घटना से पहले छोटे भूकंप, सबसे बड़ा भूकंप, मुख्य घटना के बाद छोटे भूकंप।"
"क्या foreshocks हमेशा submarine earthquakes से पहले होते हैं?","नहीं, केवल आधे मुख्य भूकंपों में पहचान योग्य foreshocks होते हैं।"
"Submarine भूकंप के बाद aftershocks कितने समय तक जारी रहते हैं?","दिनों से महीनों तक, धीरे-धीरे frequency और magnitude घटती है।"
"क्या aftershocks भी सुनामी उत्पन्न कर सकते हैं?","हाँ, अगर पर्याप्त बड़े हों और vertical seafloor displacement पैदा करें।"
"सबसे खतरनाक पहलू क्या है submarine भूकंप का?","तबाही मचाने वाली सुनामी उत्पन्न करने की संभावना, बिना पर्याप्त चेतावनी समय के।"
"Submarine भूकंप के प्रभाव कितनी दूर तक पहुंच सकते हैं?","भूकंप की झकझक सैकड़ों किलोमीटर तक महसूस होती है, सुनामी महासागरों को पार कर सकती है।"
"कौन से तटीय क्षेत्र submarine भूकंप महसूस कर सकते हैं?","100-200 किलोमीटर के भीतर के क्षेत्र झकझक महसूस कर सकते हैं।"
"क्या मजबूत तटीय भूकंप महसूस होने के बाद तुरंत эвacuate करना चाहिए?","हाँ, आधिकारिक चेतावनी का इंतजार न करें – तुरंत ऊँची जगह पर जाएँ।"
"अगर तटीय क्षेत्र में लंबे समय तक भूकंप झकझक महसूस होती है तो क्या करें?","तुरंत ऊँची जगह पर जाएँ, लंबे झकझक से सुनामी का खतरा संकेतित होता है।"
"अगर तटीय भूकंप 20 सेकंड से अधिक रहता है तो क्या करें?","तुरंत निकासी आवश्यक, यह अवधि सुनामी की संभावना दर्शाती है।"
"क्या तटीय भूकंप के बाद आधिकारिक चेतावनी का इंतजार करना चाहिए?","नहीं, प्राकृतिक चेतावनी संकेत तुरंत स्वयं-निकासी की आवश्यकता है।"
"अगर भूकंप बहुत कमजोर है लेकिन सुनामी चेतावनी जारी है तो क्या करें?","फिर भी эвacuate करें, दूर के भूकंप घंटों बाद सुनामी उत्पन्न कर सकते हैं।"
"Submarine भूकंप-सुनामी के लिए आप कैसे तैयारी करें?","निकासी मार्ग जानें, आपातकालीन किट तैयार करें, अभ्यास करें, चेतावनी संकेत सीखें।"
"भूकंप-सुनामी आपातकालीन किट में क्या होना चाहिए?","पानी, भोजन, टॉर्च, रेडियो, प्राथमिक चिकित्सा, मजबूत जूते, महत्वपूर्ण दस्तावेज।"
"सुनामी क्षेत्रों में घर को भूकंप-प्रतिरोधी कैसे बनाएं?","भारी वस्तुएँ सुरक्षित करें, गैस शटऑफ़ जानें, आपातकालीन आपूर्ति रखें, drop-cover-hold का अभ्यास करें।"
"भूकंप के दौरान drop, cover, और hold क्या है?","घुटनों पर झुकें, डेस्क के नीचे छिपें, सिर को सुरक्षित रखें।"
"भूकंप के दौरान बाहर दौड़ना चाहिए?","नहीं, वहीं drop-cover-hold करें, अधिकांश चोटें गिरने वाली वस्तुओं से होती हैं।"
"अगर भूकंप के दौरान आप बिस्तर में हों तो क्या करें?","बिस्तर में रहें, सिर तकिया से ढकें, अंधेरे में न दौड़ें।"
"भूकंप के दौरान गाड़ी चला रहे हों तो क्या करें?","सुरक्षित जगह पर रोकें, वाहन में रहें, पुल और ओवरपास से बचें।"
"अगर आप समुद्र तट पर हों submarine भूकंप के दौरान?","झकझक के दौरान drop-cover-hold करें, फिर तुरंत ऊँची जगह पर निकासी।"
"भूकंप के बाद лиफ्ट का उपयोग करना चाहिए?","नहीं, structural damage या aftershocks के लिए सीढ़ियों का उपयोग करें।"
"अगर आप high-rise में हों submarine भूकंप के दौरान?","अंदर रहें, drop-cover-hold करें, лиф्ट का उपयोग न करें, निकासी के लिए तैयार रहें।"
"भूकंप के दौरान बच्चों की सुरक्षा कैसे करें?","Drop-cover-hold सिखाएँ, नियमित अभ्यास करें, बिस्तर के पास जूते और टॉर्च रखें।"
"भूकंप के दौरान बुजुर्गों की देखभाल कैसे करें?","उन्हें drop-cover-hold में मदद करें, सुनामी जोखिम होने पर निकासी में सहायता करें।"
"भूकंप के बाद गैस बंद करनी चाहिए?","केवल अगर गैस की गंध या नुकसान दिखाई दे, सिर्फ precaution के लिए न बंद करें।"
"भूकंप के दौरान बिजली चली जाए तो क्या करें?","टॉर्च का उपयोग करें, मोमबत्ती न जलाएँ, चोट और खतरे जांचें।"
"भूकंप के बाद पड़ोसियों की जांच करनी चाहिए?","हाँ, लेकिन अपनी सुरक्षा सुनिश्चित करने और निकासी पूरी करने के बाद।"
"भूकंप के बाद भवन क्षतिग्रस्त हो तो क्या करें?","Structural damage हो तो निकासी करें, निरीक्षण के बिना वापस न जाएँ।"
"भूकंप के बाद संचार कैसे करें?","टेक्स्ट मैसेज अक्सर काम करते हैं, सोशल मीडिया का उपयोग करें, बैटरी रेडियो रखें।"
"अगर भूकंप में सेल टावर क्षतिग्रस्त हो जाएं?","यदि उपलब्ध हो तो landlines का उपयोग करें, सूचना के लिए बैटरी-रन रेडियो रखें।"
"अगर भूकंप में फंस जाएँ तो क्या करें?","बचावकर्मी सुनें तब तक चिल्लाएँ नहीं, पाइप पर टैप करें, धूल से मुंह ढकें।"
"Aftershocks कितने समय तक अपेक्षित हैं?","मुख्य aftershocks दिनों से हफ्तों तक, छोटे महीनों तक।"
"अगर aftershock सुनामी निकासी के दौरान आए तो क्या करें?","निकासी जारी रखें, केवल तत्काल खतरे में होने पर रुकें।"
"भूकंप-सुनामी के बाद लौटने के लिए सुरक्षित समय कब है?","केवल जब प्राधिकरण ‘all-clear’ दें और सुनामी खतरा समाप्त हो।"
"निकासी से लौटने पर सबसे पहले क्या जांचें?","गैस रिसाव, structural damage, विद्युत जोखिम, पानी की संदूषण।"
"भूकंप क्षति का निरीक्षण कैसे करें?","दरारें, shifts, पानी/गैस रिसाव, विद्युत नुकसान देखें, unsafe होने पर प्रवेश न करें।"
"भूकंप में chimney क्षतिग्रस्त हो तो क्या करें?","फायरप्लेस का उपयोग न करें, पेशेवर निरीक्षण के बाद ही।"
"भूकंप के तुरंत बाद सफाई करनी चाहिए?","सबसे पहले फोटो खींचें, खतरे साफ करें, सुरक्षा उपकरण पहनें।"
"भूकंप क्षति का दस्तावेज़ कैसे करें?","सफाई से पहले फोटो/वीडियो, रसीदें रखें, तुरंत बीमा से संपर्क करें।"
"Utilities क्षतिग्रस्त हों तो क्या करें?","पेशेवर निरीक्षण के बिना उपयोग न करें, outage utility कंपनी को रिपोर्ट करें।"
"भूकंप के बाद मनोवैज्ञानिक प्रभाव से कैसे निपटें?","भावनात्मक प्रतिक्रियाओं की अपेक्षा करें, सहायता लें, दिनचर्या बनाए रखें, आवश्यक हो तो पेशेवर मदद लें।"
"भूकंप के बाद सामान्य भावनात्मक प्रतिक्रियाएँ क्या हैं?","Aftershocks का डर, चिंता, नींद में समस्या, ध्यान केंद्रित करने में कठिनाई।"
"Question","Answer"
"आप बच्चों को भूकंप के तनाव से निपटने में कैसे मदद करते हैं?","सांत्वना दें, दिनचर्या बनाए रखें, मीडिया एक्सपोज़र सीमित करें, ईमानदारी से सवालों का जवाब दें।"
"भूकंप के बाद अगर आप अंदर जाने से डरते हैं तो क्या करें?","सामान्य प्रतिक्रिया, सुरक्षित बाहरी क्षेत्र में रहें, काउंसलिंग सहायता लें।"
"भूकंप से पुनर्प्राप्ति में कितना समय लगता है?","उपकरणों के लिए दिन, मरम्मत के लिए सप्ताह से महीने, बड़े नुकसान के लिए साल।"
"भूकंप के नुकसान के बाद किस प्रकार की सहायता उपलब्ध है?","बीमा दावा, FEMA आपदा सहायता, SBA ऋण, स्थानीय राहत संगठन।"
"आप अपने घर को भूकंप प्रतिरोधी कैसे बनाते हैं?","फाउंडेशन से जोड़ें, वॉटर हीटर सुरक्षित करें, लचीली गैस कनेक्शन लगाएं, chimney को brace करें।"
"भूकंप प्रतिरोधी निर्माण सामग्री क्या हैं?","Reinforced concrete, steel frame, engineered wood, flexible connections।"
"क्या पुराने घरों को भूकंप के लिए retrofitting करना चाहिए?","हाँ, विशेषकर seismic zones में, अनुदान या कर क्रेडिट मिल सकते हैं।"
"भूकंप सुरक्षा के लिए base isolation क्या है?","निर्माण तकनीक जो संरचना को जमीन की गति से स्वतंत्र रूप से हिलने देती है।"
"भूकंप के लिए फर्नीचर को कैसे सुरक्षित करें?","लंबे फर्नीचर को दीवार से जोड़े, कैबिनेट पर safety latch लगाएँ, electronics सुरक्षित करें।"
"भूकंप क्षेत्रों में किन वस्तुओं को सुरक्षित करना चाहिए?","वॉटर हीटर, बुककेस, टीवी, कंप्यूटर, कला कार्य, आईने।"
"वॉटर हीटर को भूकंप-प्रतिरोधी कैसे बनाएं?","दीवार स्टड से बांधें, लचीली गैस और पानी की कनेक्शन लगाएँ।"
"क्या भूकंप बीमा लेना चाहिए?","Seismic क्षेत्रों में विचार करें, सामान्य गृहस्वामी बीमा भूकंप नुकसान कवर नहीं करता।"
"भूकंप बीमा आमतौर पर क्या कवर करता है?","संरचना मरम्मत, व्यक्तिगत संपत्ति प्रतिस्थापन, अतिरिक्त जीवन व्यय।"
"समुद्री भूकंपों के लिए समुदाय कैसे तैयारी करता है?","निर्माण कोड, आपातकालीन योजना, सार्वजनिक शिक्षा, सुनामी निकासी मार्ग।"
"भूकंप जोखिम को संबोधित करने वाले निर्माण कोड क्या हैं?","Seismic design standards, foundation requirements, structural connections, material specifications।"
"स्कूल भूकंप के लिए कैसे तैयारी करते हैं?","drop-cover-hold drills का अभ्यास, भारी वस्तुएँ सुरक्षित करें, आपातकालीन आपूर्ति, संचार योजना।"
"कार्यस्थल भूकंप तैयारी के लिए क्या करें?","आपातकालीन योजना, आपूर्ति किट, उपकरण सुरक्षित करें, safety coordinator नामित करें, अभ्यास करें।"
"अस्पताल भूकंप के लिए कैसे तैयारी करते हैं?","Seismic retrofits, backup power, मेडिकल सप्लाई, मरीजों की निकासी योजना, स्टाफ प्रशिक्षण।"
"भवन निरीक्षक भूकंप के बाद क्या करते हैं?","संरचनात्मक सुरक्षा का मूल्यांकन, red/yellow/green टैग जारी करना, occupancy सुरक्षा निर्धारित करना।"
"भूकंप के बाद building tags क्या हैं?","Green (सुरक्षित), Yellow (सीमित प्रवेश), Red (असुरक्षित) प्लैकार्ड जो भवन स्थिति दर्शाते हैं।"
"उपकरण भूकंप के लिए कैसे तैयारी करते हैं?","Automatic shutoff valves, flexible connections, backup systems, rapid repair capabilities।"
"Early earthquake warning system क्या है?","नेटवर्क जो P-waves का पता लगाता है और मजबूत झकझक से पहले कुछ सेकंड का चेतावनी देता है।"
"भूकंप early warning कितना समय देता है?","Epicenter से दूरी पर निर्भर करते हुए आमतौर पर 10-60 सेकंड।"
"भूकंप early warning मिलने पर क्या करें?","तुरंत drop-cover-hold करें, elevators रोकें, ड्राइविंग में pull over करें।"
"क्या earthquake early warning सुनामी नुकसान रोक सकता है?","तुरंत भूकंप प्रतिक्रिया में मदद करता है, लेकिन सुनामी निकासी अभी भी आवश्यक है।"
"Submarine seismic activity को कौन सी तकनीक मॉनिटर करती है?","Ocean bottom seismometers, hydrophone arrays, GPS buoys, satellite monitoring।"
"DART system क्या है सुनामी डिटेक्शन के लिए?","Deep-ocean Assessment and Reporting of Tsunamis - buoys जो दबाव परिवर्तन का पता लगाते हैं।"
"वैज्ञानिक submarine earthquake पैटर्न का अध्ययन कैसे करते हैं?","Historical records, geological evidence, seafloor mapping, continuous monitoring।"
"Paleoseismology क्या है?","Prehistoric earthquakes का अध्ययन भूवैज्ञानिक और पुरातात्विक प्रमाणों के माध्यम से।"
"Submarine fault systems कैसे काम करते हैं?","Tectonic plates एक-दूसरे के पास, ऊपर या नीचे घूमते हैं, ऊर्जा संग्रहीत और रिलीज़ करते हैं।"
"Subduction zones क्या हैं?","क्षेत्र जहां ocean plate continental plate के नीचे स्लाइड करता है, बड़ा भूकंप जोखिम बनता है।"
"Subduction zone भूकंप सुनामी के लिए खतरनाक क्यों हैं?","बड़ी vertical seafloor displacement massive पानी ऊपर धकेलती है।"
"Tsunami earthquake क्या है?","ऐसा भूकंप जो अपनी magnitude के लिए disproportionate बड़ी सुनामी उत्पन्न करता है।"
"Slow-slip earthquakes का सुनामी से क्या संबंध है?","आमतौर पर सुनामी नहीं उत्पन्न करते लेकिन बड़े घटनाओं के लिए stress बढ़ा सकते हैं।"
"भूकंप का clustering समय और स्थान में क्या है?","भूकंपों का समूह में होना, यादृच्छिक नहीं।"
"क्या मानव गतिविधियाँ submarine earthquakes ट्रिगर कर सकती हैं?","बहुत कम, लेकिन offshore drilling, mining, या fluid injection छोटे घटनाओं को प्रभावित कर सकते हैं।"
"Climate change earthquake-tsunami जोखिम को कैसे प्रभावित करता है?","Ice loading बदलाव और sea level प्रभाव के माध्यम से भूकंप पैटर्न प्रभावित कर सकता है।"
"भूकंप-सुनामी चेतावनी के लिए अंतरराष्ट्रीय सहयोग क्या है?","Global seismic networks, data sharing agreements, coordinated warning systems।"
"अलग-अलग देश सुनामी चेतावनी कैसे समन्वित करते हैं?","Regional warning centers, standardized alert systems, communication protocols।"
"भूकंप-सुनामी विज्ञान में सुधार के लिए कौन सा research मदद करता है?","Fault behavior का बेहतर समझ, improved modeling, enhanced monitoring technology।"
"आप भूकंप-सुनामी जोखिम के बारे में कैसे सूचित रहते हैं?","स्थानीय आपातकालीन प्रबंधन, geological surveys, news sources, warning apps।"
"कौन से apps भूकंप जानकारी प्रदान करते हैं?","USGS Earthquake Hazards, emergency alert apps, local warning systems।"
"क्या भूकंप जानकारी के लिए social media पर भरोसा करें?","केवल verified official sources, अफवाहों और unconfirmed reports को नजरअंदाज करें।"
"आप दूसरों को भूकंप सुरक्षा कैसे सिखाते हैं?","Drills का अभ्यास, official जानकारी साझा करें, उचित तकनीक दिखाएँ, preparedness पर जोर दें।"
"भूकंप के बारे में कौन से मिथक नजरअंदाज करें?","Doorways में खड़ा होना, earthquake weather, animal prediction, छोटे भूकंप बड़े को रोकते हैं।"
"क्या जानवर भूकंप का पूर्वानुमान कर सकते हैं?","कोई विश्वसनीय प्रमाण नहीं, जानवरों के व्यवहार पर निर्भर न रहें।"
"क्या भूकंप weather होता है?","नहीं, मौसम की स्थिति भूकंप को प्रभावित नहीं करती।"
"क्या छोटे भूकंप बड़े भूकंप को रोकते हैं?","नहीं, छोटे भूकंप मुख्य घटनाओं की तुलना में नगण्य ऊर्जा छोड़ते हैं।"
"Triangle of life भूकंप मिथक क्या है?","Debunked theory, drop-cover-hold सुरक्षित और प्रमाणित प्रतिक्रिया है।"
"आप आगंतुकों को भूकंप जोखिम के लिए कैसे तैयार करें?","प्रक्रियाओं के बारे में बताएं, evacuation routes दिखाएँ, सुनिश्चित करें कि उनके पास आपातकालीन जानकारी है।"
"Question","Answer"
"अगर भूकंप बड़े जमाव के दौरान आए तो क्या करें?","स्थल की आपातकालीन प्रक्रियाओं का पालन करें, दूसरों को drop-cover-hold में मदद करें, यदि निर्देशित हो तो निकासी करें।"
"क्या भूकंप मौसम के लिए आपूर्ति संग्रहित करनी चाहिए?","भूकंप अप्रत्याशित हैं, पूरे साल आपातकालीन आपूर्ति और तैयारी बनाए रखें।"
"आप लंबी अवधि के लिए भूकंप तैयारी कैसे बनाए रखते हैं?","नियमित अभ्यास, आपूर्ति का रोटेशन, योजना अपडेट, लगातार शिक्षा, जानकारी में रहना।"
"सबसे महत्वपूर्ण भूकंप सुरक्षा नियम क्या है?","झकझक के दौरान drop-cover-hold करें, फिर यदि तट के पास हैं तो तुरंत निकासी करें।"
"भूकंप क्षेत्रों में हर किसी को क्या जानना चाहिए?","drop-cover-hold तकनीक, निकासी मार्ग, आपातकालीन किट का स्थान, परिवार की संचार योजना।"
"आप भूकंप प्रतिक्रिया बुनियादी बातें कैसे याद रखें?","अभ्यास स्थायी बनाता है – नियमित drills सही प्रतिक्रिया को स्वतः बनाते हैं।"
"भूकंप-सुनामी तैयारी का मुख्य संदेश क्या है?","सेकंड मायने रखते हैं – भूकंप और सुनामी दोनों के लिए तुरंत क्या करना है जानें।"
"गहरा भूकंप क्या है?","300 किमी से अधिक गहराई में होने वाला भूकंप, आमतौर पर subducting slabs में।"
"क्या गहरे भूकंप सुनामी उत्पन्न कर सकते हैं?","बहुत कम, क्योंकि vertical seafloor displacement आमतौर पर न्यूनतम होती है।"
"Slow-slip या silent earthquake क्या है?","fault के साथ धीरे-धीरे गति जो दिनों या हफ्तों में ऊर्जा रिलीज़ करती है बिना मजबूत झकझक।"
"क्या slow-slip भूकंप सुनामी ट्रिगर कर सकते हैं?","आंशिक रूप से, निकटवर्ती faults पर तनाव बढ़ाकर जो tsunamigenic quake पैदा कर सकते हैं।"
"Multi-segment rupture earthquake क्या है?","जब एक घटना में कई fault segments rupture होते हैं, संभावित रूप से सुनामी magnitude बढ़ा सकते हैं।"
"क्या strike-slip भूकंप सुनामी उत्पन्न कर सकते हैं?","बहुत कम, जब तक vertical displacement या underwater landslides न हों।"
"Submarine landslide-induced tsunami क्या है?","fault displacement के बजाय अचानक underwater sediment movement से उत्पन्न सुनामी।"
"Bathymetry tsunami waves को कैसे प्रभावित करता है?","समुद्र तल की टोपोग्राफी waves को amplify या focus कर सकती है, स्थानीय inundation जोखिम बढ़ता है।"
"Tsunami में wave trains क्या हैं?","प्रारंभिक wave के बाद tsunami waves की श्रृंखला, कभी-कभी पहले wave से अधिक विनाशकारी।"
"क्या tsunamis बंद bays या harbors में प्रवेश कर सकते हैं?","हाँ, wave resonance ऊँचाई बढ़ा सकता है और confined areas में बाढ़ बढ़ा सकता है।"
"Tsunamis में seiche क्या है?","Enclosed water bodies में खड़ी wave जो seismic activity या दूरस्थ tsunamis से triggered होती है।"
"जब tsunami waves shallow water में पहुँचती हैं तो वे कैसे बदलती हैं?","Wavelength छोटी होती है, amplitude बढ़ती है, wave speed घटती है।"
"Inundation mapping क्या है?","भविष्यवाणी flood zones का mapping ताकि संभावित tsunami impact और evacuation routes निर्धारित हों।"
"Tsunami travel time predictions कितनी accurate हैं?","मॉडलिंग और data quality पर निर्भर करते हुए आमतौर पर मिनटों से दसियों मिनटों तक सटीक।"
"Tsunami early-warning systems की limitation क्या है?","सटीक स्थानीय wave height, timing, या landslides जैसी secondary hazards का अनुमान नहीं कर सकते।"
"क्या false alarms tsunami response को प्रभावित कर सकते हैं?","हाँ, बार-बार false alarms वास्तविक घटनाओं में public compliance कम कर सकते हैं।"
"अंतरराष्ट्रीय warning centers कैसे समन्वय करते हैं?","Global seismic networks, regional alerts, और standardized communication protocols के माध्यम से।"
"स्थानीय authorities का tsunami warnings में क्या रोल है?","वे evacuation आदेश जारी करते हैं, shelters का प्रबंधन करते हैं, first responders का समन्वय करते हैं।"
"विकलांग लोग tsunami के दौरान कैसे evacuate करें?","व्यक्तिगत evacuation plans, accessible routes का उपयोग करें और trained helpers से मदद लें।"
"Multi-hazard preparedness क्या है?","एक साथ hazards के लिए योजना, जैसे भूकंप के बाद tsunami या storm surge।"
"Coastal schools tsunami के लिए कैसे तैयारी करें?","नियमित drills करें, सुरक्षित zones स्थापित करें, छात्रों को warning signs के बारे में शिक्षित करें।"
"Tsunami evacuation में crowd management क्या है?","बड़े समूहों को efficiently high ground पर move कराना बिना panic या bottlenecks।"
"Urban और rural evacuation strategies में क्या अंतर है?","Urban में vertical evacuation और traffic control, rural में distance to high ground पर focus।"
"Vertical evacuation क्या है?","जब high ground उपलब्ध न हो, reinforced building के ऊँचे floors पर जाना।"
"Tsunami के बाद temporary shelters का प्रबंधन कैसे करें?","खाना, पानी, medical care, sanitation, और psychological support प्रदान करें।"
"कौन से port facilities tsunami के लिए सबसे vulnerable हैं?","Low-lying docks, container terminals, marinas, ferry terminals।"
"Port infrastructure को tsunami-resistant कैसे बनाएं?","Elevated docks, breakwaters, flexible mooring systems, और emergency shutdown plans।"
"Tsunami-resistant निर्माण के लिए कौन से materials उपयुक्त हैं?","Reinforced concrete, steel frames, और flexible foundations designed to withstand water force।"
"क्या coastal houses को tsunamis के लिए retrofitting करना चाहिए?","हाँ, elevated floors, strong anchoring, और breakaway walls का उपयोग करें।"
"Tsunami modeling वैज्ञानिकों की कैसे मदद करता है?","wave propagation, arrival times, और inundation areas की भविष्यवाणी करता है early warning और planning के लिए।"
"Paleotsunami evidence क्या है?","Sediment layers, fossil deposits, और historical records जो past tsunami events को इंगित करते हैं।"
"GPS monitoring tsunami prediction में कैसे उपयोग होता है?","सूक्ष्म land deformation और ocean surface displacement मापता है ताकि tsunami risk का आकलन हो सके।"
"InSAR monitoring क्या है?","Satellite-based radar जो faults के साथ ground movement detect करता है, भूकंप और tsunami assessment में मदद करता है।"
"Submarine fault systems tsunamis को trigger करने के लिए कैसे interact करते हैं?","Faults के बीच stress transfer cascading ruptures और बड़े tsunamis पैदा कर सकता है।"
"क्या underwater volcanic eruptions tsunamis उत्पन्न कर सकते हैं?","हाँ, eruptions या volcanic slopes के collapse से अचानक पानी का विस्थापन।"
"महासागरों में meteorite impacts tsunamis से कैसे संबंधित हैं?","ये बड़ी मात्रा में पानी विस्थापित कर सकते हैं, tsunamis जैसी waves बना सकते हैं।"
"Coastal areas के लिए सबसे खतरनाक tsunami wave कौन सी है?","पहली wave छोटी हो सकती है, लेकिन subsequent waves उच्च और अधिक विनाशकारी हो सकती हैं।"
"Tsunami wave heights कैसे मापी जाती हैं?","Tide gauges, DART buoys, और satellite altimetry का उपयोग।"
"Tsunami travel-time chart क्या है?","Map जो विभिन्न coastal locations पर tsunami waves के predicted arrival times दिखाता है।"
"स्थानीय ज्ञान tsunami preparedness में क्यों महत्वपूर्ण है?","निवासी sudden sea withdrawal जैसे संकेतों से पहले evacuate कर सकते हैं।"
"Tsunami के early signs के लिए लोगों को क्या देखना चाहिए?","मजबूत भूकंप, असामान्य sea withdrawal, loud ocean roar, unusual animal behavior।"
"क्या जानवर tsunamis का अनुमान लगा सकते हैं?","कोई विश्वसनीय वैज्ञानिक प्रमाण नहीं, हालाँकि कुछ vibrations पर प्रतिक्रिया कर सकते हैं।"
"Question","Answer"
"तटीय जंगल tsunamis से कैसे सुरक्षा प्रदान करते हैं?","Mangroves और पेड़ wave energy को dissipate करते हैं और inland flooding को कम करते हैं।"
"Tsunami mitigation में breakwaters का उपयोग क्या है?","Offshore structures waves की ऊर्जा को shore तक पहुँचने से पहले कम करते हैं।"
"Tsunami risk के लिए beach nourishment क्या है?","Beaches में sand जोड़ना ताकि waves को buffer किया जा सके और coastal flooding कम हो।"
"Dunes tsunamis के प्रभाव को कैसे कम करते हैं?","Wave energy को absorb करते हैं और inland penetration को रोकते हैं।"
"Living shorelines क्या हैं?","Oyster reefs और vegetation जैसे प्राकृतिक सामग्री का उपयोग कर erosion और wave impact कम करना।"
"Sediment supply tsunami damage को कैसे प्रभावित करता है?","पर्याप्त sediment buffer erosion और inland wave energy को कम करता है।"
"क्या underwater landslides भूकंप से trigger हो सकते हैं?","हाँ, shaking sediments को destabilize कर सकती है और secondary tsunamis उत्पन्न कर सकती है।"
"Tsunami wave speeds पानी की गहराई के साथ कैसे बदलती हैं?","गहरे पानी में तेज़, तट के浅 water zones में धीमी।"
"Tsunami run-up क्या है?","Maximum vertical height जो tsunami onshore तक पहुँचता है।"
"Tsunami inundation distance क्या है?","Maximum horizontal distance जो tsunami inland travel करता है।"
"Tsunami-resistant roads evacuations में कैसे मदद करती हैं?","Elevated या reinforced roads सुरक्षित और तेज़ evacuation सुनिश्चित करती हैं।"
"Tsunamis के लिए emergency communication systems कैसे design किए जाने चाहिए?","Redundant, multi-channel (sirens, SMS, apps), और battery-backed।"
"Social media tsunami preparedness में क्या रोल निभाता है?","Verified alerts जल्दी फैलाता है, public को शिक्षित करता है, और volunteers का coordination करता है।"
"Apps या social media से tsunami warnings को कैसे validate करें?","Official sources जैसे NOAA, PTWC, या local authorities की जाँच करें।"
"Tsunami preparedness के लिए community drills का महत्व क्या है?","Residents को routes से परिचित कराता है, panic कम करता है, और response times सुधारता है।"
"Tsunami inundation maps कैसे बनाए जाते हैं?","Bathymetry, topography, historical data, और computer simulations का उपयोग करके।"
"Urban planning tsunami risk कैसे कम करता है?","Setbacks, land-use zoning, evacuation infrastructure, और vertical evacuation structures।"
"क्या climate change tsunami risk को प्रभावित कर सकता है?","Indirectly, storm surges, sea-level rise, और coastal instability बढ़ाकर।"
"Tsunami evacuation vertical zone क्या है?","Buildings के designated floors जो high ground उपलब्ध न होने पर सुरक्षित हों।"
"Tsunami hazard zones क्या हैं?","Tsunami inundation के लिए prone areas, आमतौर पर historical events और modeling द्वारा पहचाने जाते हैं।"
"Disabled individuals को tsunamis के दौरान कैसे assist किया जाए?","Personal evacuation plans, buddy systems, accessible routes, trained responders।"
"Tsunami ready community क्या है?","FEMA criteria पूरा करने वाली community: preparedness, drills, education, communication।"
"Schools tsunami evacuation drills कैसे करें?","Routes practice करें, safe zones designate करें, staff/students को शिक्षित करें, procedures evaluate करें।"
"Local और distant tsunamis में क्या अंतर है?","Local tsunamis मिनटों में पहुँचते हैं, distant tsunamis coastlines तक घंटों में पहुँचते हैं।"
"Tsunami travel time कैसे calculate करें?","Wave speed (sqrt of gravity × depth) और distance to shore पर आधारित।"
"DART buoys का रोल क्या है?","Ocean में pressure changes मापना ताकि tsunamis early detect हों और warning centers को डेटा भेजें।"
"Underwater earthquakes coastal earthquakes से कैसे अलग हैं?","Location ocean के नीचे, tsunamis generate करने की potential, और land पर direct shaking कम।"
"Tsunami earthquake क्या है?","ऐसा earthquake जो अपने magnitude के मुकाबले disproportional बड़ी tsunami generate करे।"
"Tsunami evacuation routes कैसे determine किए जाते हैं?","Topography, population density, hazard zones, और high ground access के आधार पर।"
"Coastal areas के tourists को tsunamis के बारे में क्या जानना चाहिए?","Natural warnings पहचानें, evacuation routes जानें, और local authority instructions का पालन करें।"
"Public education tsunami casualties को कैसे कम करता है?","Awareness बढ़ाता है, evacuation compliance सुधारता है, और hazard recognition सिखाता है।"
"Tsunami simulations authorities को कैसे मदद करती हैं?","Wave heights, inundation areas predict करती हैं और emergency response एवं infrastructure planning में मदद करती हैं।"
"Redundant evacuation paths का महत्व क्या है?","Primary routes blocked या congested होने पर सुरक्षित escape सुनिश्चित करती हैं।"
"Community tsunami preparedness plans में क्या शामिल होना चाहिए?","Early warning, evacuation, shelters, first aid, public education, और recovery strategy।"
"Tsunamis के psychological impacts क्या हैं?","Trauma, anxiety, depression, और stress, जिनके लिए mental health support जरूरी।"
"Post-tsunami trauma communities को कैसे address करना चाहिए?","Counseling, community support programs, और preparedness पर लगातार education।"
"क्या repeated tsunamis long-term settlement patterns को प्रभावित कर सकते हैं?","हाँ, communities relocate कर सकती हैं, infrastructure बदल सकती हैं, या land use planning बदल सकती है।"
"Technology tsunami resilience कैसे improve कर सकती है?","Real-time monitoring, predictive modeling, mobile alerts, GIS mapping, और smart evacuation systems।"
"Tsunami inundation modeling urban areas के लिए क्या है?","Cities में wave penetration, flooding depth, और critical infrastructure impact simulate करना।"
"International tsunami drills preparedness कैसे improve करती हैं?","Cross-border responses coordinate करना, early warning systems test करना, और public educate करना।"
"त्सunami science में ongoing research क्या है?","Fault behavior studies, sediment transport, wave modeling, early warning tech, और risk assessment।"
"Citizen science tsunami monitoring में क्या रोल है?","Unusual ocean activity report करना, drills में मदद करना, और local observations contribute करना।"
"एक साथ कई hazards के दौरान क्या करें?","सभी threats assess करें, life safety prioritize करें, official guidance follow करें, और evacuation plans adapt करें।"
"Earthquake और flood जैसी compound disasters के लिए कैसे तैयारी करें?","Layered emergency plans रखें, multiple evacuation routes, essentials के लिए waterproof storage, और multiple alert sources से informed रहें।"
"Disaster evacuations में कौन से legal considerations हैं?","Official evacuation orders follow करें, local emergency powers समझें, curfews या road closures comply करें।"
"International या cross-border communities disaster response कैसे coordinate करती हैं?","Neighboring countries' agencies के साथ coordinate करें, alerts share करें, joint drills में भाग लें, और standardized warning protocols follow करें।"
"Workplaces temporary या migrant staff के लिए disasters में कैसे plan करें?","सभी personnel को emergency plans में शामिल करें, multilingual instructions दें, safety buddies assign करें, और visitors के लिए evacuation assistance सुनिश्चित करें।"
"Cyberattacks emergency warning systems को कैसे प्रभावित कर सकते हैं?","Alerts delay या disable हो सकते हैं; backup communication methods जैसे radio, ham radio, या community runners रखें।"
"Disasters के दौरान seasonal hazards के लिए कैसे तैयारी करें?","Emergency kits और shelters को heat, cold, या storms के लिए adjust करें; hydration, heating, cooling, और clothing accordingly plan करें।"
"Question","Answer"
"अग्नि और प्राकृतिक आपदाओं की चेतावनी गैर-अंग्रेज़ी बोलने वालों तक कैसे पहुँचाएं?","Alerts को स्थानीय भाषाओं में translate करें, pictograms का उपयोग करें, community volunteers और multilingual apps का उपयोग करें।"
"अगर community members evacuation के दौरान public transportation पर depend करते हैं तो क्या करें?","Accessible evacuation options पहचानें, buses या shuttles arrange करें, और pickup points advance में communicate करें।"
"Isolated या transportation-limited households के लिए कैसे योजना बनाएं?","Neighbors, local agencies, या volunteer networks के साथ coordinate करें ताकि evacuation के समय assistance सुनिश्चित हो।"
"Compound hazards के दौरान hospitals के लिए क्या विशेष precautions हैं?","Surge capacity planning, life-support के लिए backup power, multiple evacuation routes, और अन्य medical facilities के साथ coordination।"
"Hearing impairments वाले लोगों तक disaster alerts कैसे पहुँचाएं?","Vibrating devices, visual alerts, captioned TV, और community notification networks का उपयोग करें।"
"Extreme seasonal events में temporary shelters के लिए क्या considerations हैं?","Adequate heating/cooling, पर्याप्त water, और backup power lighting और medical devices के लिए।"
"Compound disasters के लिए financial preparedness कैसे adapt करें?","Multiple forms of cash रखें, backup digital records रखें, और insurance जो multiple hazard types cover करे।"
"Overlapping disasters में social media reliability कैसे maintain करें?","Official accounts follow करें, information cross-check करें, और misinformation promptly report करें।"
"Schools compound disasters के दौरान कैसे prepare करें?","Layered evacuation plans, parents के साथ backup communication, और adequate shelter supplies extended periods के लिए।"
"Emergency operations centers simultaneous hazards को कैसे handle करें?","Multi-hazard protocols activate करें, multiple agencies के साथ coordinate करें, critical services prioritize करें, और real-time situational awareness maintain करें।"
"Compound hazards में vulnerable populations के साथ communities कैसे coordinate करें?","Updated registries maintain करें, pre-arranged transportation सुनिश्चित करें, और multiple accessible channels के माध्यम से communicate करें।"
"Pet owners simultaneous disasters के लिए कैसे prepare करें?","Extra food, water, medications, carriers रखें और prolonged emergencies के लिए pet-friendly shelters identify करें।"
"Backup power systems compound hazards को कैसे handle करें?","Generators essential devices extended periods तक run कर सकें, fuel सुरक्षित रूप से stored हो, और regular testing maintain करें।"
"Extreme seasonal conditions में disaster kits कैसे बदलें?","Extra blankets (cold), hydration packs (heat), waterproof storage (flooding), और layered clothing शामिल करें।"
"Multiple hazards के दौरान emergency communications कैसे adapt करें?","Redundant systems जैसे text, radio, sirens, social media, और in-person messengers का उपयोग करें ताकि सभी तक पहुंचे।"
"Multi-hazard scenarios में volunteers को किस training की आवश्यकता है?","Scenario-based drills covering simultaneous hazards, priority triage, stressed communication, और evacuation logistics।"
"Simultaneous evacuations के दौरान authorities traffic कैसे manage करें?","Alternate routes coordinate करें, emergency vehicles prioritize करें, और multiple channels से real-time updates communicate करें।"
"Insurance policies compound disasters को कैसे address करती हैं?","Multiple hazards के coverage की जाँच करें, exclusions समझें, और claims के लिए documentation maintain करें।"
"Overlapping disasters में community credibility warnings सुनिश्चित करने के लिए क्या steps हैं?","Clear instructions दें, transparent reasoning रखें, frequent updates दें, और multilingual accessible information उपलब्ध कराएँ।"
"Compound disasters के दौरान mental health support कैसे provide करें?","Counselors shelters में deploy करें, hotline numbers दें, और first responders एवं community members के लिए support maintain करें।"
"Rural communities multi-hazard events को कैसे handle करें?","Emergency supplies pre-position करें, local communication networks establish करें, और longer response times के लिए plan करें।"
"Businesses simultaneous hazards के लिए continuity plans कैसे adjust करें?","Suppliers diversify करें, critical data off-site backup करें, और staff safety plans में compound disaster scenarios शामिल करें।"
"Marine rescue operation coordinate करते समय पहला step क्या है?","Coast guard से communication establish करें, GPS coordinates से victim location confirm करें, और weather एवं sea conditions assess करें।"
"Vessel in distress maritime authorities को कैसे report करें?","VHF radio channel 16 use करें, vessel name, location, emergency nature, लोगों की संख्या, और immediate dangers बताएं।"
"Coastal emergency shelter establish करते समय critical information क्या है?","Location accessibility, capacity limits, medical facilities की proximity, structural integrity, और evacuation routes।"
"Multiple ocean emergency calls में rescue teams कैसे prioritize करें?","Immediate life threat, लोगों की संख्या, rescue resources proximity, और weather window availability assess करें।"
"Marine search and rescue coordination center के key elements क्या हैं?","24/7 communication, weather monitoring, vessel tracking systems, resource deployment coordination, और inter-agency liaison।"
"Ocean rescue operations में effective communication कैसे establish करें?","Multiple radio frequencies, satellite backup, relay stations, और सभी rescue units से संपर्क maintain करें।"
"Coastal evacuation shelter supply inventory में क्या होना चाहिए?","First aid, emergency food/water, blankets, battery-powered radios, flashlights, और backup power systems।"
"Large-scale ocean emergencies में rescue coordinators resources कैसे manage करें?","Resource tracking systems बनाएँ, staging areas establish करें, multiple agencies coordinate करें, और equipment readiness logs maintain करें।"
"Hazardous ocean conditions authorities को report करने का protocol क्या है?","Coast guard को specific location, hazard type, severity level, affected area size, और maritime traffic impact बताएं।"
"Air और sea rescue units के बीच coordination कैसे करें?","Common communication frequencies establish करें, search sectors define करें, timing coordinate करें, और real-time position data share करें।"
"Maritime emergency response plan के essential components क्या हैं?","Command structure, communication protocols, resource allocation, evacuation procedures, और inter-agency coordination guidelines।"
"Coastlines के पास emergency shelters maximum safety के लिए कैसे position करें?","Flood zones से ऊपर, cliff edges से दूर, multiple routes से accessible, और high winds के लिए structural reinforcement।"
"Marine distress call receive करते समय कौन सी information collect करनी चाहिए?","Caller identity, vessel details, exact location, emergency nature, लोगों की संख्या, available safety equipment, और immediate hazards।"
"Vessels से medical evacuation coordinate कैसे करें?","Patient condition assess करें, helicopter landing capability देखें, medical facilities coordinate करें, और transfer equipment prepare करें।"
"Effective ocean rescue staging area establish करने के key factors क्या हैं?","Incident के पास proximity, equipment access, communication capability, helicopter landing zone, और weather से protection।"
"Ocean emergency responses rescue teams को कैसे document करनी चाहिए?","Timeline of events, resources deployed, personnel involved, actions taken, outcomes, और lessons learned record करें।"
"International waters rescue operations coordinate करने की process क्या है?","Maritime rescue coordination centers contact करें, international SAR conventions follow करें, और jurisdictional responsibilities coordinate करें।"
"Coastal emergency operations में volunteer resources कैसे manage करें?","Volunteers screen करें, basic training दें, specific roles assign करें, supervision maintain करें, और safety protocols follow करें।"
"Ocean rescue coordination के लिए essential communication systems क्या हैं?","VHF marine radio, satellite phones, emergency position beacons, cellular networks, और amateur radio backup।"
"Ocean rescue scene safety assess कैसे करें?","Weather conditions, sea state, visibility, hazardous materials, और vessel/platform structural stability evaluate करें।"
"Commercial vessels के साथ rescue operations में protocols क्या हैं?","Assistance requests broadcast करें, approach vectors coordinate करें, communication protocols establish करें, और specific assistance roles define करें।"
"Ocean emergencies में effective command और control कैसे establish करें?","Incident commander designate करें, command post establish करें, communication hierarchy बनाएँ, और unified command structure implement करें।"
"Ocean rescue operations के लिए supplies pre-position कैसे करें?","Life rafts, rescue boats, medical equipment, communication devices, survival gear, और helicopter landing equipment रखें।"
"Shore-based support ocean rescue missions के लिए कैसे coordinate करें?","Shore command post establish करें, logistics coordinate करें, family notifications manage करें, medical facilities prepare करें, और media relations organize करें।"
"Severe weather में ocean rescue के लिए key considerations क्या हैं?","Wind speed limits, wave height restrictions, visibility requirements, hypothermia risk, और available weather windows।"
"Multiple simultaneous ocean emergencies में rescue coordinators कैसे handle करें?","Life safety threat prioritize करें, resources efficiently allocate करें, जरूरत पड़ने पर multiple command posts establish करें, और mutual aid coordinate करें।"
"Ocean hazard reporting systems में कौन सी information शामिल करनी चाहिए?","Location coordinates, hazard type & severity, observed time, reporting source, affected area, और recommended actions।"
"Question","Answer"
"पानी के ऊपर helicopter rescue operations को कैसे coordinate करें?","Flight corridors establish करें, marine units के साथ नीचे coordination करें, fuel requirements manage करें, और alternate landing sites prepare करें।"
"Ocean rescues में inter-agency coordination के essential elements क्या हैं?","Common communication protocols, unified command structure, resource sharing agreements, और jurisdictional clarity।"
"Emergency shelters ocean incidents से rescue किए गए लोगों को कैसे accommodate करें?","Hypothermia treatment, psychological support, family contact, temporary clothing, और medical evaluation प्रदान करें।"
"Ocean rescues में military assets के साथ coordination के protocols क्या हैं?","Proper channels के माध्यम से request करें, mission parameters define करें, communication procedures establish करें, और operational control coordinate करें।"
"Large-scale ocean emergency responses में information flow कैसे manage करें?","Information officer designate करें, regular briefing schedules बनाएँ, accurate logs maintain करें, और public information release coordinate करें।"
"Ocean operations में rescue personnel के लिए safety measures क्या होने चाहिए?","Personal flotation devices, safety lines, hypothermia protection, communication devices, और buddy system protocols लागू करें।"
"Ocean-related emergencies में coastal areas evacuation कैसे coordinate करें?","Evacuation zones establish करें, transportation coordinate करें, traffic flow manage करें, emergency shelters open करें, और communication maintain करें।"
"Rescue operations के बाद marine casualty investigation के key components क्या हैं?","Scene conditions document करें, survivors और witnesses interview करें, physical evidence collect करें, और response effectiveness analyze करें।"
"Extended ocean search operations के लिए rescue teams कैसे prepare करें?","Crew rotation schedules plan करें, adequate supplies सुनिश्चित करें, rest areas establish करें, equipment readiness maintain करें, और weather monitoring coordinate करें।"
"Ocean emergencies में international assistance request करने के protocols क्या हैं?","National maritime authority contact करें, diplomatic channels follow करें, assistance specify करें, और operational integration coordinate करें।"
"Ocean rescues में port authorities के साथ effective liaison कैसे establish करें?","Liaison officers designate करें, communication protocols establish करें, vessel traffic management coordinate करें, और port facilities access arrange करें।"
"Ocean rescue training programs के essential elements क्या हैं?","Water rescue techniques, communication procedures, equipment operation, safety protocols, और inter-agency coordination।"
"Ocean rescue operations में public information कैसे manage करें?","Information officer designate करें, regular briefings establish करें, media coordinate करें, victim privacy protect करें, और accuracy maintain करें।"
"Ocean emergencies में rescue methods selection के factors क्या हैं?","Victim condition, sea conditions, available resources, time constraints, और environmental hazards।"
"Ocean rescue operations के लिए medical support कैसे coordinate करें?","Medical teams pre-position करें, treatment areas establish करें, helicopter medical evacuation coordinate करें, और hospitals prepare करें।"
"Hazardous materials के दौरान ocean rescue operations के protocols क्या हैं?","Materials identify करें, safety zones establish करें, specialist teams coordinate करें, decontamination procedures implement करें, और rescue personnel protect करें।"
"Extended ocean operations में fatigue manage कैसे करें?","Crew rotation implement करें, personnel condition monitor करें, rest facilities provide करें, nutrition maintain करें, और safety limits enforce करें।"
"Rescue operations जब jurisdictional boundaries cross करें तो communication procedures क्या होने चाहिए?","Affected authorities notify करें, unified command establish करें, communication protocols coordinate करें, और operational responsibilities clarify करें।"
"Ocean rescue में fishing vessels के साथ effective coordination कैसे करें?","Requests fishing frequencies पर broadcast करें, approach procedures coordinate करें, specific instructions दें, और safety protocols maintain करें।"
"Post-rescue medical triage ocean incident victims के key elements क्या हैं?","Hypothermia assess करें, injuries evaluate करें, near-drowning check करें, vital signs monitor करें, और treatment priorities निर्धारित करें।"
"Extended ocean rescue operations के लिए emergency managers supplies कैसे coordinate करें?","Supply chains establish करें, transportation coordinate करें, inventory manage करें, resupply schedules arrange करें, और equipment readiness maintain करें।"
"Severe weather में ocean rescue operations के protocols क्या हैं?","Weather windows monitor करें, operational tempo adjust करें, highest-risk cases prioritize करें, और alternative response methods coordinate करें।"
"Different rescue agency communication systems के बीच coordination कैसे manage करें?","Common frequencies establish करें, liaison personnel use करें, communication protocols implement करें, और interoperability ensure करें।"
"Ocean rescue operations में victim tracking के essential elements क्या हैं?","Unique identifiers assign करें, location logs maintain करें, transportation coordinate करें, status regularly update करें, और families notify करें।"
"Emergencies में oil platform operators के साथ rescue teams कैसे coordinate करें?","Direct communication establish करें, evacuation procedures coordinate करें, platform resources utilize करें, और personnel safety ensure करें।"
"Ocean rescue helicopter operations establish करते समय कौन से factors consider करने चाहिए?","Landing zone safety, fuel requirements, weather limits, surface units के साथ coordination, और medical evacuation capability।"
"Active rescue missions के दौरान salvage operations कैसे coordinate करें?","Life safety prioritize करें, operational areas coordinate करें, resource conflicts manage करें, और operations sequence appropriately करें।"
"Cruise ship operators के साथ emergencies में coordination के protocols क्या हैं?","Communication establish करें, passenger evacuation coordinate करें, ship resources utilize करें, और large-scale rescue logistics manage करें।"
"Ocean rescue operations में family information manage कैसे करें?","Family assistance center establish करें, regular updates provide करें, social services coordinate करें, और privacy protection maintain करें।"
"Ocean rescue equipment maintenance programs के key elements क्या हैं?","Regular inspection schedules, replacement protocols, training requirements, storage procedures, और readiness verification।"
"Ocean rescue missions में night operations कैसे coordinate करें?","Proper lighting use करें, position marking coordinate करें, communication maintain करें, enhanced safety measures implement करें, और visibility challenges manage करें।"
"Protected marine areas में ocean rescue operations के protocols क्या हैं?","Environmental agencies coordinate करें, ecological impact minimize करें, access procedures follow करें, और environmental considerations document करें।"
"Multiple nations शामिल ocean rescue operations में effective coordination कैसे establish करें?","International agreements follow करें, communication protocols establish करें, jurisdictional issues coordinate करें, और resources share करें।"
"Ocean rescue operation debriefing procedures के essential elements क्या हैं?","Response timeline document करें, effectiveness evaluate करें, improvement areas identify करें, successful actions recognize करें, और procedures update करें।"
"Ongoing ocean emergencies में rescue coordinators media relations कैसे handle करें?","Spokesperson designate करें, regular briefings schedule करें, operational security protect करें, victim privacy maintain करें, और accurate information provide करें।"
"Multiple ocean rescue operations में resource allocation priorities determine करने वाले factors क्या हैं?","Life safety threat level, victims की संख्या, rescue probability, available resources, और operational time windows।"
"Rescue operations में marine traffic control के साथ coordination कैसे करें?","Safety zones establish करें, vessel movement coordinate करें, traffic flow manage करें, navigation warnings provide करें, और rescue area secure रखें।"
"Offshore installations के पास ocean rescue operations के protocols क्या हैं?","Installation operators contact करें, safety procedures coordinate करें, available resources utilize करें, और operational conflicts manage करें।"
"Recreational boating communities के साथ emergency managers कैसे coordinate करें?","Marina networks use करें, boating associations coordinate करें, emergency procedures provide करें, और volunteer programs establish करें।"
"Ocean rescue communication redundancy planning के key elements क्या हैं?","Multiple communication methods, backup power systems, alternate frequencies, satellite capability, और equipment duplication।"
"Ocean rescue victims और families के लिए psychological support services कैसे coordinate करें?","Counseling teams deploy करें, support areas establish करें, social services coordinate करें, crisis intervention provide करें, और follow-up care arrange करें।"
"Holiday periods में ocean rescue operations coordinate करने के protocols क्या हैं?","Staffing levels increase करें, tourism agencies coordinate करें, higher incident rates के लिए prepare करें, और resource availability ensure करें।"
"Emergency operations में port security के साथ rescue teams कैसे coordinate करें?","Liaison establish करें, access procedures coordinate करें, security protocols manage करें, और operational integration सुनिश्चित करें।"
"Ocean rescue operations quality assurance programs के essential elements क्या हैं?","Performance metrics, response time analysis, outcome evaluation, training effectiveness, और continuous improvement processes।"
"Maritime insurance investigators के साथ rescue operations में effective coordination कैसे establish करें?","Operational security maintain करें, evidence preservation coordinate करें, appropriate access provide करें, और investigation integrity protect करें।"
"Remote areas में ocean rescue operations coordinate करते समय कौन से factors consider करने चाहिए?","Communication challenges, resource distance, weather impact, fuel requirements, और logistical support needs।"
"Volunteer boat operators ocean rescue missions में कैसे manage करें?","Qualifications screen करें, briefings provide करें, specific roles assign करें, supervision maintain करें, और safety compliance ensure करें।"
"Environmental monitoring agencies के साथ ocean rescue operations में coordination के protocols क्या हैं?","Hazard information share करें, response procedures coordinate करें, environmental impact monitor करें, और protection measures implement करें।"
"Medical helicopter operations surface rescue units के साथ कैसे coordinate करें?","Flight corridors establish करें, timing coordinate करें, patient transfer manage करें, landing zone safety ensure करें, और communication maintain करें।"
"Ocean rescue operation cost tracking और documentation के key elements क्या हैं?","Resource utilization logs, personnel time records, equipment usage, operational expenses, और recovery billing procedures।"
"Question","Answer"
"Rescue coordinators को foreign-flagged vessels के साथ emergencies में कैसे coordinate करना चाहिए?","International protocols follow करें, flag state authorities के साथ coordinate करें, communication establish करें, और assistance guidance प्रदान करें।"
"Adverse visibility conditions में ocean rescue operations के protocols क्या हैं?","Radar और GPS navigation use करें, enhanced safety procedures implement करें, positioning carefully coordinate करें, और communication maintain करें।"
"Rescue operations में marine research vessels के साथ effective coordination कैसे establish करें?","Research institutions contact करें, operational areas coordinate करें, available resources utilize करें, और scientific mission impacts manage करें।"
"Ocean rescue training coordination के essential elements क्या हैं?","Common training standards, joint exercises, certification requirements, resource sharing, और performance evaluation।"
"Emergency managers coastal community leaders के साथ ocean rescue operations में कैसे coordinate करें?","Liaison establish करें, local resources coordinate करें, community concerns manage करें, information updates provide करें, और local knowledge utilize करें।"
"Ocean rescue missions में forward operating bases establish करने के factors क्या हैं?","Incident के पास proximity, resource accessibility, communication capability, safety considerations, और logistical support requirements।"
"Ocean rescue operations marine sanctuary management के साथ कैसे coordinate करें?","Access protocols follow करें, sanctuary staff के साथ coordinate करें, environmental impact minimize करें, और activities appropriately document करें।"
"Severe weather advisories में ocean rescue operations के protocols क्या हैं?","Weather updates monitor करें, operational procedures adjust करें, safety prioritize करें, alternative methods coordinate करें, और readiness maintain करें।"
"Emergency operations में commercial shipping companies के साथ rescue teams कैसे coordinate करें?","Communication protocols establish करें, vessel assistance coordinate करें, operational areas manage करें, और safety procedures ensure करें।"
"Ocean rescue equipment standardization के key elements क्या हैं?","Common specifications, interoperability requirements, maintenance standards, training compatibility, और procurement coordination।"
"Marine patrol units के साथ rescue operations में effective coordination कैसे establish करें?","Operational boundaries define करें, patrol activities coordinate करें, information share करें, patrol resources utilize करें, और communication maintain करें।"
"Hazardous weather phenomena में ocean rescue operations के protocols क्या हैं?","Conditions continuously monitor करें, safety parameters establish करें, timing coordinate करें, victim safety prioritize करें, और flexibility maintain करें।"
"Visible ocean rescue operations में public safety कैसे manage करें?","Safety perimeters establish करें, spectator crowds manage करें, law enforcement coordinate करें, public information provide करें, और operational security ensure करें।"
"Ocean rescue के लिए inter-agency resource sharing agreements के essential elements क्या हैं?","Resource availability commitments, activation procedures, cost sharing arrangements, operational control protocols, और performance standards।"
"Marine construction projects के साथ ocean rescue operations कैसे coordinate करें?","Project managers contact करें, operational areas coordinate करें, available resources utilize करें, construction activity manage करें, और safety ensure करें।"
"Ocean rescue communication networks establish करते समय कौन से factors consider करने चाहिए?","Coverage requirements, equipment compatibility, power systems, maintenance needs, और operational redundancy।"
"Emergency operations में marine biology research के साथ rescue teams कैसे coordinate करें?","Research teams के साथ coordinate करें, scientific resources utilize करें, research impact minimize करें, और relevant information share करें।"
"Marine events और festivals के दौरान ocean rescue operations के protocols क्या हैं?","Preparation levels increase करें, event organizers के साथ coordinate करें, resources strategically position करें, और enhanced readiness maintain करें।"
"Tugboat operators के साथ rescue missions में effective coordination कैसे establish करें?","Marine services contact करें, assistance capabilities coordinate करें, operational areas manage करें, और specialized equipment utilize करें।"
"Ocean rescue operation environmental impact assessment के key elements क्या हैं?","Activities document करें, ecological effects assess करें, mitigation measures implement करें, environmental agencies coordinate करें, और compliance maintain करें।"
"Maritime labor unions के साथ rescue operations में emergency managers कैसे coordinate करें?","Liaison establish करें, worker safety coordinate करें, available resources utilize करें, और labor relations considerations manage करें।"
"Naval training exercises के दौरान ocean rescue operations के protocols क्या हैं?","Naval authorities contact करें, operational areas coordinate करें, training impacts manage करें, और safety procedures ensure करें।"
"Ocean rescue documentation legal requirements के साथ कैसे coordinate करें?","Detailed records maintain करें, evidence procedures follow करें, legal authorities coordinate करें, और documentation completeness ensure करें।"
"Ocean rescue operation security protocols के essential elements क्या हैं?","Access control, information security, operational security, personnel verification, और threat assessment procedures।"
"Maritime academies के साथ emergency operations में rescue coordinators कैसे handle करें?","Academy officials contact करें, training vessel assistance coordinate करें, student resources appropriately utilize करें, और safety ensure करें।"
"Tide और current conditions के साथ ocean rescue operations coordination के factors क्या हैं?","Timing considerations, drift calculations, operational windows, safety factors, और resource positioning requirements।"
"Extended rescue operations में marine fuel suppliers के साथ coordination कैसे establish करें?","Suppliers contact करें, delivery procedures coordinate करें, fuel logistics manage करें, safety protocols ensure करें, और supply chains maintain करें।"
"Marine weather services के साथ ocean rescue operations के protocols क्या हैं?","Communication establish करें, forecast updates coordinate करें, operational information share करें, और weather expertise utilize करें।"
"Marine electronics specialists के साथ rescue operations में emergency teams कैसे coordinate करें?","Technical support contact करें, equipment repair coordinate करें, specialized knowledge utilize करें, और communication systems maintain करें।"
"Ocean rescue operation performance measurement systems के key elements क्या हैं?","Response time metrics, success rates, resource utilization, cost effectiveness, और quality indicators।"
"Marine archaeological sites के साथ ocean rescue operations कैसे coordinate करें?","Archaeological authorities contact करें, site protection coordinate करें, impact minimize करें, और preservation procedures follow करें।"
"Marine pollution incidents में ocean rescue operations के protocols क्या हैं?","Environmental agencies coordinate करें, safety procedures implement करें, contamination risks manage करें, और rescue personnel protect करें।"
"Marine insurance companies के साथ rescue coordinators coordination कैसे establish करें?","Operational independence maintain करें, information sharing coordinate करें, investigation access manage करें, और operational security protect करें।"
"Ocean rescue volunteer management programs के essential elements क्या हैं?","Recruitment procedures, training requirements, certification standards, deployment protocols, और recognition systems।"
"Marine traffic monitoring systems के साथ ocean rescue operations कैसे coordinate करें?","Tracking data utilize करें, traffic centers के साथ coordinate करें, operational information share करें, और vessel movement manage करें।"
"Ocean rescue mutual aid agreements establish करते समय कौन से factors consider करने चाहिए?","Resource capabilities, response distances, activation procedures, cost sharing, और operational compatibility।"
"Coastal engineering projects के साथ emergency managers rescue operations कैसे coordinate करें?","Project managers contact करें, operational access coordinate करें, available resources utilize करें, और project impacts manage करें।"
"Marine radio networks के साथ ocean rescue operations के protocols क्या हैं?","Communication procedures establish करें, frequency usage coordinate करें, network resources utilize करें, और radio protocols maintain करें।"
"Marine emergency medical services के साथ effective coordination कैसे establish करें?","Response protocols define करें, medical capabilities coordinate करें, treatment procedures establish करें, और medical readiness maintain करें।"
"Ocean rescue operation technology integration के key elements क्या हैं?","System compatibility, data sharing, communication integration, equipment standardization, और technological redundancy।"
"Marine pilot services के साथ emergency operations में rescue teams कैसे coordinate करें?","Pilot associations contact करें, local knowledge coordinate करें, navigation expertise utilize करें, और operational areas manage करें।"
"Marine research activities के दौरान ocean rescue operations के protocols क्या हैं?","Research coordinators contact करें, operational areas coordinate करें, research impact minimize करें, और relevant information share करें।"
"Multiple agencies के साथ ocean rescue equipment procurement कैसे coordinate करें?","Common specifications establish करें, purchasing power coordinate करें, inventory sharing manage करें, और equipment standardize करें।"
"Ocean rescue operation budget management के essential elements क्या हैं?","Cost tracking systems, resource allocation, expense documentation, recovery procedures, और budget reporting।"
"Marine environmental groups के साथ emergency coordinators coordination कैसे establish करें?","Relationships build करें, information sharing coordinate करें, local knowledge utilize करें, और environmental concerns manage करें।"
"Commercial fishing activities के साथ ocean rescue operations coordination के factors क्या हैं?","Seasonal patterns, fishing grounds, vessel availability, communication protocols, और safety procedures।"
"Marine maintenance और repair services के साथ ocean rescue operations कैसे coordinate करें?","Service providers contact करें, technical support coordinate करें, specialized equipment utilize करें, और repair priorities manage करें।"
"Marine construction activities के दौरान ocean rescue operations के protocols क्या हैं?","Contractors coordinate करें, operational areas manage करें, available resources utilize करें, और construction safety ensure करें।"
"Marine fuel delivery services के साथ rescue teams coordination कैसे establish करें?","Suppliers contact करें, delivery schedules coordinate करें, fuel logistics manage करें, safety protocols ensure करें, और supply security maintain करें।"
"Ocean rescue operation data management systems के key elements क्या हैं?","Information collection, data storage, analysis capabilities, reporting functions, और data security measures।"
"Question","Answer"
"Marine telecommunications providers के साथ ocean rescue operations कैसे coordinate करें?","Communication priorities establish करें, service restoration coordinate करें, communication requirements manage करें, और connectivity ensure करें।"
"Marine transportation systems के साथ ocean rescue operations के protocols क्या हैं?","Vessel scheduling coordinate करें, passenger impacts manage करें, transportation resources utilize करें, और operational continuity ensure करें।"
"Marine education institutions के साथ rescue operations में emergency managers कैसे coordinate करें?","Institutional authorities contact करें, student involvement coordinate करें, educational resources utilize करें, और safety protocols ensure करें।"
"Ocean rescue operation legal compliance programs के essential elements क्या हैं?","Regulatory requirements, legal documentation, compliance monitoring, violation procedures, और legal consultation।"
"Marine cargo handling facilities के साथ rescue operations में effective coordination कैसे establish करें?","Facility managers contact करें, operational access coordinate करें, available resources utilize करें, और cargo operations manage करें।"
"Marine tourism activities के साथ ocean rescue operations के factors क्या हैं?","Tourist safety, evacuation procedures, communication protocols, resource allocation, और operational impacts।"
"Marine historical preservation के साथ emergency operations में rescue coordinators coordination कैसे handle करें?","Preservation authorities contact करें, site protection coordinate करें, historical impact minimize करें, और preservation procedures follow करें।"
"Marine communication systems के साथ ocean rescue operations के protocols क्या हैं?","Communication priorities establish करें, system usage coordinate करें, frequency allocation manage करें, और communication security ensure करें।"
"Marine industry partnerships के साथ ocean rescue training programs कैसे coordinate करें?","Training agreements establish करें, resource sharing coordinate करें, joint programs develop करें, और industry relationships maintain करें।"
"Ocean rescue operation public information management के key elements क्या हैं?","Information accuracy, release timing, media coordination, public safety messaging, और transparency requirements।"
"Marine logistics providers के साथ extended rescue operations में emergency teams coordination कैसे करें?","Logistics companies contact करें, supply chains coordinate करें, delivery schedules manage करें, और operational continuity ensure करें।"
"Marine technology demonstrations के दौरान ocean rescue operations के protocols क्या हैं?","Technology providers के साथ coordinate करें, demonstration areas manage करें, available resources utilize करें, और operational safety ensure करें।"
"Marine safety equipment manufacturers के साथ rescue operations में effective coordination कैसे establish करें?","Manufacturers contact करें, technical support coordinate करें, product expertise utilize करें, और equipment requirements manage करें।"
"Ocean rescue operation community outreach programs के essential elements क्या हैं?","Public education, community partnerships, volunteer recruitment, awareness campaigns, और feedback mechanisms।"
"Marine survey operations के साथ emergency missions में rescue coordinators coordination कैसे करें?","Survey companies contact करें, operational areas coordinate करें, available resources utilize करें, और survey impacts manage करें।"
"Ocean rescue operation staging areas establish करने के factors क्या हैं?","Location accessibility, resource requirements, communication needs, safety considerations, और operational efficiency।"
"Marine renewable energy projects के साथ ocean rescue operations कैसे coordinate करें?","Project operators contact करें, operational areas coordinate करें, available resources utilize करें, और energy system impacts manage करें।"
"Marine environmental monitoring के साथ ocean rescue operations के protocols क्या हैं?","Monitoring data share करें, response procedures coordinate करें, environmental protection implement करें, और monitoring continuity maintain करें।"
"Marine emergency response contractors के साथ emergency managers coordination कैसे establish करें?","Contractor agreements develop करें, response procedures coordinate करें, contractor readiness maintain करें, और performance standards ensure करें।"
"Ocean rescue operation quality control systems के key elements क्या हैं?","Performance standards, monitoring procedures, evaluation methods, corrective actions, और continuous improvement।"
"Marine scientific research vessels के साथ ocean rescue operations कैसे coordinate करें?","Research coordinators contact करें, operational areas coordinate करें, scientific resources utilize करें, और research disruption minimize करें।"
"Marine protected area activities के दौरान ocean rescue operations के protocols क्या हैं?","Protection protocols follow करें, area managers के साथ coordinate करें, environmental impact minimize करें, और area integrity maintain करें।"
"Marine meteorological services के साथ rescue operations में emergency teams coordination कैसे करें?","Weather communication establish करें, forecast updates coordinate करें, operational data share करें, और meteorological expertise utilize करें।"
"Ocean rescue operation international cooperation agreements के essential elements क्या हैं?","Cooperation frameworks, resource sharing, communication protocols, operational procedures, और diplomatic coordination।"
"Marine emergency shelter providers के साथ effective coordination कैसे establish करें?","Shelter locations identify करें, capacity management coordinate करें, supply procedures establish करें, और readiness standards maintain करें।"
"Marine patrol aircraft के साथ ocean rescue operations के factors क्या हैं?","Flight coordination, communication procedures, search patterns, safety protocols, और operational integration।"
"Marine emergency food services के साथ rescue operations में emergency coordinators coordination कैसे manage करें?","Food service providers contact करें, supply delivery coordinate करें, distribution logistics manage करें, और food safety ensure करें।"
"Marine communication relay systems के साथ ocean rescue operations के protocols क्या हैं?","Relay procedures establish करें, communication paths coordinate करें, system capacity manage करें, और communication reliability ensure करें।"
"Regulatory agencies के साथ ocean rescue documentation requirements coordination कैसे करें?","Documentation standards understand करें, required records maintain करें, agency reporting coordinate करें, और compliance ensure करें।"
"Ocean rescue operation equipment testing और evaluation programs के key elements क्या हैं?","Testing protocols, performance standards, evaluation criteria, documentation requirements, और improvement recommendations।"
"Marine emergency transportation services के साथ rescue teams coordination कैसे establish करें?","Transport providers contact करें, evacuation procedures coordinate करें, passenger logistics manage करें, और transportation safety ensure करें।"
"Marine hazardous material incidents के दौरान ocean rescue operations के protocols क्या हैं?","Safety procedures implement करें, specialist response coordinate करें, contamination risks manage करें, और personnel safety protect करें।"
"Marine emergency power systems के साथ ocean rescue operations कैसे coordinate करें?","Power providers contact करें, system deployment coordinate करें, power requirements manage करें, और system reliability ensure करें।"
"Ocean rescue operation personnel safety management systems के essential elements क्या हैं?","Safety protocols, risk assessment, protective equipment, training requirements, और incident reporting procedures।"
"Marine emergency medical transport के साथ rescue operations में emergency managers coordination कैसे करें?","Medical evacuation coordinate करें, patient transport manage करें, medical equipment availability ensure करें, और medical protocols maintain करें।"
"Marine salvage companies के साथ ocean rescue operations coordination के factors क्या हैं?","Operational priorities, resource requirements, safety protocols, cost considerations, और environmental protection।"
"Marine emergency shelter management के साथ rescue operations में effective coordination कैसे establish करें?","Shelter managers contact करें, capacity planning coordinate करें, resource allocation manage करें, और shelter readiness ensure करें।"
"Marine emergency fuel suppliers के साथ ocean rescue operations के protocols क्या हैं?","Fuel priorities establish करें, delivery procedures coordinate करें, fuel logistics manage करें, और fuel safety ensure करें।"
"Marine emergency equipment rental services के साथ rescue coordinators coordination कैसे handle करें?","Rental companies contact करें, equipment availability coordinate करें, deployment logistics manage करें, और equipment readiness ensure करें।"
"Ocean rescue operation environmental protection procedures के key elements क्या हैं?","Environmental assessment, protection measures, impact mitigation, regulatory compliance, और restoration planning।"
"Marine emergency communication backup systems के साथ ocean rescue operations कैसे coordinate करें?","Backup procedures establish करें, system activation coordinate करें, communication priorities manage करें, और system reliability ensure करें।"
"Marine emergency supply chains के साथ ocean rescue operations coordination के protocols क्या हैं?","Supply priorities establish करें, delivery schedules coordinate करें, inventory levels manage करें, और supply continuity ensure करें।"
"Marine emergency waste management के साथ rescue operations में emergency teams coordination कैसे करें?","Waste management services contact करें, disposal procedures coordinate करें, waste logistics manage करें, और environmental compliance ensure करें।"
"Marine emergency security services के साथ ocean rescue operation coordination के essential elements क्या हैं?","Security protocols establish करें, access control coordinate करें, security threats manage करें, और operational security ensure करें।"
"Marine emergency maintenance services के साथ rescue operations में effective coordination कैसे establish करें?","Maintenance providers contact करें, repair priorities coordinate करें, maintenance logistics manage करें, और operational continuity ensure करें।"
"Marine emergency transportation networks के साथ ocean rescue operations coordination के factors क्या हैं?","Network capacity, transportation priorities, coordination procedures, safety protocols, और operational integration।"
"Marine emergency information systems के साथ rescue coordinators coordination कैसे manage करें?","Information protocols establish करें, data sharing coordinate करें, information security manage करें, और system reliability ensure करें।"
"Marine emergency training facilities के साथ ocean rescue operations के protocols क्या हैं?","Training resources utilize करें, facility access coordinate करें, training schedules manage करें, और training readiness maintain करें।"
"Marine emergency repair services के साथ ocean rescue equipment maintenance कैसे coordinate करें?","Maintenance schedules establish करें, repair procedures coordinate करें, equipment availability manage करें, और maintenance quality ensure करें।"
"Marine emergency logistics management के साथ ocean rescue operation coordination के key elements क्या हैं?","Logistics planning, resource coordination, supply chain management, distribution procedures, और operational efficiency।"
"Question","Answer"
"Marine emergency public health services के साथ rescue operations में emergency managers coordination कैसे establish करें?","Health authorities contact करें, health assessments coordinate करें, health risks manage करें, और public health protection ensure करें।"
"Marine emergency social services के साथ ocean rescue operations के protocols क्या हैं?","Victim services coordinate करें, family assistance manage करें, social support provide करें, और service continuity ensure करें।"
"Marine emergency environmental services के साथ ocean rescue operations कैसे coordinate करें?","Environmental assessment coordinate करें, environmental risks manage करें, protection measures implement करें, और environmental compliance ensure करें।"
"Marine emergency legal services के साथ ocean rescue operation coordination के essential elements क्या हैं?","Legal compliance, documentation requirements, liability management, regulatory coordination, और legal consultation।"
"Marine emergency financial services के साथ rescue operations में rescue teams coordination कैसे establish करें?","Funding sources coordinate करें, operational costs manage करें, billing procedures establish करें, और financial accountability ensure करें।"
"Marine emergency technology support के साथ ocean rescue operations coordination के factors क्या हैं?","Technology requirements, support availability, deployment procedures, maintenance needs, और operational integration।"
"Marine emergency volunteer organizations के साथ rescue operations में effective coordination कैसे establish करें?","Volunteer deployment coordinate करें, volunteer activities manage करें, volunteer support provide करें, और volunteer safety ensure करें।"
"Marine emergency research and development services के साथ ocean rescue operations के protocols क्या हैं?","Technology deployment coordinate करें, research activities manage करें, research resources utilize करें, और innovation development support करें।"
"Marine emergency international aid organizations के साथ rescue operations में emergency coordinators coordination कैसे manage करें?","International assistance coordinate करें, aid distribution manage करें, operational coordination ensure करें, और diplomatic protocols maintain करें।"
"Ocean warming tropical storms को कैसे और तीव्र बनाता है?","Warmer ocean temperatures storms formation के लिए अधिक energy प्रदान करते हैं, जिससे तेज़ हवाएँ, अधिक rainfall, और rapid intensification होता है।"
"Storms में rapid intensification क्या है और climate change इसे कैसे प्रभावित कर रहा है?","Rapid intensification तब होता है जब 24 घंटे में storm winds 35 mph या उससे अधिक बढ़ती हैं, और यह warmer ocean temperatures और atmospheric conditions के कारण अधिक आम हो रहा है।"
"Climate change के कारण marine heatwaves कितनी अधिक frequent हो रही हैं?","Rising ocean temperatures लंबी अवधि के unusually warm water periods create करती हैं जो marine ecosystems और weather patterns को disrupt करती हैं।"
"Climate change के कारण unusual ocean phenomena कौनसे उभर रहे हैं?","Unprecedented algal blooms, extreme marine heatwaves, abnormal current patterns, unexpected storm tracks, और novel ecosystem disruptions।"
"Ocean acidification coastal hazard preparedness को कैसे प्रभावित करता है?","Ocean acidification coral reefs और shellfish beds को कमजोर करता है जो coastlines को natural protection देते हैं, जिससे wave damage और storm surge के प्रति vulnerability बढ़ जाती है।"
"Global ocean hazard patterns में Arctic ice loss की भूमिका क्या है?","Arctic ice loss global ocean circulation disrupt करता है, जिससे storm tracks alter हो सकते हैं, weather patterns intensify हो सकते हैं, और coastal currents worldwide प्रभावित हो सकते हैं।"
"Climate change storm seasons को कैसे बदल रहा है?","Storm seasons लंबी हो रही हैं, पहले शुरू हो रही हैं, बाद में खत्म हो रही हैं, और traditional peak periods के बाहर अधिक intense storms उत्पन्न हो रही हैं।"
"Climate change और rogue wave formation के बीच संबंध क्या है?","Changing wind patterns और ocean temperatures extreme wave conditions की संभावना बढ़ा सकते हैं जो dangerous rogue waves उत्पन्न करती हैं।"
"Changing ocean currents regional hazard risks को कैसे प्रभावित कर रहे हैं?","Altered currents storm paths shift कर सकते हैं, coastal erosion patterns बदल सकते हैं, local climate conditions प्रभावित कर सकते हैं, और marine hazards geographically redistribute हो सकते हैं।"
"Intensified ocean hazards के लिए coastal communities कौनसे adaptation strategies अपना सकते हैं?","Improved early warning systems, resilient infrastructure design, ecosystem-based protection, flexible evacuation plans, और community education programs।"
"Atlantic Meridional Overturning Circulation weakening ocean hazards को कैसे प्रभावित करता है?","AMOC weakening regional storms intensify कर सकता है, precipitation patterns alter कर सकता है, coastal temperatures प्रभावित कर सकता है, और storm development areas बदल सकता है।"
"Compound climate events क्या हैं और वे ocean hazard risks कैसे बढ़ाते हैं?","Compound events एक साथ multiple hazards combine करते हैं जैसे high tides, storms, और heavy rainfall, जिससे individual events से अधिक severe impacts उत्पन्न होते हैं।"
"Climate change ocean upwelling events की intensity को कैसे प्रभावित कर रहा है?","Changing wind patterns और ocean temperatures upwelling strength को बदलते हैं, marine ecosystems को प्रभावित करते हैं, और नए hazardous conditions create कर सकते हैं।"
"Changing ocean hazards के लिए long-term infrastructure adaptations क्या आवश्यक हैं?","Elevated structures, improved drainage systems, flexible seawalls, nature-based barriers, और multiple hazard scenarios के लिए designed infrastructure।"
"Ocean temperature anomalies नए hazard patterns कैसे create करते हैं?","Unusual temperature distributions storms spawn कर सकते हैं unexpected locations में, paths alter कर सकते हैं, और unprecedented marine conditions create कर सकते हैं।"
"Ocean stratification storms intensification में क्या भूमिका निभाती है?","Warming के कारण increased ocean stratification heat को surface के पास concentrate करता है, जिससे storms के लिए अधिक energy मिलती है और intensification बढ़ता है।"
"Climate effects के कारण oceans में precipitation patterns कैसे बदल रहे हैं?","Climate change अधिक extreme precipitation events, longer dry periods, और rainfall patterns shift करता है जो ocean-atmosphere interactions को प्रभावित करता है।"
"Changing ocean hazards के लिए ports कौनसे adaptation measures implement कर सकते हैं?","Flexible port designs, improved drainage, elevated infrastructure, enhanced weather monitoring, और diversified supply chain routes।"
"Climate change ocean hazards predictability को कैसे प्रभावित करता है?","Changing baseline conditions historical patterns को कम reliable बनाती हैं, जिससे updated forecasting models और adaptive prediction systems की आवश्यकता होती है।"
"Changing storm tracks coastal planning के लिए क्या implications हैं?","Communities hazards का सामना कर सकती हैं जो पहले अनुभव नहीं किए थे, requiring updated risk assessments, new preparation strategies, और expanded warning systems।"
"Marine ecosystem changes ocean hazard development को कैसे influence करती हैं?","Ecosystem disruptions local weather patterns alter कर सकते हैं, natural coastal protection प्रभावित कर सकते हैं, और नए sources of marine hazards create कर सकते हैं।"
"Atmospheric river intensification coastal hazards में क्या भूमिका निभाता है?","Climate change atmospheric rivers को अधिक intense बनाता है, extreme precipitation और flooding coastal areas में लाता है जो पहले कम प्रभावित थे।"
"Early warning systems evolving ocean hazard patterns के लिए कैसे adapt कर सकते हैं?","Climate projections incorporate करें, machine learning use करें pattern recognition के लिए, monitoring networks expand करें, और scenario-based alert systems develop करें।"
"Global temperature rise और extreme wave heights के बीच connection क्या है?","Higher temperatures अधिक energetic weather systems create करते हैं जो larger waves और more extreme sea states उत्पन्न करते हैं।"
"Thermocline changes ocean hazard formation को कैसे प्रभावित कर रहे हैं?","Deeper, more stable thermoclines surface heat को concentrate करती हैं, storms के लिए अधिक energy प्रदान करती हैं, और storm characteristics alter कर सकती हैं।"
"Future ocean hazard patterns की uncertainty address करने के लिए adaptation strategies क्या हैं?","Flexible infrastructure design, adaptive management approaches, scenario planning, resilient ecosystems, और robust early warning systems।"
"Extreme high tide events की frequency climate change से कैसे प्रभावित होती है?","Rising baseline sea levels और changing storm patterns extreme high tide flooding की frequency और severity बढ़ाते हैं।"
"Changing ocean pH levels coastal hazards के लिए क्या implications हैं?","Ocean acidification natural coastal defenses जैसे coral reefs और shellfish beds को कमजोर करता है, जिससे wave action और storms के प्रति vulnerability बढ़ जाती है।"
"Coastal communities unprecedented ocean events के लिए resilience कैसे build कर सकती हैं?","Adaptive capacity develop करें, ecosystem health maintain करें, flexible infrastructure create करें, monitoring systems enhance करें, और community preparedness build करें।"
"Changing salinity ocean hazard development में क्या भूमिका निभाती है?","Altered salinity patterns ocean density और circulation को प्रभावित करती हैं, potentially storm formation areas और intensity patterns बदल सकती हैं।"
"Extreme weather events over oceans अधिक frequent कैसे हो रहे हैं?","Warmer conditions extreme events के लिए अधिक energy provide करती हैं, जिससे intense storms, heatwaves, और unusual weather patterns की frequency बढ़ती है।"
"Evolving ocean hazards के लिए long-term monitoring systems क्या आवश्यक हैं?","Expanded buoy networks, satellite monitoring, autonomous underwater vehicles, coastal radar systems, और integrated data platforms।"
"Ice sheet melting ocean hazard patterns को कैसे बदलता है?","Melting ice से freshwater ocean circulation को प्रभावित करता है, potentially storm tracks alter करता है, regional weather intensify करता है, और new hazard zones create करता है।"
"Changing ocean hazards के लिए building codes adapt करने में क्या challenges हैं?","Standards update करना uncertain future conditions के लिए, costs और benefits balance करना, regional variations address करना, और regulatory compliance ensure करना।"
"Changing wind patterns over oceans hazard development को कैसे प्रभावित करते हैं?","Altered wind patterns storm formation areas shift कर सकते हैं, storm tracks बदल सकते हैं, wave generation प्रभावित कर सकते हैं, और नए areas of marine hazards create कर सकते हैं।"
"Ocean deoxygenation new marine hazards create करने में क्या भूमिका निभाता है?","Oxygen-depleted zones marine life kill कर सकती हैं, toxic conditions create कर सकती हैं, और local weather patterns और coastal conditions को प्रभावित कर सकती हैं।"
"Ecosystem-based adaptation changing ocean hazards को address करने में कैसे मदद करता है?","Healthy ecosystems natural protection प्रदान करते हैं, changing conditions के अनुसार adapt होते हैं, flexible defense systems offer करते हैं, और community resilience support करते हैं।"
"Intensified ocean hazards के economic implications क्या हैं?","Higher infrastructure costs, increased insurance rates, economic disruption, और opportunities for resilient development और green technologies।"
"Climate change seasonal ocean hazards के timing को कैसे प्रभावित करता है?","Traditional seasonal patterns shift हो रहे हैं, hazards earlier, later, या normal seasons के बाहर हो रहे हैं, requiring adaptive planning approaches।"
"Feedback loops ocean hazard changes accelerate करने में क्या भूमिका निभाते हैं?","Positive feedback loops warming accelerate कर सकते हैं, storms intensify कर सकते हैं, और cascading effects create कर सकते हैं जो ocean hazard risks amplify करते हैं।"
"बदलते महासागरीय खतरों से निपटने के लिए तटीय दलदलों का प्रबंधन कैसे किया जा सकता है?","मौजूदा दलदलों की सुरक्षा करें, क्षतिग्रस्त क्षेत्रों को पुनर्स्थापित करें, प्राकृतिक प्रवासन की अनुमति दें, तलछट प्रवाह का प्रबंधन करें, और तटीय रक्षा प्रणालियों के साथ एकीकृत करें।"
"तटीय डिज़ाइन पर बदलते तूफ़ानी उभार पैटर्न के क्या प्रभाव हैं?","नए सर्पिल ऊंचाई और दिशा के कारण अद्यतन बाढ़ मानचित्र, संशोधित निर्माण मानक और परिवर्तित तटीय सुरक्षा प्रणालियों की आवश्यकता होती है।"
"जलवायु परिवर्तन महासागरीय मृत क्षेत्रों के निर्माण को कैसे प्रभावित करता है?","गर्म होने और बदलते पोषक तत्व प्रवाह के कारण ऑक्सीजन रहित क्षेत्र बढ़ जाते हैं, जिससे नए समुद्री खतरों का निर्माण हो सकता है और तटीय परिस्थितियों पर प्रभाव पड़ता है।"
"मछली पकड़ने वाले समुदाय बदलते महासागरीय खतरों का सामना करने के लिए कौन सी अनुकूलन रणनीतियाँ अपनाते हैं?","विविध जीवन निर्वाह, लचीले मछली पकड़ने के तरीके, बेहतर मौसम जानकारी, वैकल्पिक आय स्रोत, और सामुदायिक समर्थन प्रणालियाँ।"
"बदलते महासागरीय खतरों की भविष्यवाणी के लिए जलवायु मॉडल कैसे सुधारे जा रहे हैं?","अधिक डेटा स्रोतों को शामिल करना, संकल्प में सुधार, फीडबैक तंत्र जोड़ना, और बेहतर पूर्वानुमान के लिए कृत्रिम बुद्धिमत्ता का उपयोग।"
"खतरे की तीव्रता में महासागर-वायुमंडल कूपलिंग की क्या भूमिका है?","गर्म होते महासागरों और वायुमंडल के बीच मजबूत संबंध अधिक तीव्र मौसम प्रणाली और खतरों को बढ़ाने वाले फीडबैक लूप पैदा कर सकते हैं।"
"बदलते महासागरीय खतरों के जोखिम के लिए बीमा प्रणाली कैसे अनुकूल हो सकती है?","गतिशील जोखिम मूल्यांकन, अद्यतन गणितीय मॉडल, जलवायु-जानकारी आधारित मूल्य निर्धारण, अनुकूलन प्रोत्साहन, और नवाचारी जोखिम हस्तांतरण तंत्र।"
"बदलते महासागरीय खतरों पर अंतरराष्ट्रीय सहयोग में क्या चुनौतियाँ हैं?","विभिन्न राष्ट्रीय हितों का समन्वय, डेटा और संसाधनों का साझा करना, सीमा-पार प्रभावों का समाधान, और सामान्य मानकों का विकास।"
"जलवायु परिवर्तन तूफ़ान की गति को कैसे प्रभावित करता है?","कुछ अध्ययन सुझाव देते हैं कि तूफ़ान धीरे-धीरे चल सकते हैं, जिससे प्रभाव लंबा हो जाता है, वर्षा बढ़ती है और खतरे का समय बढ़ता है।"
"प्राकृतिक जलवायु चक्र बदलते महासागरीय खतरों में क्या भूमिका निभाते हैं?","जलवायु परिवर्तन प्राकृतिक चक्रों जैसे एल नीनो के साथ इंटरैक्ट करता है, जो समुद्री खतरे के पैटर्न को बढ़ा या बदल सकता है।"
"बदलते महासागरीय खतरे के पैटर्न के लिए तटीय पर्यटन कैसे अनुकूल हो सकता है?","लचीली मौसमी योजना, बेहतर मौसम निगरानी, मजबूत अवसंरचना, वैकल्पिक गतिविधियाँ, और पर्यटक शिक्षा कार्यक्रम।"
"गहरे महासागर धाराओं में बदलाव सतही खतरों पर क्या प्रभाव डालता है?","गहरे समुद्री धाराओं में बदलाव सतही तापमान, तूफ़ान निर्माण और क्षेत्रीय जलवायु पैटर्न को प्रभावित कर सकता है, जिससे नए खतरे उत्पन्न हो सकते हैं।"
"जलवायु परिवर्तन ज्वार और तूफ़ान प्रभावों के बीच संबंध को कैसे प्रभावित करता है?","उच्च आधारभूत समुद्र स्तर ज्वारीय प्रभावों को बढ़ाता है, जिससे उच्च ज्वार बाढ़ और तूफ़ानी उभार के प्रभाव अधिक गंभीर हो जाते हैं।"
"बदलते महासागरीय खतरों से निपटने के लिए शिपिंग उद्योग कौन सी अनुकूलन उपाय अपनाता है?","मार्ग लचीलापन, बेहतर मौसम पूर्वानुमान, मजबूत जहाज डिजाइन, वैकल्पिक बंदरगाह, और उन्नत संचार प्रणालियाँ।"
"वैश्विक तापमान परिवर्तन के कारण अप्रत्याशित महासागरीय घटनाओं का अध्ययन वैज्ञानिक कैसे कर रहे हैं?","उन्नत निगरानी प्रणाली, कंप्यूटर मॉडलिंग, ऐतिहासिक विश्लेषण, वास्तविक समय डेटा संग्रह, और अंतरराष्ट्रीय अनुसंधान सहयोग।"
"महासागरीय खतरे में पर्माफ्रॉस्ट पिघलने की क्या भूमिका है?","पर्माफ्रॉस्ट के पिघलने से कार्बन और मीठा पानी निकलता है, जो महासागर संचलन, तूफ़ान पैटर्न, और तटीय स्थिरता को प्रभावित कर सकता है।"
"बदलते महासागरीय खतरों से तटीय कृषि कैसे अनुकूल हो सकती है?","लवण-प्रतिरोधी फसलें, बेहतर जल निकासी, सुरक्षात्मक बाधाएँ, विविध खेती, और जलवायु-प्रतिरोधी कृषि प्रथाएँ।"
"जलवायु प्रभाव के कारण महासागर के रंग में बदलाव के क्या निहितार्थ हैं?","महासागर के रंग में बदलाव पारिस्थितिकी तंत्र में बदलाव का संकेत देते हैं, जो स्थानीय मौसम, समुद्री उत्पादकता, और संभावित खतरों को प्रभावित कर सकते हैं।"
"जलवायु परिवर्तन वॉटरस्पॉट और महासागरीय टॉर्नेडो के निर्माण को कैसे प्रभावित करता है?","बदलते तापमान अंतर और वायुमंडलीय परिस्थितियाँ इन समुद्री मौसम घटनाओं की आवृत्ति और तीव्रता को बदल सकती हैं।"
"महासागरीय खतरे के विकास में माइक्रोप्लास्टिक्स की क्या भूमिका है?","हालांकि यह मुख्यतः पर्यावरणीय मुद्दा है, माइक्रोप्लास्टिक्स महासागर भौतिकी को प्रभावित कर सकते हैं और संभावित रूप से छोटे पैमाने पर मौसम पैटर्न को प्रभावित कर सकते हैं।"
"बदलते महासागरीय खतरे के पैटर्न के लिए आपातकालीन प्रबंधन प्रणाली कैसे अनुकूल हो सकती है?","लचीले प्रतिक्रिया योजनाएँ, अद्यतन जोखिम मूल्यांकन, बेहतर पूर्वानुमान, समुदाय शिक्षा, और अनुकूल संसाधन आवंटन।"
"बदलते महासागरीय खतरों से सांस्कृतिक धरोहर स्थलों की सुरक्षा में क्या चुनौतियाँ हैं?","संरक्षण और अनुकूलन के बीच संतुलन, सीमित संसाधन, जटिल निर्णय लेना, और भविष्य की अनिश्चितताओं का सामना।"
"जलवायु परिवर्तन नदियों और तटीय खतरों के बीच संबंध को कैसे प्रभावित करता है?","बदलते वर्षा पैटर्न नदी प्रवाह को प्रभावित करते हैं, जो तटीय तूफ़ानों के साथ मिलकर संयुक्त बाढ़ की घटनाएँ पैदा कर सकते हैं।"
"बदलते महासागरीय मौसम को प्रबंधित करने में क्लाउड सीडिंग की क्या भूमिका है?","हालांकि यह प्रयोगात्मक है, क्लाउड सीडिंग वर्षा पैटर्न को प्रबंधित करने में मदद कर सकती है और तूफ़ान विकास को प्रभावित कर सकती है।"
"बदलते महासागरीय खतरों के लिए तटीय परिवहन प्रणाली कैसे अनुकूल हो सकती है?","ऊँची अवसंरचना, वैकल्पिक मार्ग, बेहतर निर्माण सामग्री, लचीला समय-सारणी, और उन्नत निगरानी प्रणाली।"
"तटीय सुरक्षा के लिए बदलते महासागरीय तरंग ऊर्जा के क्या निहितार्थ हैं?","अधिक तरंग ऊर्जा मजबूत तटीय रक्षा की आवश्यकता है, लेकिन यह तरंग ऊर्जा उत्पादन और प्राकृतिक सुरक्षा के अवसर भी प्रदान करती है।"
"जलवायु परिवर्तन महासागरीय कोहरे और दृश्यता खतरों के निर्माण को कैसे प्रभावित करता है?","बदलते तापमान अंतर कोहरे के निर्माण पैटर्न को बदल सकते हैं, जिससे नेविगेशन में नए खतरे पैदा हो सकते हैं और तटीय परिस्थितियों पर प्रभाव पड़ता है।"
"बदलते खतरों के लिए तटीय ऊर्जा अवसंरचना कौन सी अनुकूलन रणनीति अपना सकती है?","मजबूत डिजाइन मानक, ऊँची स्थापना, विविध ऊर्जा स्रोत, बेहतर कूलिंग सिस्टम, और लचीली संचालन प्रणालियाँ।"
"बदलते महासागरीय खतरों के लिए समुद्री संरक्षित क्षेत्रों का प्रबंधन कैसे किया जा रहा है?","अनुकूलन प्रबंधन दृष्टिकोण, जलवायु-प्रतिरोधी डिज़ाइन, पारिस्थितिकी कनेक्टिविटी, और खतरा न्यूनीकरण योजना के साथ एकीकरण।"
"महासागरीय खतरे के बदलाव को प्रबंधित करने में भू-इंजीनियरिंग की क्या भूमिका है?","प्रस्तावित तकनीकें महासागर क्षारीकरण और समुद्री क्लाउड ब्राइटनिंग शामिल हैं, लेकिन ये अभी भी प्रयोगात्मक हैं और प्रभाव अनिश्चित हैं।"
"बदलते महासागरीय खतरों के लिए तटीय जल उपचार प्रणाली कैसे अनुकूल हो सकती है?","ऊँची सुविधाएँ, बेहतर तूफ़ान प्रतिरोध, वैकल्पिक जल स्रोत, उन्नत उपचार प्रक्रियाएँ, और आपातकालीन बैकअप सिस्टम।"
"बदलते महासागरीय खतरों के लिए महासागर शोर स्तर के क्या निहितार्थ हैं?","अधिक जहाज और औद्योगिक गतिविधि ध्वनिक निगरानी प्रणालियों में हस्तक्षेप कर सकती है, जो खतरे की पहचान और समुद्री अनुसंधान को प्रभावित कर सकती हैं।"
"जलवायु परिवर्तन तटीय क्षेत्रों में बर्फीले तूफ़ानों के निर्माण को कैसे प्रभावित करता है?","बदलते तापमान पैटर्न उत्तरी क्षेत्रों में तटीय बर्फीले तूफ़ानों की आवृत्ति और तीव्रता को बदल सकते हैं।"
"तटीय शहरों में शहरी हीट आइलैंड महासागरीय खतरे के विकास में क्या भूमिका निभाते हैं?","तटीय शहर तापमान असामान्यताएँ पैदा करते हैं, जो स्थानीय मौसम पैटर्न, तूफ़ान विकास, और समुद्री परिस्थितियों को प्रभावित कर सकते हैं।"
"बदलते महासागरीय खतरों के लिए तटीय अपशिष्ट प्रबंधन कैसे अनुकूल हो सकता है?","तूफ़ान-प्रतिरोधी सुविधाएँ, ऊँची अवसंरचना, बेहतर आपातकालीन प्रक्रियाएँ, और वैकल्पिक अपशिष्ट प्रसंस्करण विधियाँ।"
"बदलते खतरों के दौरान तटीय नेविगेशन सहायक उपकरण बनाए रखने में क्या चुनौतियाँ हैं?","अधिक बार तूफ़ान से क्षति, बदलते जल स्तर, परिवर्तित चैनल, और बढ़ती रखरखाव आवश्यकताएँ।"
"जलवायु परिवर्तन बर्फ के टूटने और तटीय खतरों के समय को कैसे प्रभावित करता है?","ध्रुवीय क्षेत्रों में जल्दी बर्फ का टूटना नए खतरे उत्पन्न कर सकता है, नेविगेशन को प्रभावित कर सकता है और तटीय सुरक्षा को बदल सकता है।"
"अत्यधिक घटनाओं के दौरान तटीय समुदायों की पहुँच बनाए रखने के लिए कौन सी अनुकूलन रणनीतियाँ हैं?","कई परिवहन मार्ग, जल-स्थल वाहन, बेहतर संचार, आपातकालीन आपूर्ति, और लचीली निकासी योजनाएँ।"
"बदलते महासागरीय खतरों से तटीय भूमिगत जल प्रणालियाँ कैसे प्रभावित होती हैं?","उच्च समुद्र स्तर और तूफ़ानों के कारण खारे पानी का रिसाव बढ़ता है, जिसके लिए अनुकूलित जल प्रबंधन और उपचार प्रणाली की आवश्यकता होती है।"
"बदलते महासागरीय खतरों की भविष्यवाणी में कृत्रिम बुद्धिमत्ता की क्या भूमिका है?","एआई जटिल पैटर्न का विश्लेषण करने, बड़े डेटा सेट को संसाधित करने, उभरते रुझानों की पहचान करने, और बदलते हालात के लिए पूर्वानुमान सटीकता सुधारने में मदद करता है।"
"बदलते महासागरीय खतरों के पैटर्न के लिए तटीय मनोरंजन क्षेत्रों को कैसे अनुकूल बनाया जा सकता है?","लचीला सुविधा डिज़ाइन, बेहतर चेतावनी प्रणाली, वैकल्पिक गतिविधियाँ, मौसमी समायोजन, और पर्यटक शिक्षा कार्यक्रम।"
"बदलते महासागरीय प्रवाह के कारण समुद्री मलबे के पैटर्न पर क्या प्रभाव पड़ता है?","बदलते प्रवाह मलबे के जमाव को बदल सकते हैं, नए तटीय खतरों का निर्माण कर सकते हैं और सफाई रणनीतियों को प्रभावित कर सकते हैं।"
"जलवायु परिवर्तन तटीय अपवर्तन और अवनवर्तन के निर्माण को कैसे प्रभावित करता है?","बदलते वायु प्रवाह अपवर्तन स्थान और तीव्रता को बदल सकते हैं, जिससे स्थानीय समुद्री परिस्थितियाँ और मौसम पैटर्न प्रभावित होते हैं।"
"बदलते महासागरीय खतरों के लिए तटीय अस्पताल कौन से अनुकूलन उपाय अपनाते हैं?","आपातकालीन बैकअप सिस्टम, ऊँची महत्वपूर्ण सुविधाएँ, बेहतर संचार, वैकल्पिक पहुँच मार्ग, और बढ़ी हुई तूफ़ान क्षमता।"
"बदलते महासागरीय खतरे के लिए तटीय जंगल कैसे प्रबंधित किए जा रहे हैं?","लवण-प्रतिरोधी प्रजातियों का चयन, हवा से सुरक्षा के लिए रणनीतिक पौधारोपण, पारिस्थितिकी कनेक्टिविटी, और अनुकूल वन प्रबंधन।"
"बदलते महासागरीय खतरे के पैटर्न की निगरानी में ज्वार गेज की क्या भूमिका है?","आधुनिक ज्वार गेज नेटवर्क समुद्र स्तर में बदलाव, तूफ़ानी उभार की ऊँचाई, और दीर्घकालिक रुझान पर वास्तविक समय डेटा प्रदान करते हैं।"
"बदलते महासागरीय खतरों के लिए तटीय खनन संचालन कैसे अनुकूल हो सकते हैं?","लचीला संचालन समय-सारणी, बेहतर तूफ़ान सुरक्षा, वैकल्पिक परिवहन, उन्नत निगरानी, और आपातकालीन प्रतिक्रिया योजना।"
"बदलते महासागरीय खतरों पर क्षेत्रीय प्रतिक्रिया का समन्वय करने में क्या चुनौतियाँ हैं?","विभिन्न राष्ट्रीय नीतियाँ, भिन्न अनुकूलन क्षमता, साझा संसाधन, संचार बाधाएँ, और विरोधाभासी प्राथमिकताएँ।"
"जलवायु परिवर्तन तटीय निम्न-दबाव प्रणालियों के निर्माण को कैसे प्रभावित करता है?","बदलते तापमान अंतर तटीय तूफ़ानों के विकास के स्थान और तरीके को बदल सकते हैं, जिससे नए खतरे उत्पन्न हो सकते हैं।"
"बदलते महासागरीय खतरों के लिए तटीय स्कूल कौन सी अनुकूलन रणनीतियाँ अपनाते हैं?","मजबूत भवन डिज़ाइन, लचीला अकादमिक कैलेंडर, आपातकालीन संचार प्रणाली, वैकल्पिक स्थान, और छात्र सुरक्षा प्रोटोकॉल।"
"तटीय पक्षी प्रवासन पैटर्न महासागरीय खतरों में बदलाव को कैसे सूचित कर रहे हैं?","परिवर्तित प्रवासन मार्ग और समय बदलते हवा के पैटर्न, तूफ़ान की आवृत्ति और महासागरीय परिस्थितियों को संकेत दे सकते हैं।"
"बदलते महासागरीय खतरों के अनुकूलन में तटीय टीलों की क्या भूमिका है?","टीलें प्राकृतिक सुरक्षा प्रदान करती हैं जो बदलती परिस्थितियों के अनुसार अनुकूल हो सकती हैं, लेकिन समुद्र स्तर में वृद्धि और बढ़ते तूफ़ानों के लिए प्रबंधन की आवश्यकता होती है।"
"बदलते महासागरीय खतरे के पैटर्न के लिए तटीय विनिर्माण कैसे अनुकूल हो सकता है?","मजबूत सुविधा डिज़ाइन, लचीली आपूर्ति श्रृंखलाएँ, वैकल्पिक परिवहन, बेहतर पूर्वानुमान और आपातकालीन प्रतिक्रिया क्षमता।"
"बदलते महासागरीय खतरों के लिए तटीय अवसंरचना पर महासागर रसायन विज्ञान में बदलाव के क्या प्रभाव हैं?","महासागर अम्लीकरण और बदलती रसायन विज्ञान तटीय अवसंरचना के क्षरण को तेज कर सकते हैं, जिसके लिए नए सामग्री और डिज़ाइन की आवश्यकता होती है।"
"जलवायु परिवर्तन तटीय सीमा परत घटनाओं के निर्माण को कैसे प्रभावित करता है?","तापमान अंतर में बदलाव वायुमंडलीय परिस्थितियों को प्रभावित करता है, जो स्थानीय मौसम, हवा के पैटर्न और खतरे के विकास को प्रभावित कर सकता है।"
"बदलते खतरों के लिए तटीय वृद्ध देखभाल सुविधाओं को तैयार करने के कौन से अनुकूलन उपाय हैं?","उन्नत निकासी प्रक्रियाएँ, बैकअप पावर सिस्टम, चिकित्सा आपूर्ति प्रबंधन, संचार प्रणाली और कर्मचारी प्रशिक्षण कार्यक्रम।"
"बदलते महासागरीय खतरों के कारण तटीय बालू के पैटर्न कैसे बदल रहे हैं?","मजबूत तूफ़ान और बदलते तरंग पैटर्न तलछट परिवहन को बदलते हैं, जिससे समुद्र तट प्रोफ़ाइल और तटीय सुरक्षा प्रभावित होती है।"
"खतरे के अनुकूलन में तटीय वनस्पति परिवर्तनों की क्या भूमिका है?","वनस्पति परिवर्तनों से जलवायु प्रभावों का संकेत मिलता है और प्राकृतिक तटीय सुरक्षा प्रभावित होती है, जिसके लिए अनुकूलित भूमि प्रबंधन आवश्यक है।"
"बदलते महासागरीय खतरों के लिए तटीय धार्मिक और सांस्कृतिक स्थलों को कैसे अनुकूल बनाया जा सकता है?","सम्मानजनक सुरक्षा उपाय, समुदाय की भागीदारी, लचीले समारोह, वैकल्पिक स्थान और सांस्कृतिक निरंतरता की योजना।"
"बदलते खतरों के दौरान तटीय संचार प्रणाली बनाए रखने में क्या चुनौतियाँ हैं?","अधिक बार तूफ़ान क्षति, खारे पानी से क्षरण, बिजली कटौती, और दोहराए जाने वाले सिस्टम और उन्नत सुरक्षा की आवश्यकता।"
"जलवायु परिवर्तन तटीय हवा के पैटर्न के निर्माण को कैसे प्रभावित करता है?","बदलते तापमान अंतर स्थानीय वायु प्रणालियों को बदलते हैं, जो तूफ़ान विकास, तरंग निर्माण और खतरे के पैटर्न को प्रभावित कर सकते हैं।"
"बदलते खतरे के पैटर्न से निपटने के लिए तटीय आपातकालीन सेवाओं की कौन सी अनुकूलन रणनीतियाँ हैं?","उन्नत उपकरण, बेहतर प्रशिक्षण, लचीला तैनाती, वैकल्पिक सुविधाएँ और अंतर-एजेंसी सहयोग समझौते।"
"बदलते महासागरीय खतरे की जागरूकता के कारण तटीय संपत्ति मूल्यों पर क्या प्रभाव पड़ रहा है?","जलवायु जोखिम के प्रति बढ़ती जागरूकता रियल एस्टेट बाजार, बीमा लागत और खतरे-प्रवण क्षेत्रों में विकास पैटर्न को प्रभावित करती है।"
"खतरे के विकास को ट्रैक करने में तटीय निगरानी स्टेशनों की क्या भूमिका है?","स्वचालित स्टेशन बदलती परिस्थितियों पर निरंतर डेटा प्रदान करते हैं, जिससे दीर्घकालिक रुझानों का पता चलता है और खतरे की भविष्यवाणी में सुधार होता है।"
"बदलते महासागरीय खतरे के पैटर्न के लिए तटीय अनुसंधान सुविधाएँ कैसे अनुकूल हो सकती हैं?","मजबूत अवसंरचना, लचीला अनुसंधान कार्यक्रम, वैकल्पिक डेटा संग्रह, उन्नत सुरक्षा और सहयोगात्मक नेटवर्क।"
"खतरे के विकास के लिए महासागर सतह की खुरदरापन में बदलाव के क्या प्रभाव हैं?","सतह की खुरदरापन हवा-तरंग इंटरैक्शन को प्रभावित करती है, जिससे तूफ़ान तीव्रता और तरंग निर्माण पैटर्न बदल सकते हैं।"
"जलवायु परिवर्तन तटीय जैविक प्रक्रियाओं के समय को कैसे प्रभावित करता है?","बदलते जैविक चक्र पर्यावरण परिवर्तन का संकेत देते हैं और पारिस्थितिकी-आधारित तटीय सुरक्षा प्रणालियों को प्रभावित कर सकते हैं।"
"बदलते खतरे के लिए तटीय खुदरा व्यवसाय कौन से अनुकूलन उपाय अपनाते हैं?","लचीला स्टॉक, बेहतर पूर्वानुमान, वैकल्पिक आपूर्तिकर्ता, मजबूत सुविधाएँ और आपातकालीन व्यावसायिक निरंतरता योजनाएँ।"
"बदलते महासागरीय खतरों के लिए तटीय मत्स्य पालन प्रबंधन प्रथाएँ कैसे अनुकूल हो रही हैं?","लचीले मछली पकड़ने के मौसम, वैकल्पिक प्रजातियों पर ध्यान, बेहतर मौसम निगरानी, मजबूत प्रसंस्करण सुविधाएँ और अनुकूलित कोटा।"
"खतरे में बदलाव की निगरानी में तटीय नागरिक विज्ञान कार्यक्रमों की क्या भूमिका है?","समुदाय के पर्यवेक्षक स्थानीय बदलावों पर मूल्यवान डेटा प्रदान करते हैं, जिससे खतरे के विकास को ट्रैक करना और शुरुआती चेतावनी प्रणाली में सुधार करना संभव होता है।"
"बदलते महासागरीय खतरे के पैटर्न के लिए तटीय कानून प्रवर्तन कैसे अनुकूल हो सकता है?","उन्नत समुद्री क्षमताएँ, बेहतर संचार, लचीली तैनाती, विशेष प्रशिक्षण और अंतर-एजेंसी समन्वय।"
"बदलते महासागरीय खतरों के लिए तटीय क्षेत्रीय योजनाओं को अपडेट करने में क्या चुनौतियाँ हैं?","भविष्य की अनिश्चित परिस्थितियाँ, संपत्ति अधिकार मुद्दे, आर्थिक प्रभाव, राजनीतिक विचार और तकनीकी जटिलता।"
"जलवायु परिवर्तन तटीय वायुमंडलीय नदियों के निर्माण को कैसे प्रभावित करता है?","बदलते वायुमंडलीय पैटर्न तटीय क्षेत्रों को प्रभावित करने वाली वायुमंडलीय नदियों की आवृत्ति, तीव्रता और मार्ग को बदल सकते हैं।"
"परंपरागत प्रथाओं को बनाए रखने के लिए तटीय आदिवासी समुदाय कौन सी अनुकूलन रणनीतियाँ अपनाते हैं?","लचीला समय, वैकल्पिक स्थान, पारिस्थितिकी पुनर्स्थापना, पारंपरिक ज्ञान का समेकन और समुदाय आधारित अनुकूलन।"
"तटीय उपग्रह निगरानी प्रणाली महासागरीय खतरे में बदलाव को कैसे ट्रैक कर रही है?","उन्नत सेंसर समुद्र सतह का तापमान, तरंग ऊँचाई, प्रवाह पैटर्न और वायुमंडलीय परिस्थितियों की वास्तविक समय में निगरानी करते हैं।"
"बदलते महासागरीय खतरों के अनुकूलन में तटीय साझेदारी की क्या भूमिका है?","सहयोगात्मक योजना, संसाधन साझा करना, ज्ञान का आदान-प्रदान, समन्वित प्रतिक्रिया और एकीकृत अनुकूलन रणनीतियाँ।"
"बदलते महासागरीय खतरे के पैटर्न के लिए तटीय नवीकरणीय ऊर्जा परियोजनाएँ कैसे अनुकूल हो सकती हैं?","मजबूत डिज़ाइन मानक, लचीली संचालन, बेहतर पूर्वानुमान, उन्नत सुरक्षा और अनुकूलन योग्य रखरखाव कार्यक्रम।"
"बदलते महासागरीय पारेषण के कारण तटीय खतरे के विकास के क्या निहितार्थ हैं?","बदलते पारेषण पैटर्न मिश्रण, तापमान वितरण को प्रभावित कर सकते हैं और स्थानीय मौसम तथा तूफ़ान निर्माण को प्रभावित कर सकते हैं।"
"जलवायु परिवर्तन तटीय मौसम चरम की भविष्यवाणी क्षमता को कैसे प्रभावित करता है?","बदलती आधारभूत परिस्थितियाँ ऐतिहासिक पैटर्न की विश्वसनीयता को कम करती हैं, जिसके लिए नए पूर्वानुमान दृष्टिकोण और अनिश्चितता प्रबंधन की आवश्यकता होती है।"
"बदलते खतरों के लिए तटीय सार्वजनिक परिवहन प्रणाली कौन से अनुकूलन उपाय अपनाती है?","वैकल्पिक मार्ग, जल-स्थल क्षमता, बेहतर समय-सारणी, उन्नत संचार और आपातकालीन परिवहन प्रोटोकॉल।"
"बदलते महासागरीय खतरों के लिए तटीय मूंगा रीफ सिस्टम कैसे प्रतिक्रिया दे रहे हैं?","रीफ गर्मी, अम्लीकरण और तूफ़ानों से कई तनावों का सामना करते हैं, जिसके लिए सक्रिय प्रबंधन और पुनर्स्थापना प्रयास आवश्यक हैं।"
"खतरे के विकास का अध्ययन करने में तटीय शुरुआती करियर शोधकर्ताओं की क्या भूमिका है?","युवा वैज्ञानिक नई दृष्टिकोण, उन्नत तकनीक और ऊर्जा लाते हैं, जिससे तेजी से बदलते तटीय सिस्टम को समझने में मदद मिलती है।"
"बदलते महासागरीय खतरों के लिए तटीय श्मशान और कब्रिस्तान सेवाएँ कैसे अनुकूल हो सकती हैं?","ऊँची सुविधाएँ, वैकल्पिक स्थान, लचीला समय, बेहतर सुरक्षा और अनुकूलन योजना में सांस्कृतिक संवेदनशीलता।"
"बदलते महासागरीय खतरों के अनुकूलन के वित्तपोषण में क्या चुनौतियाँ हैं?","उच्च लागत, अनिश्चित रिटर्न, सीमित वित्तीय स्रोत, प्राथमिकताओं में प्रतिस्पर्धा, और दीर्घकालिक निवेश रणनीतियों की आवश्यकता।"
"जलवायु परिवर्तन तटीय वर्षा पैटर्न के निर्माण को कैसे प्रभावित करता है?","बदलती वायुमंडलीय परिस्थितियाँ तटीय क्षेत्रों में वर्षा के समय, स्थान और मात्रा को बदलती हैं, जो कई खतरों को प्रभावित करती हैं।"
"बदलते खतरों के लिए तटीय पूर्व सैनिक सेवाएँ कौन सी अनुकूलन रणनीतियाँ अपनाती हैं?","उन्नत सुविधाएँ, बेहतर संचार, वैकल्पिक स्थान, विशेष सहायता और आपातकालीन प्रतिक्रिया क्षमता।"
"बदलते महासागरीय खतरों पर अनुसंधान में तटीय विश्वविद्यालय कैसे योगदान दे रहे हैं?","बहुविषयक अनुसंधान, छात्र प्रशिक्षण, सामुदायिक साझेदारी, डेटा संग्रह और ज्ञान अनुवाद प्रयास।"
"बदलते खतरों के अनुकूलन में तटीय निर्माण सामग्री की क्या भूमिका है?","उन्नत सामग्री खारे पानी, हवा और बाढ़ का विरोध करती हैं और अनिश्चित भविष्य की परिस्थितियों के लिए लचीलापन प्रदान करती हैं।"
"बदलते महासागरीय खतरों के पैटर्न के लिए तटीय बाल देखभाल सुविधाएँ कैसे अनुकूल हो सकती हैं?","उन्नत सुरक्षा प्रोटोकॉल, लचीला समय-सारणी, वैकल्पिक स्थान, बेहतर संचार और विशेष निकासी प्रक्रियाएँ।"
"बदलते महासागरीय मिश्रण के कारण तटीय खतरे के विकास के क्या निहितार्थ हैं?","बदलते मिश्रण पैटर्न तापमान वितरण, पोषक तत्व चक्र और संभावित रूप से स्थानीय मौसम और तूफ़ान विशेषताओं को प्रभावित कर सकते हैं।"
"जलवायु परिवर्तन तटीय दबाव प्रणालियों के निर्माण को कैसे प्रभावित करता है?","बदलते तापमान अंतर वायुमंडलीय दबाव पैटर्न को बदलते हैं, जो तूफ़ान विकास और तटीय मौसम को प्रभावित कर सकते हैं।"
"बदलते खतरों के दौरान तटीय पुस्तकालय कौन से अनुकूलन उपाय अपनाते हैं?","जलवायु नियंत्रित संग्रह, डिजिटलीकरण परियोजनाएँ, वैकल्पिक स्थान, बेहतर सुरक्षा और समुदाय की पहुँच निरंतरता।"
"बदलते महासागरीय खतरों की निगरानी के लिए तटीय भूवैज्ञानिक सर्वेक्षण कैसे अनुकूल हो रहे हैं?","उन्नत निगरानी नेटवर्क, नई संवेदन प्रौद्योगिकियाँ, बेहतर मॉडलिंग और जलवायु परिवर्तन अनुसंधान के साथ एकीकरण।"
"बदलते खतरों के प्रति लचीलापन बनाने में तटीय युवा कार्यक्रमों की क्या भूमिका है?","शिक्षा पहल, कौशल निर्माण, सामुदायिक भागीदारी, नेतृत्व विकास और अंतर-पीढ़ी ज्ञान हस्तांतरण।"
"बदलते महासागरीय खतरे के पैटर्न के लिए तटीय बैंक और वित्तीय सेवाएँ कैसे अनुकूल हो सकती हैं?","मजबूत सुविधाएँ, वैकल्पिक स्थान, बेहतर जोखिम मूल्यांकन, लचीली संचालन और आपातकाल के दौरान ग्राहक समर्थन।"
"बदलते खतरों के दौरान तटीय ऐतिहासिक रिकॉर्ड बनाए रखने में क्या चुनौतियाँ हैं?","भौतिक संरक्षण, डिजिटलीकरण की आवश्यकता, वैकल्पिक भंडारण, पहुँच निरंतरता और सांस्कृतिक धरोहर संरक्षण।"
"जलवायु परिवर्तन तटीय और अंतर्देशीय मौसम प्रणालियों के बीच अंतःक्रिया को कैसे प्रभावित करता है?","बदलते तटीय परिस्थितियाँ समुद्री और स्थलीय मौसम के बीच सीमा को बदलती हैं, जो अंतर्देशीय क्षेत्रों को प्रभावित कर सकती हैं।"
"बदलते खतरों के लिए तटीय पालतू देखभाल सेवाएँ कौन सी अनुकूलन रणनीतियाँ अपनाती हैं?","आपातकालीन बोर्डिंग सुविधाएँ, निकासी प्रक्रियाएँ, मोबाइल सेवाएँ, बेहतर संचार और पशु कल्याण प्रोटोकॉल।"
"बदलती महासागरीय परिस्थितियों के लिए तटीय ज्वार भविष्यवाणी प्रणाली कैसे अनुकूल हो रही है?","अद्यतन मॉडल, वास्तविक समय सुधार, जलवायु प्रोजेक्शन, बेहतर सटीकता और तूफ़ान उभार पूर्वानुमान के साथ एकीकरण।"
"बदलते खतरों के प्रति लचीलापन बनाने में तटीय सामुदायिक बगीचों की क्या भूमिका है?","खाद्य सुरक्षा, सामुदायिक एकजुटता, पारिस्थितिकी सेवाएँ, शिक्षा के अवसर और अनुकूलित कृषि प्रथाएँ।"
"बदलते महासागरीय खतरे के पैटर्न के लिए तटीय ऑटोमोटिव सेवाएँ कैसे अनुकूल हो सकती हैं?","खारे पानी-प्रतिरोधी उपकरण, लचीली संचालन, वैकल्पिक स्थान, बेहतर सुरक्षा और आपातकालीन वाहन सेवाएँ।"
"बदलते महासागरीय तरंग स्पेक्ट्रा के तटीय इंजीनियरिंग पर क्या निहितार्थ हैं?","विभिन्न तरंग विशेषताओं के कारण अद्यतन डिज़ाइन मानक, नई सुरक्षा रणनीतियाँ और संशोधित तटीय इंजीनियरिंग दृष्टिकोण आवश्यक हैं।"
"जलवायु परिवर्तन तटीय संगम क्षेत्रों के निर्माण को कैसे प्रभावित करता है?","बदलते तापमान और दबाव पैटर्न हवा के द्रव्यमान के मिलने के स्थान को बदलते हैं, जिससे स्थानीय मौसम और खतरे का विकास प्रभावित हो सकता है।"
"बदलते खतरों के दौरान तटीय फार्मेसियों द्वारा सेवाएँ बनाए रखने के कौन से उपाय हैं?","आपातकालीन आपूर्ति, वैकल्पिक स्थान, बेहतर संचार, बैकअप पावर और दवा पहुँच निरंतरता।"
"बदलते खतरों पर तटीय पर्यावरण निगरानी कार्यक्रम कैसे पारिस्थितिकी तंत्र की प्रतिक्रिया को ट्रैक कर रहे हैं?","दीर्घकालिक डेटा संग्रह, संकेतक प्रजातियों की निगरानी, आवास मूल्यांकन और जलवायु परिवर्तन अनुसंधान के साथ एकीकरण।"
"बदलते खतरों के अनुकूलन में तटीय छोटे व्यवसायों की क्या भूमिका है?","आर्थिक लचीलापन, लचीली सेवाएँ, स्थानीय ज्ञान, सामुदायिक समर्थन और अनुकूलित व्यावसायिक प्रथाएँ।"
"बदलते महासागरीय खतरों के पैटर्न के लिए तटीय पूजा स्थलों द्वारा सुविधाएँ और सेवाएँ कैसे अनुकूल की जा सकती हैं?","मजबूत भवन डिज़ाइन, लचीला समय-सारणी, वैकल्पिक स्थान, सामुदायिक समर्थन भूमिकाएँ और आपातकालीन प्रतिक्रिया क्षमता।"
"Question","Answer"
"ସାଇକ୍ଲୋନ୍ କ’ଣ?","ଏକ ଘୂର୍ଣ୍ଣନଶୀଳ ଝଡ଼ ବ୍ୟବସ୍ଥା ଯାହାର କେନ୍ଦ୍ରରେ କମ୍ ଚାପ ଓ ଶକ୍ତିଶାଳୀ ବାତାସ ଥାଏ।"
"ସାଇକ୍ଲୋନ୍ କିପରି ଗଠିତ ହୁଏ?","ତାପମାନ ଉଚ୍ଚ ସମୁଦ୍ର ଜଳ ବାଷ୍ପୀକୃତ ହୁଏ, ଉଠିଥାଏ ଏବଂ କୋରିଓଲିସ୍ ପ୍ରଭାବରେ ଘୂରେ।"
"ସାଇକ୍ଲୋନ୍ ଗଠନ ପାଇଁ କେତେ ତାପମାନ ଆବଶ୍ୟକ?","କମ୍ ସେ କମ୍ 26.5°C (80°F) ସମୁଦ୍ର ପৃষ্ঠ ତାପମାନ।"
"ସାଇକ୍ଲୋନ୍, ଟାଇଫୁନ୍ ଓ ହରିକେନ୍ର ମଧ୍ୟରେ କ’ଣ ତଫାତ?","ସେହି ପ୍ରକୃତି ଘଟଣା, କେତେକ ଭିନ୍ନ ଅଞ୍ଚଳରେ: ପ୍ରଶାନ୍ତ (ଟାଇଫୁନ୍), ଏଟ୍ଲାଣ୍ଟିକ୍ (ହରିକେନ୍), ଭାରତୀୟ ସମୁଦ୍ର (ସାଇକ୍ଲୋନ୍)।"
"ସାଇକ୍ଲୋନ୍ର ଆଖି କ’ଣ?","ଶାନ୍ତ କେନ୍ଦ୍ର ଯାହାରେ ଖୁଲା ଆକାଶ ଓ ହଳୁକା ବାତାସ ଥାଏ।"
"ଆଖିବାହାର କ’ଣ?","ଆଖିର ଚାରିପାଶରେ ଥଣ୍ଡ ତୁଫାନର ଛୋଟ ଛୋଟ ଝଡ଼ ଯାହା ସବୁଠାରୁ ଶକ୍ତିଶାଳୀ ବାତାସ ସହିତ ଥାଏ।"
"ସ୍ପାଇରାଲ୍ ବର୍ଷା ବାନ୍ଡ କ’ଣ?","କେନ୍ଦ୍ରରୁ ବିସ୍ତାରିତ ମେଘ ଓ ବର୍ଷାର ମୁଡ଼ିଆ ବାନ୍ଡ।"
"ସାଇକ୍ଲୋନ୍ କିପରି ବର୍ଗୀକୃତ ହୁଏ?","ଅଧିକତମ ସସ୍ଥାୟୀ ବାତାସ ବେଗ ଅନୁଯାୟୀ, ସଫିର୍-ସିମ୍ପସନ୍ କିମ୍ବା ସମାନ ପ୍ରମାଣକ।"
"କ୍ୟାଟେଗୋରୀ 5 ହରିକେନ୍ କ’ଣ?","ଝଡ଼ ଯାହାର ବାତାସ 252 km/h (157 mph) ପାର କରେ।"
"ଏଟ୍ଲାଣ୍ଟିକ୍ରେ ସାଇକ୍ଲୋନ୍ ଋତୁ କେବେ?","ଜୁନ 1 ରୁ ନଭେମ୍ବର 30, ଶୀର୍ଷ ସମୟ ଅଗଷ୍ଟ-ଅକ୍ଟୋବର।"
"ପ୍ରଶାନ୍ତରେ ଟାଇଫୁନ୍ ଋତୁ କେବେ?","ସାଲଭରା, କିନ୍ତୁ ସବୁଠାରୁ ସକ୍ରିୟ ମେ ରୁ ଅକ୍ଟୋବର।"
"ସାଇକ୍ଲୋନ୍ କ’ଣ କାରଣରେ ଚାଲେ?","ଉଚ୍ଚ ପରିସ୍ଥିତିରେ ନିର୍ଦ୍ଦେଶକ ବାତାସ ଓ ଚାପ ପ୍ରଣାଳୀ।"
"ସାଇକ୍ଲୋନ୍ ସାଧାରଣତଃ କେତେ ଦ୍ରୁତ ଗତି କରେ?","15-25 km/h (10-15 mph), କିନ୍ତୁ ବହୁତ ଭିନ୍ନ ହୋଇପାରେ।"
"ସ୍ଟର୍ମ ସର୍ଜ କ’ଣ?","ସାଇକ୍ଲୋନ୍ ବାତାସ ପାଣିକୁ କୂଳ ପର୍ଯ୍ୟନ୍ତ ଧକ୍କା ଦେଇ ମହାସାଗର ପରିସ୍ଥିତି ବଢ଼ାଇବା।"
"ସ୍ଟର୍ମ ସର୍ଜ କେତେ ଉଚ୍ଚତାକୁ ପହଞ୍ଚିପାରେ?","ଅତି ମାମଲାରେ 9 ମିଟର୍ (30 ଫୁଟ୍) ପର୍ଯ୍ୟନ୍ତ।"
"ସାଇକ୍ଲୋନ୍ର ସବୁଠାରୁ ଜାହାର ଜୋଖିମ କ’ଣ?","ସ୍ଟର୍ମ ସର୍ଜ ଓ ବାନ୍ଧିବା ସବୁଠାରୁ ଅଧିକ ମୃତ୍ୟୁ ହୁଏ।"
"ସାଇକ୍ଲୋନ୍ କିପରି ଟ୍ରାକ୍ କରାଯାଏ?","ସ୍ୟାଟେଲାଇଟ୍, ବିମାନ ଖୋଜ, ହବା ନିମ୍ନ ତାଲିକା, ରେଡାର।"
"ହରିକେନ୍ ହଣ୍ଟର୍ କ’ଣ?","ବିଶେଷ ସଜ୍ଜିତ ବିମାନ ଯାହା ଝଡ଼ ମଧ୍ୟରେ ଯାଇ ତଥ୍ୟ ସଂଗ୍ରହ କରେ।"
"ସାଇକ୍ଲୋନ୍ ପୂର୍ବାନୁମାନ କେତେ ସଠିକ୍?","ଟ୍ରାକ୍ ପୂର୍ବାନୁମାନ 5 ଦିନ ପୂର୍ବରୁ 70% ସଠିକ୍, ତୀବ୍ରତା ପୂର୍ବାନୁମାନ କଠିନ।"
"ଅନିଶ୍ଚିତତା କୋନ୍ କ’ଣ?","ସମ୍ଭାବ୍ୟ ପଥର ଅଞ୍ଚଳ ଯେଉଁଠାରେ ଝଡ଼ କେନ୍ଦ୍ର ଯାଇପାରେ।"
"ଟ୍ରାକିଂ ପାଇଁ କେଉଁ ପ୍ରଯୁକ୍ତି ବ୍ୟବହାର କରାଯାଏ?","ଡୋପଲର୍ ରେଡାର୍, ସ୍ୟାଟେଲାଇଟ୍, ବୁଇ, ଡ୍ରପସୋଣ୍ଡ୍, କମ୍ପ୍ୟୁଟର୍ ମଡେଲ୍।"
"ପୂର୍ବାନୁମାନ କେତେ ସମୟରେ ଅଦ୍ୟତନ କରାଯାଏ?","ପ୍ରତି 6 ଘଣ୍ଟା, ଦ୍ରୁତ ବଦଳ ସମୟରେ ଅଧିକ।"
"ଦ୍ରୁତ ତୀବ୍ରତା ବୃଦ୍ଧି କ’ଣ?","24 ଘଣ୍ଟାରେ ବାତାସ 55 km/h (35 mph) ବଢ଼ିବା।"
"ଦ୍ରୁତ ତୀବ୍ରତା ବୃଦ୍ଧି କାହାକୁ କାରଣ?","ଅତି ତାପମାନ, କମ୍ ବାତାସ ଶିଅର୍, ଏବଂ ଉପଯୁକ୍ତ ମାହାଳିକ ପରିସ୍ଥିତି।"
"ବାତାସ ଶିଅର୍ କ’ଣ?","ଉଚ୍ଚତା ସହିତ ବାତାସ ଗତି କିମ୍ବା ଦିଗରେ ପରିବର୍ତ୍ତନ, ଯାହା ଝଡ଼କୁ ଦୁର୍ବଳ କରିପାରେ।"
"ସାଇକ୍ଲୋନ୍ ଆଗହାଣୀ କେବେ ଜାରି କରାଯାଏ?","48 ଘଣ୍ଟା ପୂର୍ବରୁ ଯେତେବେଳେ ଟ୍ରପିକାଲ୍ ଷ୍ଟର୍ମ ସମ୍ଭାବ୍ୟ।"
"ସାଇକ୍ଲୋନ୍ ଚେତାବନୀ କେବେ ଜାରି କରାଯାଏ?","36 ଘଣ୍ଟା ପୂର୍ବରୁ ଟ୍ରପିକାଲ୍ ଷ୍ଟର୍ମ ସମ୍ଭାବ୍ୟ।"
"ଟ୍ରପିକାଲ୍ ଷ୍ଟର୍ମ ଚେତାବନୀ କ’ଣ?","36 ଘଣ୍ଟା ମଧ୍ୟରେ 63-118 km/h (39-73 mph) ବାତାସ ଆଶା।"
"ହରିକେନ୍ ଚେତାବନୀ କ’ଣ?","36 ଘଣ୍ଟା ମଧ୍ୟରେ 119+ km/h (74+ mph) ବାତାସ ଆଶା।"
"ଆଗହାଣୀ ଜାରି ହେଲେ କ’ଣ କରିବେ?","ସମସ୍ତ ପ୍ରସ୍ତୁତି ସମ୍ପୂର୍ଣ୍ଣ କରନ୍ତୁ ଏବଂ ଆଦେଶ ଦିଆଯାଏ ତେବେ ଖାଲି କରିବାକୁ ତିଆରି ରୁହନ୍ତୁ।"
"ଚେତାବନୀ ଜାରି ହେଲେ କ’ଣ କରିବେ?","ତୁରନ୍ତ କାର୍ଯ୍ୟ ନିଅନ୍ତୁ, ପ୍ରସ୍ତୁତି ସମ୍ପୂର୍ଣ୍ଣ କରନ୍ତୁ, ଆଦେଶ ଦିଆଯାଏ ତେବେ ଖାଲି କରନ୍ତୁ।"
"ଆମେ କେତେ ଆଗୁଆ ଚେତାବନୀ ପାଇଁ ପାଉଛୁ?","ଟ୍ରାକ୍ ପାଇଁ 3-5 ଦିନ, ନିର୍ଦ୍ଦିଷ୍ଟ ତୀବ୍ରତା ପାଇଁ 1-2 ଦିନ।"
"ସ୍ଟର୍ମ ସର୍ଜ ଚେତାବନୀ କ’ଣ?","36 ଘଣ୍ଟା ମଧ୍ୟରେ ଜୀବନ ହୁଁଏଁଥିବା ପାଣି ଆସନ୍ତା।"
"ସାଇକ୍ଲୋନ୍ ଚେତାବନୀ କିଏ ଜାରି କରେ?","ରାଷ୍ଟ୍ରୀୟ ମାନବିଜ୍ଞାନ ସେବାଗୁଡ଼ିକ, ଯେପରିକି NHC, JMA କିମ୍ବା ସ୍ଥାନୀୟ ଆବହାବିଜ୍ଞାନ କାର୍ଯ୍ୟାଳୟ।"
"ସାଇକ୍ଲୋନ୍ ସଲାହରେ କ’ଣ ସୂଚନା ଥାଏ?","ଅବସ୍ଥାନ, ତୀବ୍ରତା, ଗତି, ଚେତାବନୀ, ଆଗହାଣୀ ଏବଂ ଝଡ଼ ସମ୍ଭାବନା।"
"ଖାଲି କରିବା ଅଞ୍ଚଳ କିପରି ନିର୍ଣ୍ଣୟ କରାଯାଏ?","ସ୍ଟର୍ମ ସର୍ଜ ଝୋକ, ଉଚ୍ଚତା, ପାଣିର ଦୂରତା, ଏବଂ ପଳାଇବା ପଥ।"
"ନିବାଶ ଖାଲି କରିବାକୁ ବାଧ୍ୟ କ’ଣ?","ଜୀବନ ହୁଁଏଁଥିବା ପରିସ୍ଥିତି ପାଇଁ ଅଞ୍ଚଳ ଛାଡ଼ିବାକୁ କାନୁନୀ ଆଦେଶ।"
"ବାତାସ କିମ୍ବା ପାଣି ପାଇଁ ଖାଲି କରିବା ଉଚିତ କି?","ପାଣିରୁ ଖାଲି କରନ୍ତୁ (ସ୍ଟର୍ମ ସର୍ଜ/ବନ୍ଧିବା), ବାତାସରୁ ଆଶ୍ରୟ।"
"ସ୍ଟର୍ମ ସର୍ଜ ପାଇଁ ସବୁଠାରୁ ସଂବେଦନଶୀଳ କ’ଣ ଅଞ୍ଚଳ?","ନିମ୍ନ ଅଞ୍ଚଳ, ବାଧାଦ୍ୱୀପ ଏବଂ ନଦୀମୁଖ।"
"ଆପଣ କେତେ ଆଗୁଆ ଖାଲି କରିବା ଉଚିତ?","ଟ୍ରପିକାଲ୍ ଷ୍ଟର୍ମ ବାତାସ ପହଞ୍ଚିବା ପୂର୍ବରୁ, ସଡ଼କ ସୁରକ୍ଷିତ ଥିବା ସମୟରେ।"
"ଯଦି ଆପଣ ଖାଲି କରିପାରିବେ ନାହିଁ?","ସବୁଠୁ ଉଚ୍ଚ ତଳକୁ ଯାନ୍ତୁ, ଜନାଳାଠାରୁ ଦୂରେ ରୁହନ୍ତୁ, ଆବଶ୍ୟକ ସାମଗ୍ରୀ ରଖନ୍ତୁ।"
"ହରିକେନ୍ କିଟ୍ରେ କ’ଣ ଥିବା ଉଚିତ?","ପାଣି, ଖାଦ୍ୟ, ଫ୍ଲାସଲାଇଟ୍, ରେଡିଓ, ବ୍ୟାଟରୀ, ପ୍ରଥମ ସହାୟତା, ଔଷଧ।"
"କେତେ ପାଣି ସଂରକ୍ଷଣ କରିବେ?","ପ୍ରତି ବ୍ୟକ୍ତି ପାଇଁ ପ୍ରତିଦିନ 1 ଗ୍ୟାଲନ୍, କମ୍ ସେ କମ୍ 3 ଦିନ।"
"କେତେ ଖାଦ୍ୟ ସଂରକ୍ଷଣ କରିବେ?","ପ୍ରତି ବ୍ୟକ୍ତି ପାଇଁ 3 ଦିନର ନନ୍-ପରିସ୍ଥିତି ଖାଦ୍ୟ।"
"କେଉଁ ଔଷଧ ସଜାଯାଉ?","ପ୍ରତିଷ୍ଠିତ ଓ ଓଭର୍-ଦି-କାଉଣ୍ଟର୍ ଔଷଧ 7 ଦିନର ସଂରକ୍ଷଣ।"
"ବାଥଟବ୍ ପାଣିରେ ପୂରଣ କରିବା ଉଚିତ କି?","ହଁ, ପାଣି ଓ ସ୍ୱଚ୍ଛତା ପାଇଁ, ଯଦି ସେବା ବିଫଳ।"
"କେଉଁ ଡକ୍ୟୁମେଣ୍ଟ ସୁରକ୍ଷିତ କରିବେ?","ବୀମା କାଗଜ, ପରିଚୟପତ୍ର, ବ୍ୟାଙ୍କ ରେକର୍ଡ, ଜଳରୋଧକ କଣ୍ଟେନର୍ରେ।"
"ଆପଣଙ୍କର ଘର କିପରି ସୁରକ୍ଷିତ କରିବେ?","ଶଟର୍ ସ୍ଥାପନ କରନ୍ତୁ, ଢିଲା ବସ୍ତୁ ସୁରକ୍ଷିତ କରନ୍ତୁ, ଗଛ କାଟନ୍ତୁ, ଛାଦ ଯାଞ୍ଚ କରନ୍ତୁ।"
"ଜନାଳା ଟେପ୍ କରିବେ କି?","ନାହିଁ, ଟେପ୍ ଭାଙ୍ଗିବାକୁ ବାଧ୍ୟ କରେ ଓ ଜୋଖିମ ସୃଷ୍ଟି କରେ।"
"Question","Answer"
"ବାହାରି ଫର୍ଣିଚର୍ କ’ଣ କରିବେ?","ଘରକୁ ନେବା କିମ୍ବା ମଜବୁତିରେ ସୁରକ୍ଷିତ କରନ୍ତୁ, ଯାହା ପ୍ରକଳ୍ପ ପଦାର୍ଥ ହେବାକୁ ନାହିଁ।"
"ଗାଡ଼ିକୁ କିପରି ପ୍ରସ୍ତୁତ କରିବେ?","ପୂର୍ଣ୍ଣ ଗ୍ୟାସ ଟ୍ୟାଙ୍କ, ଟାୟର୍ ଯାଞ୍ଚ, ଆପାତକାଳୀନ କିଟ୍, ଖାଲି ହେବା ପଥ ମାପିବା।"
"ଟଙ୍କରୁ ନକଦ ନେବା ଉଚିତ କି?","ହଁ, ଷ୍ଟର୍ମ ପରେ ATM ଓ କ୍ରେଡିଟ୍ କାର୍ଡ ସିଷ୍ଟମ୍ ବନ୍ଦ ହୋଇପାରେ।"
"ପ୍ରାଣୀମାନଙ୍କୁ କିପରି ପ୍ରସ୍ତୁତ କରିବେ?","କ୍ୟାରିଅର୍, ଖାଦ୍ୟ, ପାଣି, ଔଷଧ, ଟୀକା ରେକର୍ଡ, ID ଟ୍ୟାଗ୍।"
"ଯଦି ଶେଲ୍ଟର୍ ପ୍ରାଣୀମାନଙ୍କୁ ଗ୍ରହଣ କରିନାହିଁ?","ପୂର୍ବପରିକଳ୍ପନା କରନ୍ତୁ: ପ୍ରାଣୀ-ସହିତ ହୋଟେଲ୍ କିମ୍ବା ଅଞ୍ଚଳରେ ବନ୍ଧୁ।"
"ଗୁରୁତ୍ୱପୂର୍ଣ୍ଣ ଡକ୍ୟୁମେଣ୍ଟ କିପରି ସୁରକ୍ଷିତ କରିବେ?","ଜଳରୋଧକ କଣ୍ଟେନର୍ କିମ୍ବା କ୍ଲାଉଡ୍ ସ୍ଟୋରେଜ୍ ବ୍ୟାକଅପ୍।"
"ଭିତର ଅଞ୍ଚଳରେ ବନ୍ଧୁ ସହିତ ରୁହିବା ଉଚିତ କି?","ହଁ, ସମ୍ଭବ ହେଲେ ଏବଂ ସୁରକ୍ଷିତ ଥିଲେ।"
"ଶେଲ୍ଟର୍-ଇନ୍-ପ୍ଲେସ୍ କ’ଣ?","ଘର କିମ୍ବା ଅଟକାଇଥିବା ଅବସ୍ଥାରେ ରହିବା, ଖାଲି ନହେବା।"
"ଶେଲ୍ଟର୍-ଇନ୍-ପ୍ଲେସ୍ କେବେ ସୁରକ୍ଷିତ?","ମଜବୁତ ଭବନ, ସ୍ଟର୍ମ ସର୍ଜ ଓ ବନ୍ଧିବା ଅଞ୍ଚଳରୁ ଦୂର।"
"ସାଇକ୍ଲୋନ୍ ସମୟରେ କେଉଁ କକ୍ଷ ସୁରକ୍ଷିତ?","ଭିତର ରୁମ୍, ସବୁଠୁ ନିମ୍ନ ତଳ, ଜନାଳାଠାରୁ ଦୂର।"
"ଦବାବ ସମାନ କରିବା ପାଇଁ ଜନାଳା ଖୋଲିବା ଉଚିତ କି?","ନାହିଁ, ଏହା ମିଥ୍ୟା, ବାତାସ କ୍ଷତି ବଢ଼ାଏ।"
"ବିଦ୍ୟୁତ କଟିଗଲେ କ’ଣ କରିବେ?","ଫ୍ଲାସଲାଇଟ୍ ବ୍ୟବହାର କରନ୍ତୁ, କ୍ୟାଣ୍ଡେଲ୍ ନୁହେଁ; ପଡ଼ୋଶୀ ଯାଞ୍ଚ କରନ୍ତୁ; ଫୋନ୍ ବ୍ୟାଟରୀ ସଂରକ୍ଷଣ କରନ୍ତୁ।"
"ସାଇକ୍ଲୋନ୍ ଆଖି ସମୟରେ ବାହାରିଯିବେ କି?","ନାହିଁ, ବାତାସ ଶୀଘ୍ର ପ୍ରତିପର୍ଯ୍ୟାୟ ଆସେ।"
"ସାଇକ୍ଲୋନ୍ ସମୟରେ ବାହାରିଯିବା ସୁରକ୍ଷିତ କେବେ?","କେବଳ ସମସ୍ତ ସ୍ପଷ୍ଟ ସଂକେତ ମିଳିବା ପରେ।"
"ଟର୍ନାଡୋ ଚେତାବନୀ ମିଳିଲେ କ’ଣ କରିବେ?","ଭିତର ରୁମ୍, ନିମ୍ନ ତଳ, ଜନାଳା ଦୂରେ।"
"ସାଇକ୍ଲୋନ୍ ସମୟରେ ସୂଚନା କିପରି ପାଇବେ?","ବ୍ୟାଟେରୀ/ହ୍ୟାଣ୍ଡ-କ୍ରାଙ୍କ ରେଡିଓ, ସେଲ୍ ଫୋନ୍, weather radio।"
"ସେଲ୍ ସେବା କଟିଗଲେ କ’ଣ କରିବେ?","ଟେକ୍ସ୍ଟ ମେସେଜ୍ ପ୍ରୟାସ କରନ୍ତୁ, କଲ୍ ଚାଲିବାକୁ ନଥାଏ।"
"ଜନ୍ତ୍ର ପ୍ରବେଶରେ ଜେନେରେଟର୍ ବ୍ୟବହାର କରିବେ କି?","ନାହିଁ, କାର୍ବନ୍ ମୋନୋକ୍ସାଇଡ୍ ଗ୍ୟାସ ବାହାର କରେ।"
"କାର୍ବନ୍ ମୋନୋକ୍ସାଇଡ୍ ବ୍ୟାଧିରୁ କିପରି ବଚିବେ?","ଜେନେରେଟର୍, ଗ୍ରିଲ୍, କ୍ୟାମ୍ପ ଷ୍ଟୋଭ୍ ଭିତରେ ବ୍ୟବହାର କରିବେ ନାହିଁ।"
"ସାଇକ୍ଲୋନ୍ ସମୟରେ ବନ୍ଧିବା ପାଣି ଆସିଲେ କ’ଣ କରିବେ?","ତୁରନ୍ତ ଉଚ୍ଚ ସ୍ଥଳକୁ ଯାନ୍ତୁ, ପାଣି ମାଧ୍ୟମରେ ଚାଳନ୍ତୁ ନାହିଁ।"
"କେତେ ଗଭୀର ପାଣି ଆପଣକୁ ଛାଡ଼ିପାରେ?","ଖୋଲା ପାଣି 6 inch ମାତ୍ର ଅପସ୍ଥିତ କରିପାରେ।"
"ସାଇକ୍ଲୋନ୍ ସମୟରେ କେତେ ଗଭୀର ପାଣି ଗାଡ଼ିକୁ ହଲାଇପାରେ?","12 inch ଅଧିକାଂଶ ଗାଡ଼ିକୁ ତେଲିବା, 18 inch ଚାଲାଇ ନେବା।"
"ସାଇକ୍ଲୋନ୍ ପ୍ରବାହରେ ଗାଡ଼ି ଚାଳନା ନୀତି?","ପଛେ ଘୁରନ୍ତୁ, ଡୁବିବେ ନାହିଁ - ବିକଳ୍ପ ପଥ ଖୋଜନ୍ତୁ।"
"ସାଇକ୍ଲୋନ୍ ସମୟରେ ପାଣି ମାଧ୍ୟମରେ ହାଟିବେ କି?","ନାହିଁ, ଗଭୀରତା, ଅବସ୍ଥା, ବିଦ୍ୟୁତ ଲାଇନ୍ ଦେଖିପାରିବେ ନାହିଁ।"
"ଡାଉନ୍ ପାୱାର୍ ଲାଇନ୍ କ’ଣ କରିବେ?","ସମସ୍ତକୁ ସକ୍ରିୟ ଧରନ୍ତୁ, କମ୍ ସେ କମ୍ 35 ଫୁଟ୍ ଦୂରରେ ରୁହନ୍ତୁ।"
"ବାହାରିବା ସୁରକ୍ଷିତ କେବେ?","କେବଳ ସ୍ପଷ୍ଟ ସଙ୍କେତ ମିଳିଲାପରେ ଓ ବାତାସ ବନ୍ଦ ହେବା ପରେ।"
"ଝଡ଼ ପରେ ପ୍ରଥମେ କ’ଣ ଯାଞ୍ଚ କରିବେ?","ଗ୍ୟାସ ଲିକ୍, ସଂରଚନାତ୍ମକ କ୍ଷତି, ବିଦ୍ୟୁତ ଝୁକି।"
"ଗ୍ୟାସ ଲିକ୍ କିପରି ଯାଞ୍ଚ କରିବେ?","ଗ୍ୟାସ ଗନ୍ଧ, ହିସିଂ ସୁଣନ୍ତୁ, ମ୍ୟାଚ୍ ନ ବ୍ୟବହାର କରନ୍ତୁ।"
"ଗ୍ୟାସ ଗନ୍ଧ ଆସିଲେ କ’ଣ କରିବେ?","ମୁଖ୍ୟ ଭାଳ୍ଭ ବନ୍ଦ କରନ୍ତୁ, ଖାଲି କରନ୍ତୁ, ସୁରକ୍ଷିତ ସ୍ଥଳରୁ କମ୍ପାନୀକୁ କଲ୍।"
"କ୍ଷତି ଡକ୍ୟୁମେଣ୍ଟ କିପରି କରିବେ?","ସଫା କରିବା ପୂର୍ବରୁ ଫଟୋ/ଭିଡିଓ ନିଅନ୍ତୁ, ବୀମା ଦାବି ପାଇଁ।"
"କ୍ଷତିଗ୍ରସ୍ତ ଭବନରେ ପ୍ରବେଶ କରିବେ କି?","କେବଳ ସଂରଚନାତ୍ମକ ଭଲ ଥିଲେ, ତାଲିକାରେ ପଡ଼ିଥିବା ବସ୍ତୁ ଦେଖନ୍ତୁ।"
"ଚେନ୍ସ ସ୍ୟା କିପରି ସୁରକ୍ଷିତ ବ୍ୟବହାର କରିବେ?","ସୁରକ୍ଷିତ ସାମଗ୍ରୀ ପିନ୍ଧନ୍ତୁ, ବିଦ୍ୟୁତ ଲାଇନ୍ ଯାଞ୍ଚ କରନ୍ତୁ, ଏକାକୀ କାମ କରନ୍ତୁ ନାହିଁ।"
"ଦୂଷିତ ବନ୍ଧିବା ପାଣି କ’ଣ କରିବେ?","ସଂପର୍କ ଏଡ଼ାଇବେ, ହାତ ଗ୍ଲୋଭ୍, ବୁଟ୍ ପିନ୍ଧନ୍ତୁ, ହାତ ପ୍ରାୟ:ଧ୍ୟାନ ସହିତ ଧୋଇବେ।"
"ବନ୍ଧିବା କ୍ଷତି କିପରି ସଫା କରିବେ?","ପାଣି ତୁରନ୍ତ ହଟାନ୍ତୁ, ଦୂଷିତ ବସ୍ତୁ ଫେଙ୍କନ୍ତୁ, ସରଫେସ୍ ଡିସଇନଫେକ୍ଟ କରନ୍ତୁ।"
"ଭିଜା ଖାଦ୍ୟ ଖାଇବେ କି?","ଯେଉଁଠାରେ ପାଣି ଯାଇଛି କିମ୍ବା ଫ୍ରିଜ୍ ଖୋଲିଛି, ତାହା ଛାଡ଼ନ୍ତୁ।"
"ବିଦ୍ୟୁତ ବିନା ଖାଦ୍ୟ କେତେ ସମୟ ଥାଏ?","ଫ୍ରିଜ୍: 4 ଘଣ୍ଟା, ଫ୍ରୋଜନ୍: 24-48 ଘଣ୍ଟା ଯଦି ଖୋଲା ନହୋଇ।"
"ବୀମା କମ୍ପାନୀକୁ କେବେ କଲ୍ କରିବେ?","ସୁରକ୍ଷିତ ହେବା ପରେ ସଂଭବତମ।"
"ଯଦି ସଡ଼କ ବନ୍ଦ?","ଆପାତକାଳୀନ ଟୀମ୍ କ୍ଲିୟର୍ କରିବାକୁ ଅପେକ୍ଷା କରନ୍ତୁ, ନିଜରେ ମାଳବସ୍ତୁ ହଟାନ୍ତୁ ନାହିଁ।"
"ପଡ଼ୋଶୀଙ୍କୁ ସୁରକ୍ଷିତ କିପରି ସହାୟତା କରିବେ?","ସମ୍ପର୍କ ଯାଞ୍ଚ, ସାଧନ ବାଣ୍ଟା, ଚୋଟ ରିପୋର୍ଟ କରନ୍ତୁ।"
"ବିଦ୍ୟୁତ କେବେ ପୁନଃସ୍ଥାପିତ ହେବ?","କ୍ଷତି ଗମ୍ଭୀରତା ଉପରେ ନିର୍ଭର, ଦିନ ରୁ ସପ୍ତାହ ଲାଗିପାରେ।"
"ବିଦ୍ୟୁତ ପୁନଃସ୍ଥାପନ ପ୍ରାଥମିକତା କିପରି ସେଟ୍?","ହସ୍ପିଟାଲ୍, ଆପାତକାଳୀନ ସେବା, ତାପରେ ନିବାସୀ।"
"ପାଣି ସେବା କ’ଣ?","ପୁନଃସ୍ଥାପନ ଦିନ ଲାଗିପାରେ, ପାଣି ଆସିଲେ ଉବଳନ୍ତୁ।"
"ଖାଲି କରିବା ପରେ ତୁରନ୍ତ ଘରକୁ ଫେରିବେ କି?","କେବଳ ସରକାରୀ ସୁରକ୍ଷା ସଂକେତ ଦେଲେ ଓ ସଡ଼କ ସଫା ହେଲେ।"
"ଦୀର୍ଘକାଳୀନ ପୁନରୁଦ୍ଧାର ପାଇଁ କିପରି ପ୍ରସ୍ତୁତି କରିବେ?","କ୍ଷତି ଡକ୍ୟୁମେଣ୍ଟ କରନ୍ତୁ, ବୀମା ସମ୍ପର୍କ, ଆବଶ୍ୟକ ହେଲେ ଅସ୍ଥାୟୀ ଆବାସ।"
"କ’ଣ ଆର୍ଥିକ ସହାୟତା ମିଳିପାରେ?","FEMA ସହାୟତା, SBA ଋଣ, ବୀମା ଦାବି, ଚାରିଟି।"
"FEMA ସହାୟତା ପାଇଁ କିପରି ଆବେଦନ କରିବେ?","ଅନଲାଇନ୍, ଫୋନ୍, ବିପଦ ପୁନଃସ୍ଥାପନ କେନ୍ଦ୍ର।"
"FEMA ସହାୟତା କ’ଣ ଆବୃତ କରେ?","ଅସ୍ଥାୟୀ ଆବାସ, ଘର ମରାମତି, ବ୍ୟକ୍ତିଗତ ସମ୍ପତ୍ତି ପୁନରୁଦ୍ଧାର।"
"ବୀମା ଦାବି କେତେ ସମୟରେ ଫାଇଲ୍ କରିବାକୁ ପାରିବ?","ସାଧାରଣତଃ 1-2 ବର୍ଷ, ତଥାପି ଶୀଘ୍ର ଫାଇଲ୍ କରନ୍ତୁ।"
"ବୀମା ସେଟଲମେଣ୍ଟ ସହ ଅସହମତ?","ପୁନଃମୂଲ୍ୟାଙ୍କନ୍ ଅନୁରୋଧ କରନ୍ତୁ, ପବ୍ଲିକ୍ ଅଡଜଷ୍ଟର୍ ନିଯୁକ୍ତ କରନ୍ତୁ କିମ୍ବା ଆଇନ ମତାମତ ନିଅନ୍ତୁ।"
"ଅସ୍ଥାୟୀ ଆବାସ କିପରି ଖୋଜିବେ?","FEMA ସହାୟତା, ବୀମା, ସ୍ଥାନୀୟ ଶେଲ୍ଟର୍, ପରିବାର/ବନ୍ଧୁ।"
"Question","Answer"
"ପୁଅମାନଙ୍କର ପୁନରୁଦ୍ଧାର ସମୟରେ ଆବଶ୍ୟକତା କିପରି?","ଦୈନନ୍ଦିନ ଚଳଚ୍ଚଳକୁ ରଖନ୍ତୁ, ଭାବନାତ୍ମକ ସମର୍ଥନ ଦିଅନ୍ତୁ, ଶିକ୍ଷା ସେବା ସହ ସଂଯୋଗ ରଖନ୍ତୁ।"
"ଭାବନାତ୍ମକ ଆହତକୁ କିପରି ସମ୍ଭାଳିବେ?","ମର୍ଗଦର୍ଶନ ନିଅନ୍ତୁ, ସମର୍ଥନ ଗୋଷ୍ଠୀରେ ଯୋଗଦାନ କରନ୍ତୁ, ସାମାଜିକ ସଂଯୋଗ ରଖନ୍ତୁ।"
"ବିପଦ ମାମଲା ପରିଚାଳନା କ’ଣ?","ସେବା ଯାହା ପୁନରୁଦ୍ଧାର ସାଧନ ଓ ସେବା ସମନ୍ୱୟରେ ସାହାଯ୍ୟ କରେ।"
"ସଂପୂର୍ଣ୍ଣ ପୁନରୁଦ୍ଧାର କେତେ ସମୟ ନିଏ?","କ୍ଷତି ଗମ୍ଭୀରତା ଓ ସାଧନ ଉପରେ ନିର୍ଭର କରି ମାସ ରୁ ବର୍ଷ।"
"ବିଲ୍ଡିଂ ବ୍ୟାକ୍ ବେଟର୍ କ’ଣ?","ଭବିଷ୍ୟତ ଝଡ଼ ପ୍ରତିରୋଧ କରିବା ପାଇଁ ସୁଧାରିତ ସାମଗ୍ରୀ ଓ ପ୍ରଣାଳୀ ସହ ପୁନଃନିର୍ମାଣ।"
"ଘରକୁ ଝଡ଼-ପ୍ରତିରୋଧକ କିପରି କରିବେ?","ପ୍ରଭାବ-ସହିତ ଜନାଳା, ମଜବୁତ ଛତ୍, ଉଚ୍ଚିତ ଯୁଟିଲିଟି, ସଠିକ୍ ଡ୍ରେନେଜ୍।"
"ହରିକେନ୍ ସ୍ଟ୍ରାପ୍ କ’ଣ?","ଖାଦ୍ୟ ସହିତ ଦିଆଯାଇଥିବା ଧାତୁ କନେକ୍ଟର୍, ଛତ୍କୁ ଦିୱାର ସହିତ, ଦିୱାରକୁ ଫାଉଣ୍ଡେସନ୍ ସହିତ ସୁରକ୍ଷିତ କରେ।"
"ଘରକୁ ଉଚ୍ଚ କରିବେ କି?","ବନ୍ଧିବା-ସମ୍ଭାବ୍ୟ ଅଞ୍ଚଳରେ ଚିନ୍ତା କରନ୍ତୁ, ବୀମା ଖର୍ଚ୍ଚ କମାଇପାରେ।"
"ସୁରକ୍ଷିତ କକ୍ଷ କ’ଣ?","ଭିତରୀ ଶକ୍ତିଶାଳୀ କକ୍ଷ, ତୀବ୍ର ପବନରୁ ସୁରକ୍ଷା ପାଇଁ।"
"ହରିକେନ୍ ପ୍ରତିରୋଧ ପାଇଁ ଲ୍ୟାଣ୍ଡସ୍କେପ୍ କିପରି କରିବେ?","ସ୍ଥାନୀୟ ଗଛ ଲଗାନ୍ତୁ, ସଂରଚନା ନିକଟରେ ଶୀତଳ ମୂଳ ଗଛ ଏଡ଼ାନ୍ତୁ।"
"କ’ଣ ବୀମା ନିଅନ୍ତୁ?","ଘର, ବନ୍ଧିବା ବୀମା, ପବନ ଝଡ଼ ଆବୃତି।"
"ବନ୍ଧିବା ବୀମା କାହିଁକି ଗୁରୁତ୍ୱପୂର୍ଣ୍ଣ?","ସାଧାରଣ ବୀମା ବନ୍ଧିବା କ୍ଷତିକୁ ଆବୃତ କରେ ନାହିଁ।"
"କେବେ ବନ୍ଧିବା ବୀମା କିଣିବେ?","ଆବଶ୍ୟକ ହେବା ପୂର୍ବରୁ, 30-ଦିନର ପ୍ରତିକ୍ଷା ସମୟ ରହିଛି।"
"ନ୍ୟାସନାଲ୍ ଫ୍ଲଡ୍ ଇନ୍ସୁରେନ୍ସ୍ ପ୍ରୋଗ୍ରାମ୍ କ’ଣ?","ଫେଡରାଲ୍ ପ୍ରୋଗ୍ରାମ୍, ସଂପତ୍ତି ମାଲିକଙ୍କୁ ବନ୍ଧିବା ବୀମା ପ୍ରଦାନ କରେ।"
"ବୀମା ଖର୍ଚ୍ଚ କିପରି କମାଇବେ?","ସଂରକ୍ଷଣ ଉପାୟ: ସ୍ଟର୍ମ ଶଟର୍, ମଜବୁତ ଛତ୍, ଉଚ୍ଚିତ।"
"କମ୍ୟୁନିଟି ରେଟିଂ ସିଷ୍ଟମ୍ କ’ଣ?","FEMA ପ୍ରୋଗ୍ରାମ୍, ଯାହା ଅଂଶଗ୍ରହୀ କମ୍ୟୁନିଟିରେ ବନ୍ଧିବା ବୀମା ଦର କମାଏ।"
"ସମୁଦାୟ ହରିକେନ୍ ପାଇଁ କିପରି ପ୍ରସ୍ତୁତ କରନ୍ତି?","ଆପାତକାଳୀନ ଯୋଜନା, ଖାଲି ହେବା ପଥ, ଶେଲ୍ଟର୍, ସାଧାରଣ ଶିକ୍ଷା, ନିର୍ମାଣ କୋଡ୍।"
"ହରିକେନ୍ ଅଞ୍ଚଳରେ ନିର୍ମାଣ କୋଡ୍ କ’ଣ?","ପବନ ପ୍ରତିରୋଧ, ଷ୍ଟର୍ମ ସର୍ଜ, ବନ୍ଧିବା ପାଇଁ ମାନଦଣ୍ଡ।"
"ଖାଲି ହେବା ପଥ କିପରି କାମ କରେ?","ପୂର୍ବପରିକଳ୍ପିତ ସଡ଼କ, ଲୋକଙ୍କୁ ଝୁକିମୁକ୍ତ ଅଞ୍ଚଳରେ ନେଉଥାଏ।"
"ହରିକେନ୍ ଶେଲ୍ଟର୍ କ’ଣ?","ଲୋକଙ୍କୁ ସୁରକ୍ଷା ଦେବା ପାଇଁ ଉପକୃତ ସ୍ଥଳ, ଯେଉଁଠାରେ ଖାଲି କରିପାରିବେ ନାହିଁ।"
"ଝଡ଼ ସମୟରେ ଶେଲ୍ଟର୍ କିପରି ପରିଚାଳିତ?","ରେଡ୍ କ୍ରସ୍, ସଲଭେସନ୍ ଆର୍ମି, ସ୍ଥାନୀୟ ଆପାତକାଳୀନ ପରିଚାଳନା।"
"ଦୁର୍ବଳ ଲୋକଙ୍କ ପାଇଁ ସମୁଦାୟ କ’ଣ କରିବା ଉଚିତ?","ବିଶେଷ ଆବଶ୍ୟକତା ପଞ୍ଜିକା, ସହାୟତା ସହିତ ଖାଲି, ସୁବିଧାପୂର୍ଣ୍ଣ ଶେଲ୍ଟର୍।"
"ଶିକ୍ଷାଳୟ ହରିକେନ୍ ପାଇଁ କିପରି ପ୍ରସ୍ତୁତ?","ଖାଲି ହେବା ଯୋଜନା, ସଂଯୋଗ ସିଷ୍ଟମ୍, ସଂରଚନା ମୂଲ୍ୟାଙ୍କନ।"
"ବ୍ୟବସାୟ ଚାଳନା ଯୋଜନା କ’ଣ?","ଦୁର୍ଘଟନା ସମୟରେ ଓ ପରେ କାର୍ଯ୍ୟ ଜାରି ରଖିବା ପ୍ରସ୍ତୁତି।"
"ହସ୍ପିଟାଲ୍ ହରିକେନ୍ ପାଇଁ କିପରି ପ୍ରସ୍ତୁତ?","ବ୍ୟାକଅପ୍ ପାୱାର୍, ଅତିରିକ୍ତ ସାଧନ, ଖାଲି ଯୋଜନା, ସ୍ଟାଫ୍ ଆବାସ।"
"ବିପଦରେ ମ୍ୟୁଚୁଆଲ୍ ଏଡ୍ କ’ଣ?","ସମୁଦାୟ ସାଧନ ଓ କର୍ମଚାରୀ ସହାୟତା କରେ।"
"ପରିବାର ଆପାତକାଳୀନ ଯୋଜନା କିପରି?","ମିଟିଂ ସ୍ଥଳ, ସଂଯୋଗ, ଖାଲି ପଥ, ଯୋଜନା ସାଧନ।"
"ଆପଣଙ୍କର ପରିବାର ଯୋଜନାରେ କ’ଣ ସୂଚନା ଥିବା ଉଚିତ?","ସଂଯୋଗ ସଂଖ୍ୟା, ମିଟିଂ ସ୍ଥଳ, ଖାଲି ପଥ, ଗୁରୁତ୍ୱପୂର୍ଣ୍ଣ ଡକ୍ୟୁମେଣ୍ଟ।"
"କେତେବେଳେ ପ୍ରାକ୍ଟିସ୍ କରିବେ?","ବର୍ଷେ ଅନ୍ତତଃ ଗୋଟିଏବେଳେ, ପରିବାର ପରିସ୍ଥିତି ବଦଳିଲେ ଅଦ୍ୟତନ କରନ୍ତୁ।"
"go-bag କ’ଣ?","ପୂର୍ବ-ପ୍ୟାକ୍ ଆପାତକାଳୀନ ସାଧନ, ତୁରନ୍ତ ଖାଲି ପାଇଁ।"
"କାର୍ଯ୍ୟସ୍ଥଳ ଆପାତକାଳୀନ କିଟ୍ କ’ଣ ଥିବା ଉଚିତ?","ଘର କିଟ୍ ସମାନ, କିନ୍ତୁ 3 ଦିନ ପାଇଁ କାର୍ଯ୍ୟସ୍ଥଳରେ।"
"ଆପାତକାଳୀନ ସମୟରେ ସଂଯୋଗ କିପରି?","ଟେକ୍ସଟ୍, ସୋସିଆଲ୍ ମିଡ଼ିଆ, ରାଜ୍ୟ ପାରା ସଂଯୋଗ।"
"କାହିଁକି ରାଜ୍ୟ ପାରା ସଂଯୋଗ?","ସ୍ଥାନୀୟ ଫୋନ୍ ଲାଇନ୍ ଭରିଥାଏ, ଦୂରବାସ୍ତବ ସଂଯୋଗ କାର୍ଯ୍ୟକାରୀ।"
"ରିଭର୍ସ 911 କ’ଣ?","ଆପାତକାଳୀନ ସୂଚନା ସିଷ୍ଟମ୍, ପ୍ରଭାବିତ ଅଞ୍ଚଳରେ ଫୋନ୍ କଲ୍ କରେ।"
"ଆପାତକାଳୀନ ସୂଚନା ପାଇଁ ସାଇନ୍ ଅପ୍ କିପରି?","ସ୍ଥାନୀୟ ଆପାତକାଳୀନ ପରିଚାଳନା ସହ ପଞ୍ଜିକରଣ, ଫୋନ୍ ଆଲର୍ଟ ସକ୍ରିୟ କରନ୍ତୁ।"
"ହରିକେନ୍ ସମୟରେ କେଉଁ ଆପ୍ସ୍ ସାହାଯ୍ୟ କରେ?","ଆବହା ଆପ୍ସ, ଆପାତକାଳୀନ ଆଲର୍ଟ୍ ଆପ୍ସ, ପରିବାର ସଂଯୋଗ ଆପ୍ସ।"
"ଫୋନ୍ ବ୍ୟାଟେରି କିପରି ସଂରକ୍ଷଣ କରିବେ?","ଆଲୋକ କମାନ୍ତୁ, ଆପ୍ସ୍ ବନ୍ଦ୍ କରନ୍ତୁ, ଆବଶ୍ୟକ ନହେଲେ ଏୟାରପ୍ଲେନ୍ ମୋଡ୍।"
"ଆମେଚୁର୍ ରେଡିଓର ଭୂମିକା କ’ଣ?","ଅନ୍ୟ ସିଷ୍ଟମ୍ ଫେଲ୍ ହେଲେ ବ୍ୟାକଅପ୍ ସଂଯୋଗ।"
"ବିଦ୍ୟୁତ ବିନା କିପରି ସୂଚନା ରଖିବେ?","ବ୍ୟାଟେରି/ହାଣ୍ଡ-କ୍ରାଙ୍କ ରେଡିଓ, କାର୍ ରେଡିଓ, ବ୍ୟାଟେରି ସହିତ ପଡୋଶୀ।"
"ମାନସିକ ପ୍ରଥମିକ ସହାୟତା କ’ଣ?","ବିପଦ ସଂଘଟିତ ଲୋକଙ୍କୁ ସହାୟତା ଓ ସାହାଯ୍ୟ ଦେବା।"
"ପୁଅମାନଙ୍କୁ ବିପଦ ସହ କିପରି ମୁକାବିଲା କରାଯିବ?","ସତ୍ୟ ସହିତ ବୟସ ଅନୁକୂଳ ସୂଚନା, ଦୈନନ୍ଦିନ ଚଳଚ୍ଚଳ, ଅତିରିକ୍ତ ସୁବିଧା।"
"ପୋଷ୍ଟ-ଡିସାସ୍ଟର୍ ସାଧାରଣ ଭାବନା?","ଚିନ୍ତା, ଦୁଃଖ, କ୍ରୋଧ, ଅଧିକଭାବ ଅନୁଭବ – ସବୁ ସାଧାରଣ।"
"କେବେ ବୃହତ୍ ପ୍ରାଫେସନାଲ୍ ସାହାୟତା ନିଅନ୍ତୁ?","ଭାବନା ଦୈନନ୍ଦିନ ଜୀବନରେ ଦୀର୍ଘ ସମୟ ପ୍ରଭାବିତ କଲେ।"
"ପୁନରୁଦ୍ଧାର ସମୟରେ ମାନସିକ ସ୍ୱାସ୍ଥ୍ୟ କିପରି ରଖିବେ?","ସ୍ୱୟଂ-ସେବା, ସାମାଜିକ ସମର୍ଥନ, ପ୍ରାଫେସନାଲ୍ ସାହାୟତା, ବାସ୍ତବ ବିଚାର।"
"ସର୍ଭାଇଭର୍ ଗିଲ୍ଟ୍ କ’ଣ?","ଅନ୍ୟେ ଅଧିକ କଷ୍ଟ ପାଇଥିଲେ, ନିଜ ସ୍ଥିତି ନିମନ୍ତେ ଖରାପ ଅନୁଭବ।"
"ସମୁଦାୟ କିପରି ସହନଶୀଳତା ନିର୍ମାଣ କରେ?","ଶିକ୍ଷା, ଯୋଜନା, ପରିବେଶ ପ୍ରବନ୍ଧନ, ସାମାଜିକ ସଂଯୋଗ।"
"ହରିକେନ୍ ପ୍ରଭାବରେ ଜଳବାୟୁ ପରିବର୍ତ୍ତନ କିପରି?","ତୀବ୍ରତା ବୃଦ୍ଧି ଓ ଗତି ହ୍ରାସ, ସମୁଦ୍ର ପାନୀ ମାନ ଉଚ୍ଚ।"
"ହରିକେନ୍ ଅଧିକ ସମୟରେ ହେଉଛି କି?","ବାରମ୍ବାର ନୁହେଁ, କିନ୍ତୁ ସମ୍ଭାବ୍ୟ ତୀବ୍ରତା ଅଧିକ।"
"ହରିକେନ୍ ସଂଶୋଧନ କ’ଣ?","ଇତିହାସିକ ଚେଷ୍ଟା, ଏବେ କାର୍ଯ୍ୟକାରୀ ନୁହେଁ।"
"ଦୀର୍ଘ ସମୟ ଭବିଷ୍ୟବାଣୀ କିପରି ସଠିକ୍?","7-10 ଦିନ ପରେ ସୀମିତ, ନିର୍ଦିଷ୍ଟ ଝଡ଼ ପାଇଁ।"
"Question","Answer"
"ନିର୍ଣୟାତ୍ମକ ଓ ଏନସେମ୍ବଲ୍ ପୂର୍ବାନୁମାନରେ କ’ଣ ତଫାତ?","ଏକାଧିକ ପୂର୍ବାନୁମାନ ବନାମ ଅନେକ ସମ୍ଭାବ୍ୟ ସେନାରିଓ ଯାହା ଅନିଶ୍ଚିତତା ଦେଖାଏ।"
"ପୂର୍ବାନୁମାନକାରୀ ତୀବ୍ରତା କିପରି ଅନୁମାନ କରନ୍ତି?","ସମୁଦ୍ର ତାପମାନ, ପବନ ଶିର, ବାୟୁମଣ୍ଡଳୀୟ ପ୍ୟାଟର୍ନ ବିବେଚନା କରି କଠିନ ମଡେଲ୍।"
"ସବୁଠୁ ବଡ଼ ପୂର୍ବାନୁମାନ ଚ୍ୟାଲେଞ୍ଜ କ’ଣ?","ତୀବ୍ର ଗତି ବୃଦ୍ଧି ଓ ସଠିକ୍ ଭୂମିକ୍ଷେପ ଅନୁମାନ।"
"ପୂର୍ବାନୁମାନ ସଠିକ୍ତା କିପରି ଉନ୍ନତ ହେଇଛି?","ଭଲ ସ୍ୟାଟେଲାଇଟ୍, ମଡେଲ୍, ଏବଂ ବୁଝିବାର ଅନୁଭବ ଟ୍ରାକ୍ ପୂର୍ବାନୁମାନକୁ ମହତ୍ତ୍ୱପୂର୍ଣ୍ଣ ଭାବେ ସୁଧାରିଛି।"
"ପୂର୍ବାନୁମାନରେ ବୁୟର ଭୂମିକା କ’ଣ?","ବାରମ୍ବାର ସମୟରେ ସମୁଦ୍ର ତାପମାନ ଓ ତରଙ୍ଗ ତଥ୍ୟ ଦେଇଥାଏ।"
"କମ୍ପ୍ୟୁଟର୍ ମଡେଲ୍ କିପରି କାମ କରେ?","ଗଣିତୀୟ ସମୀକରଣ ବର୍ତ୍ତମାନ ସ୍ଥିତି ବ୍ୟବହାର କରି ବାୟୁମଣ୍ଡଳ ପ୍ରବୃତ୍ତିକୁ ଅନୁକଳନ କରେ।"
"ମଡେଲ୍ ସମ୍ମତି କ’ଣ?","ଅନେକ ପୂର୍ବାନୁମାନ ମଡେଲ୍ ସଂଘଟିତ ହୋଇ ଝଡ଼ ଟ୍ରାକ୍ କିମ୍ବା ତୀବ୍ରତାରେ ସହମତ ହେବା।"
"ପୂର୍ବାନୁମାନ ଟ୍ରାକ୍ କେବେ ବଡ଼ ପରିବର୍ତ୍ତନ ହୁଏ?","ସ୍ଟିୟରିଂ ପ୍ୟାଟର୍ନରେ ଛୋଟ ପରିବର୍ତ୍ତନ ବଡ଼ ଟ୍ରାକ୍ ତଫାତ ସೃଜନ କରିପାରେ।"
"ସତତା ନିରୀକ୍ଷଣର ଗୁରୁତ୍ୱ କ’ଣ?","ଝଡ଼ ଶର୍ତ୍ତ ଦ୍ରୁତ ବଦଳିଥାଏ, ପ୍ରାୟ ସମୟରେ ଅଧିକାର ପୂର୍ବାନୁମାନ ଆବଶ୍ୟକ।"
"ପୂର୍ବାନୁମାନ ଅନିଶ୍ଚିତତା କିପରି ବୁଝିବେ?","ବଡ଼ ଅନିଶ୍ଚିତତା କୋନ୍ ଅର୍ଥ ସଠିକ୍ ଟ୍ରାକ୍ରେ କମ୍ ଆଶା।"
"ଷ୍ଟର୍ମ ସର୍ଜ୍ ମଡେଲିଂ କ’ଣ?","ସର୍ଜ୍ ଉଚ୍ଚତା ଓ ଭୂମିକ୍ଷେପ ପୂର୍ବାନୁମାନ କରିବାର କମ୍ପ୍ୟୁଟର୍ ସିମ୍ୟୁଲେସନ୍।"
"ପୂର୍ବାନୁମାନ ଅନିଶ୍ଚିତତା ପାଇଁ କିପରି ପ୍ରସ୍ତୁତ?","କେବଳ ସମ୍ଭାବ୍ୟ ସବୁଠୁ ସାଧାରଣ ପରିସ୍ଥିତି ନୁହେଁ, ସମ୍ଭାବ୍ୟ ସମ୍ଭାବନା ସାଜାନ୍ତୁ।"
"ହରିକେନ୍ ଗବେଷଣାର ମୂଲ୍ୟ କ’ଣ?","ଜୀବନ ବଚାଇବା ପାଇଁ ବୁଝିବା, ପୂର୍ବାନୁମାନ ଓ ପ୍ରସ୍ତୁତିକୁ ସୁଧାରେ।"
"ଗବେଷକମାନେ ହରିକେନ୍ କିପରି ଅଧ୍ୟୟନ କରନ୍ତି?","ହରିକେନ୍ ହଣ୍ଟର୍, ସ୍ୟାଟେଲାଇଟ୍, ରେଡାର୍, ସମୁଦ୍ର ଉପକରଣ, କମ୍ପ୍ୟୁଟର୍ ମଡେଲିଂ।"
"ହରିକେନ୍ ରିସର୍ଚ୍ ଡିଭିଜନ୍ କ’ଣ?","NOAA ୟୁନିଟ୍ ଯାହା ହରିକେନ୍ ପୂର୍ବାନୁମାନ ସୁଧାରିବାକୁ ଅଧ୍ୟୟନ କରେ।"
"କେଉଁ ନୂତନ ପ୍ରଯୁକ୍ତି ବିକାଶ ହେଉଛି?","ଉନ୍ନତ ସ୍ୟାଟେଲାଇଟ୍, ଡ୍ରୋନ୍, ସୁଧାରିତ କମ୍ପ୍ୟୁଟର୍ ମଡେଲ୍, AI ଆବେଦନ।"
"ସାଲ ପରିପୂର୍ଣ୍ଣ ପ୍ରସ୍ତୁତି କିପରି?","ସାଧନ ରଖନ୍ତୁ, ଯୋଜନା ପୁନଃସମୀକ୍ଷା, ପୂର୍ବାନୁମାନ ଉନ୍ନତି ଜାଣନ୍ତୁ।"
"ସୁସ୍ଥିର ପୁନଃନିର୍ମାଣର ଗୁରୁତ୍ୱ କ’ଣ?","ଦୁର୍ବଳତା କମାଏ, ପରିବେଶ ହାନି ରୋକେ, ଦୀର୍ଘକାଳୀନ ସୁରକ୍ଷା ନିଶ୍ଚିତ କରେ।"
"ସମୁଦ୍ର କୂଳର ନିବାସୀ ଝଡ଼ ପୂର୍ବରୁ କ’ଣ କରିବା ଉଚିତ?","ଖାଲି ହେବା ନିର୍ଦେଶ ମାନିବେ, ସଂପତ୍ତି ସୁରକ୍ଷିତ କରିବେ, ଆପାତକାଳୀନ ସାଧନ ସଞ୍ଚୟ କରିବେ।"
"ସ୍ଥାନୀୟ ହରିକେନ୍ ଶେଲ୍ଟର୍ ଝଡ଼ ସମୟରେ କିପରି ସାହାଯ୍ୟ କରେ?","ଯେଉଁଠାରେ ଉଚ୍ଚ ସ୍ଥଳକୁ ଖାଲି କରିପାରିବେ ନାହିଁ, ସୁରକ୍ଷିତ ଶରଣ ଦେଇଥାଏ।"
"ଭାରତରେ ଝଡ଼ ସମୟରେ କିଏ ଦୁର୍ଘଟନା ପ୍ରତିକ୍ରିୟା ସମନ୍ୱୟ କରେ?","ଜାତୀୟ ଦୁର୍ଘଟନା ପରିଚାଳନା କର୍ତ୍ତା (NDMA) ସହିତ ରାଜ୍ୟ ଦୁର୍ଘଟନା ପରିଚାଳନା କର୍ତ୍ତା।"
"ଶିକ୍ଷାଳୟ କିପରି ଝଡ଼ ଋତୁ ପାଇଁ ପ୍ରସ୍ତୁତ?","ଖାଲି ହେବା ଯୋଜନା, ଡ୍ରିଲ୍, ପରିବାର ଓ ସ୍ଥାନୀୟ କର୍ତ୍ତା ସହ ସଂଯୋଗ।"
"ଭୟଙ୍କର ଝଡ଼ର ପ୍ରାକ୍ତିକ ଉଦାହରଣ କ’ଣ?","2019 ରେ ସାଇକ୍ଲୋନ୍ ଫାଣୀ, ଓଡ଼ିଶାରେ 200 କି.ମି./ଘଣ୍ଟାରୁ ଅଧିକ ପବନ ସହ ବିସ୍ତୃତ କ୍ଷତି।"
"ମ୍ୟାଙ୍ଗ୍ରୋଭ୍ କିପରି ଝଡ଼ ପ୍ରଭାବ କମାଏ?","ସ୍ୱାଭାବିକ ବାରିଅର୍ ଭାବରେ କାର୍ଯ୍ୟ କରେ, ସର୍ଜ୍ ଅବଶୋଷଣ, ଭୂମିକ୍ଷେପ କମାଏ।"
"ବୃଦ୍ଧ ବ୍ୟକ୍ତିଙ୍କ ପ୍ରବଳ ସମ୍ଭାବନା କ’ଣ?","ହଁ, ସହାୟତା ଆବଶ୍ୟକ ହୋଇପାରେ।"
"ହସ୍ପିଟାଲ୍ କିପରି ପ୍ରସ୍ତୁତ?","ବ୍ୟାକଅପ୍ ପାୱାର୍, ଚିକିତ୍ସା ସାଧନ ସୁରକ୍ଷିତ, ଖାଲି/ଶେଲ୍ଟର୍ ପ୍ରସ୍ତୁତ।"
"ମୋବାଇଲ୍ ଆପ୍ସ୍ କିପରି ସାହାଯ୍ୟ କରେ?","ସତ୍ୟ ସମୟ ଆଲର୍ଟ, ଖାଲି ପଥ, ଆପାତକାଳୀନ ସଂଯୋଗ।"
"ସାଧାରଣ ପୋଷ୍ଟ-ସାଇକ୍ଲୋନ୍ ଝୁକିମୁକ୍ତ କ’ଣ?","ବନ୍ଧିବା, ଅବଶିଷ୍ଟ, ପ୍ରଦୂଷିତ ପାଣି, ଜଳଜନିତ ରୋଗ ସମ୍ଭାବନା।"
"ସମୁଦାୟ କିପରି ସୁରକ୍ଷିତ ଖାଲି କରାଯିବ?","ପୂର୍ବପରିକଳ୍ପିତ ପଥ, ପବ୍ଲିକ୍ ଆଲର୍ଟ, ସେବା ସଂଜାଳ, ଯାନ ସଂସାଧନ।"
"ବିପଦ ମାମଲା ପରିଚାଳନାର ଗୁରୁତ୍ୱ କ’ଣ?","ପୁନରୁଦ୍ଧାର ସାଧନ ପ୍ରାପ୍ତି, ସେବା ସମନ୍ୱୟ, କ୍ଷତି ସଫଳତାର ସହିତ ଅବସ୍ଥାପନ।"
"ଗର୍ଭବତୀ ମହିଳା କିପରି ସୁରକ୍ଷିତ?","ଖାଲି ନିର୍ଦେଶ ମାନିବେ, go-bag ତୟାରି, ପୂର୍ବରୁ ଚିକିତ୍ସା ସମ୍ପର୍କୀୟ ସହାୟତା।"
"ସ୍ଥାନୀୟ ଜ୍ଞାନ କ’ଣ ଗୁରୁତ୍ୱପୂର୍ଣ୍ଣ?","ଉଚ୍ଚ-ঝୁକିମୁକ୍ତ ଅଞ୍ଚଳ, ସୁରକ୍ଷିତ ଶେଲ୍ଟର୍, ପ୍ରଭାବଶାଳୀ ପ୍ରତିକ୍ରିୟା।"
"ହରିକେନ୍ ସୁରକ୍ଷା ବିଷୟରେ କିଛି ମିଥ୍ୟା କହାଯାଏ କ’ଣ?","ଖିଡକି ଖୋଲିବା, ଚକ୍ଷୁ ମଧ୍ୟରେ ବାହାରିବା, ମୋମବତୀ ବ୍ୟବହାର - ସବୁଠାରେ ଅସୁରକ୍ଷିତ।"
"ଡ୍ରୋନ୍ କିପରି ସାହାଯ୍ୟ କରେ?","କ୍ଷତି ମାପ, ବନ୍ଧିଥିବା ଲୋକ ଚିହ୍ନଟ, ବିପଦଜନିତ ଅଞ୍ଚଳ ନିରୀକ୍ଷଣ।"
"ସେନା କିପରି ସହଯୋଗ କରେ?","ଖାଲି, ରେସ୍କ୍ୟୁ, ସାହାଯ୍ୟ ବଣ୍ଟନ।"
"ପୂର୍ବ ଝଡ଼ ଅନୁଭବ କିପରି ପ୍ରସ୍ତୁତିକୁ ସହାୟତା କରେ?","ବିଲ୍ଡିଂ କୋଡ୍, ଖାଲି ଯୋଜନା, ସାଧାରଣ ସଚେତନତା।"
"କୋରାଲ୍ ରୀଫ୍ ପ୍ରଭାବ?","ଶକ୍ତିଶାଳୀ ତରଙ୍ଗ ଓ ଅବଶିଷ୍ଟ, ଜଳଚର ବିବିଧତା ଓ ମାଛ ଚାଷ ପ୍ରଭାବିତ।"
"ପଶୁ ପାଳନ କିପରି କରିବେ?","କ୍ୟାରିଅର୍, ଖାଦ୍ୟ, ପାଣି, ଟୀକା ରେକର୍ଡ, ID tags ସହ।"
"ସମୁଦାୟ ଆପାତକାଳୀନ କିଟ୍ ଏମିତି କ’ଣ ଥିବା ଉଚିତ?","ପାଣି, ଖାଦ୍ୟ, ପ୍ରଥମିକ ସହାୟତା, ଫ୍ଲାସଲାଇଟ୍, ବ୍ୟାଟେରି, କମ୍ଫୋର୍ଟ, ସଂଯୋଗ ଉପକରଣ।"
"ସ୍ୱୟଂସେବକ କିପରି ସାହାଯ୍ୟ କରିପାରେ?","ଖାଲି, ସାହାୟତା ବଣ୍ଟନ, ଶେଲ୍ଟର୍, ପ୍ରଥମିକ ସହାୟତା।"
"ସ୍ଥାନୀୟ NGO କ’ଣ କରେ?","ସହଯୋଗ, ଆପାତକାଳୀନ ସାଧନ, ଦୁର୍ବଳ ଲୋକଙ୍କୁ ସମର୍ଥନ।"
"ସୋସିଆଲ୍ ମିଡ଼ିଆ କିପରି ସାହାଯ୍ୟ କରେ?","ଆଲର୍ଟ୍ ପ୍ରସାରଣ, ସତ୍ୟ ସମୟ ଅଦ୍ୟତନ, ବନ୍ଧିଥିବା ଲୋକ ଚିହ୍ନଟ।"
"ପ୍ରାରମ୍ଭିକ ସତର୍କ ସିଷ୍ଟମ୍ ଭୂମିକା?","ଜୀବନ ଓ ସଂପତ୍ତିର କ୍ଷତି ହ୍ରାସ।"
"ବୋଟ୍ ସୁରକ୍ଷିତ କିପରି?","ସୁରକ୍ଷିତ ହାର୍ବରକୁ ନେବା କିମ୍ବା ଭଲ ଭାବେ ବନ୍ଧିବା।"
"ଜଳଜଳିତ ସମୁଦ୍ରରେ ମାଛମାନେ କ’ଣ କରିବେ?","ତୁରନ୍ତ ପୋର୍ଟକୁ ଫେରନ୍ତୁ, ବୋଟ୍ ସୁରକ୍ଷିତ କରନ୍ତୁ, ଝଡ଼ ସମୁଦ୍ରକୁ ଯିବେନି।"
"ସାଇକ୍ଲୋନ୍-ପ୍ରତିରୋଧକ ଗଠନ କିପରି କ୍ଷତି କମାଏ?","ଉଚ୍ଚ ପବନ, ସର୍ଜ୍, ଉଡୁଥିବା ଅବଶିଷ୍ଟ ସହିତ ଝଡ଼ରେ ସୁରକ୍ଷା।"
"ପ୍ରାଥମିକ ଓ ଦ୍ୱିତୀୟ ଝୁକିମାନେ କ’ଣ?","ପ୍ରାଥମିକ: ସିଧା (ପବନ, ସର୍ଜ୍), ଦ୍ୱିତୀୟ: ପରୋକ୍ଷ (ବନ୍ଧିବା, ରୋଗ)।"
"ସମୁଦାୟ ଡ୍ରିଲ୍ ପ୍ରସ୍ତୁତି କିପରି ସୁଧାରେ?","ଖାଲି, ସଂଯୋଗ, ସାଧନ ପ୍ରବନ୍ଧନ ପ୍ରାକ୍ଟିସ୍, ସମୟରେ ସଂକଟ କମାଏ।"
"ଜଳବାୟୁ ପରିବର୍ତ୍ତନ ଝଡ଼ ତୀବ୍ରତାରେ ପ୍ରଭାବ କ’ଣ?","ଗରମ ସମୁଦ୍ର, ବୃଦ୍ଧିତ ଝଡ଼ ତୀବ୍ରତା, ବର୍ଷା, ଅଧିକ ବିନାଶକାରୀ।"
"Question","Answer"
"ନିମ୍ନ-ସ୍ଥର ଅଞ୍ଚଳ ସବୁଠାରୁ କେନ୍ଦ୍ରୀୟ ସମ୍ଭାବନା କେନ୍ଦ୍ର?","ଏହା ବନ୍ଧିବା ଓ ସ୍ଟର୍ମ ସର୍ଜ୍ ପାଇଁ ସମ୍ବେଦନଶୀଳ, ସଂପତ୍ତି କ୍ଷତି ଓ ମୃତ୍ୟୁ ସମ୍ଭାବନା ବଢ଼ାଇଥାଏ।"
"ସାଇକ୍ଲୋନ୍ ପୁନଃପ୍ରତିଷ୍ଠାରେ ବୀମାର ଭୂମିକା କ’ଣ?","ସଂପତ୍ତି କ୍ଷତି ଆବୃତ କରେ, ଘର ପୁନରୁଦ୍ଧାରରେ ସାହାଯ୍ୟ କରେ, ଓ ପୀଡ଼ିତଙ୍କ ପାଇଁ ଆର୍ଥିକ ସହାୟତା ପ୍ରଦାନ କରେ।"
"ସାଇକ୍ଲୋନ୍ ସମୟରେ ସୌର ଶକ୍ତି କିପରି ବ୍ୟବହାର କରାଯାଇପାରେ?","ପୋର୍ଟେବଲ୍ ସୋଲାର ପ୍ୟାନେଲ୍ ଗ୍ରିଡ୍ ବିଫଳ ହେଲେ ଆପାତକାଳୀନ ବିଦ୍ୟୁତ୍ ପ୍ରଦାନ କରିପାରେ।"
"ସାଇକ୍ଲୋନ୍ ପରେ ମନୋବାଇଜ୍ଞାନିକ ସ୍ୱାସ୍ଥ୍ୟ କିପରି ଠିକ୍ କରିବା ଉଚିତ?","ମନୋଚିକିତ୍ସା, ସମର୍ଥନ ଗୋଷ୍ଠୀ, ସମୁଦାୟ ସାଧନ ମାଧ୍ୟମରେ ଚିକିତ୍ସା ଏବଂ ଚାପ ମ୍ୟାନେଜ୍‌ମେଣ୍ଟ।"
"ସାଇକ୍ଲୋନ୍ କ୍ଷତି ଡକ୍ୟୁମେଣ୍ଟ କରିବାର ଗୁରୁତ୍ୱ କ’ଣ?","ବୀମା ଦାବି, ସରକାରୀ ସାହାୟତା, ଭବିଷ୍ୟତ ପ୍ରତିରୋଧ ଯୋଜନା ପାଇଁ ଆବଶ୍ୟକ।"
"ଲିଭି ଓ ସିୱଲ୍ କିପରି ସାହାଯ୍ୟ କରେ?","ପ୍ରବାହ ହ୍ରାସ କରେ, ଜଳକୁ ବିଚ୍ଛିନ୍ନ କରେ, ସମୁଦାୟକୁ ସ୍ଟର୍ମ ସର୍ଜ୍ ଠାରୁ ସୁରକ୍ଷିତ କରେ।"
"ଠିକ୍ ପ୍ରବାହ ପ୍ରଣାଳୀର ଗୁରୁତ୍ୱ କ’ଣ?","ଜଳାବର୍ଜନରୁ ରକ୍ଷା, ବନ୍ଧିବା କ୍ଷତି କମାଏ, ସ୍ୱାଚ୍ଛତା ରକ୍ଷା କରେ।"
"ବନ୍ଧିବା ପରେ ପାଣି କିପରି ପ୍ରଶୁଦ୍ଧ କରିବେ?","ଉତ୍ତାପନ, ପୁର୍ଷ୍କୃତ ଗୋଳୀ ବ୍ୟବହାର କରନ୍ତୁ କିମ୍ବା ଛାଣନ୍ତୁ, ଜଳଜନିତ ରୋଗ ରୋକିବା ପାଇଁ।"
"ସମୁଦାୟ କିପରି ସୁରକ୍ଷିତ ଭାବରେ ଅବଶିଷ୍ଟ ପ୍ରବନ୍ଧନ କରିପାରେ?","ହାଜାରି ବିଷାକ୍ତ ଅବଶିଷ୍ଟ ଅଲଗା କରନ୍ତୁ, ସୁରକ୍ଷିତ ପୋଷାକ ପିନ୍ଧନ୍ତୁ, ପ୍ରଶାସନ ସହ ସମନ୍ୱୟ କରନ୍ତୁ।"
"ସ୍ଥାନୀୟ ସରକାରୀ ଏଜେନ୍ସୀ କିପରି ସମନ୍ୱୟ କରନ୍ତି?","ତଥ୍ୟ ଅଂଶୀକରଣ, ସାଧନ ପରିଚାଳନା, ଖାଲି ନେତୃତ୍ୱ, ସାଧାରଣ ଜନସାଧାରଣ ସହ ସଂଯୋଗ।"
"ରିଭର୍ସ 911 କ’ଣ?","ସ୍ୱୟଂଚାଳିତ ସିଷ୍ଟମ୍ ଯାହା ନିବାସୀଙ୍କୁ ଝୁକିମୁକ୍ତ ଓ ଖାଲି ନିର୍ଦେଶ ବିଷୟରେ ସୂଚିତ କରେ।"
"ଖାଲି ଯୋଜନା ସମୟରେ ଗାଡ଼ି କିପରି ବ୍ୟବହାର କରିବେ?","ବନ୍ଧିଥିବା ଅଞ୍ଚଳ ମାଧ୍ୟମରେ ଚଳାନ କରିବେ ନାହିଁ, ନିର୍ଦିଷ୍ଟ ପଥ ଅନୁସରଣ କରନ୍ତୁ, ଇନ୍ଧନ ରଖନ୍ତୁ।"
"ବ୍ୟାକଅପ୍ ସଂଯୋଗ ଚ୍ୟାନେଲ୍ ଗୁରୁତ୍ୱ କ’ଣ?","ମୂଳ ନେଟୱାର୍କ ବିଫଳ ହେଲେ ସୂଚନା ଅବ୍ୟହତ ରଖେ।"
"ଆପାତକାଳୀନ ଶେଲ୍ଟର୍ ସ୍ୱତନ୍ତ୍ର ଆବଶ୍ୟକତାର ସମୁଦାୟକୁ କିପରି ସମର୍ଥନ କରେ?","ସୁବିଧାଜନକ ସୁରକ୍ଷିତ ଶେଲ୍ଟର୍, ଚିକିତ୍ସା ସେବା, ଚଳନଶୀଳ କିମ୍ବା ସୁଣିବାରେ ଅସମର୍ଥ ବ୍ୟକ୍ତିଙ୍କୁ ସାହାଯ୍ୟ।"
"ପରିବାର ପାଇଁ go-bagର ମୁଖ୍ୟ ସାଧନ କ’ଣ?","ପାଣି, ଖାଦ୍ୟ, ଔଷଧ, ବସ୍ତ୍ର, ଗୁରୁତ୍ୱପୂର୍ଣ୍ଣ ଡକ୍ୟୁମେଣ୍ଟ, ଫ୍ଲାସଲାଇଟ୍, ବ୍ୟାଟେରି ସହିତ ରେଡିଓ।"
"ଶିକ୍ଷକମାନେ ଛାତ୍ରଛାତ୍ରୀଙ୍କୁ କିପରି ସାଇକ୍ଲୋନ୍ ବିଷୟରେ ଶିକ୍ଷା ଦେଇପାରିବେ?","କ୍ଲାସରୁମ୍ ପାଠ, ଡ୍ରିଲ୍, ଝୁକିମୁକ୍ତ ଓ ସୁରକ୍ଷା ବିଷୟରେ ଆকৰ୍ଷକ ଶିକ୍ଷାଦାନ ସାଧନ।"
"ସାଇକ୍ଲୋନ୍ ପରିଚାଳନାର ମୁଖ୍ୟ ପର୍ଯ୍ୟାୟ କ’ଣ?","ପ୍ରସ୍ତୁତି, ପ୍ରତିକ୍ରିୟା, ପୁନଃପ୍ରତିଷ୍ଠା, ପ୍ରତିରୋଧ।"
"ସ୍ୱୟଂସେବକମାନେ ପୋଷ୍ଟ-ଷ୍ଟର୍ମ ସଫାଇରେ କିପରି ସାହାଯ୍ୟ କରନ୍ତି?","ଅବଶିଷ୍ଟ ହଟାନ୍ତୁ, ଗଠନ ପୁନରୁଦ୍ଧାର କରନ୍ତୁ, ପ୍ରଭାବିତ ପରିବାରକୁ ସମର୍ଥନ।"
"ସାଇକ୍ଲୋନ୍ ପୁନଃପ୍ରତିଷ୍ଠାରେ ସାଧାରଣ ସାହାଯ୍ୟ କ’ଣ?","ପରୋସ୍ତ ଦେଶୀୟ ସମୁଦାୟ କିମ୍ବା ସଂସ୍ଥା ସାଧନ ଓ କର୍ମଶକ୍ତି ସହାୟତା ଦେଇଥାଏ।"
"ଦୀର୍ଘକାଳୀନ ସୁସ୍ଥିରତା ପାଇଁ ସମୁଦାୟ କିପରି ପରିକଳ୍ପନା କରିପାରେ?","ଢାଞ୍ଚାରେ ନିବେଶ, ନିର୍ମାଣ କୋଡ୍ ଲାଗୁ କରନ୍ତୁ, ଲୋକକୁ ଶିକ୍ଷା ଦିଅନ୍ତୁ, ଏବଂ ଆପାତକାଳୀନ ଯୋଜନା ରଖନ୍ତୁ।"
"ସ୍ଥାନୀୟ ପାଣିମଣ୍ଡଳ ଅଫିସର ଭୂମିକା କ’ଣ?","ଝଡ଼ ପୂର୍ବାନୁମାନ, ଆଲର୍ଟ୍ ଜାରି, ସାଧାରଣ ଜନଙ୍କୁ ଦିଗଦର୍ଶନ।"
"ରିମୋଟ୍ ସେନ୍ସିଂ କିପରି ସାଇକ୍ଲୋନ୍ ପରିଚାଳନାରେ ସାହାଯ୍ୟ କରେ?","ଝଡ଼ ବିକାଶ ନିରୀକ୍ଷଣ, ଗତି ଟ୍ରାକ୍, ପୋଷ୍ଟ-ଷ୍ଟର୍ମ କ୍ଷତି ମୂଲ୍ୟାଙ୍କନ।"
"ଷ୍ଟର୍ମ ସର୍ଜ୍ ମ୍ୟାପ୍ କ’ଣ?","ଷ୍ଟର୍ମ-ଚାଲିତ ସମୁଦ୍ର ସ୍ତର ବୃଦ୍ଧିରୁ ବନ୍ଧିବା ଅଞ୍ଚଳ ଦେଖାଏ।"
"କୃଷକମାନେ ସାଇକ୍ଲୋନ୍ ସମୟରେ ଫସଲ ସୁରକ୍ଷିତ କିପରି କରିବେ?","ପୂର୍ବ ସଂଗ୍ରହ, ଗଠନ ସୁରକ୍ଷିତ, ସୁରକ୍ଷାକର ପରିଚ୍ଛଦ, ଆଲୋଚନା ଅନୁସରଣ।"
"ବ୍ୟବସାୟୀମାନେ ସାଇକ୍ଲୋନ୍ ପାଇଁ କିପରି ପ୍ରସ୍ତୁତ?","ସତତା ଯୋଜନା, ସଂପଦ ସୁରକ୍ଷିତ, ଡାଟା ବ୍ୟାକଅପ୍, ଆପାତକାଳୀନ ପ୍ରକ୍ରିୟା ପାଇଁ କର୍ମଚାରୀ ଶିକ୍ଷା।"
"ସାଇକ୍ଲୋନ୍ ସମୟରେ ରେଡ୍ କ୍ରସ୍ ଭୂମିକା କ’ଣ?","ଶେଲ୍ଟର୍, ଚିକିତ୍ସା ସାହାୟତା, ଖାଦ୍ୟ, ଦୁର୍ଘଟନା ସମନ୍ୱୟ।"
"ସାଇକ୍ଲୋନ୍ ପରେ ହସ୍ପିଟାଲ୍ କିପରି ପ୍ରାଥମିକତା ଦିଅନ୍ତି?","ମହତ୍ତ୍ୱପୂର୍ଣ୍ଣ ରୋଗୀକୁ ପ୍ରଥମେ ଚିକିତ୍ସା, ଟ୍ରାୟାଜ୍ ମ୍ୟାନେଜ୍‌, ଆବଶ୍ୟକ ସେବା ପୁନଃସ୍ଥାପନ।"
"ସାଇକ୍ଲୋନ୍ ପରେ ସାଧାରଣ ବିଦ୍ୟୁତ୍ ଝୁକିମାନେ କ’ଣ?","ପତିତ ପାୱାର୍ ଲାଇନ୍, ବନ୍ଧିଥିବା ଇଲେକ୍ଟ୍ରିକ୍ ସିଷ୍ଟମ୍, ଖୋଲା ତାର।"
"ସମୁଦାୟ କିପରି ଜଳଜନିତ ରୋଗ ରୋକିପାରେ?","ପାଣି ଉତ୍ତାପନ, ବନ୍ଧିଥିବା ଜଳ ସହ ସଂପର୍କ ଏଡ଼ାନ୍ତୁ, ସ୍ୱାଚ୍ଛତା ରଖନ୍ତୁ।"
"ପୂର୍ବ-ଅବସ୍ଥାନ ମହତ୍ୱ କ’ଣ?","ମୃତ୍ୟୁ କମାଏ, ଆହତ ରୋକିବା, ଏବଂ ଆପାତକାଳୀନ ସେବା ପ୍ରଭାବଶାଳୀ।"
"ସ୍ଥାନୀୟ ରେଡିଓ ଷ୍ଟେସନ୍ ସାଇକ୍ଲୋନ୍ ସମୟରେ କିପରି ସାହାଯ୍ୟ କରେ?","ଅଦ୍ୟତନ, ସତର୍କ ସୂଚନା, ସୁରକ୍ଷା ନିର୍ଦେଶ ପ୍ରସାରଣ।"
"ସାଇକ୍ଲୋନ୍ ସମୟରେ ଉଚ୍ଚ-ଜୁକ୍ତ ବ୍ୟବହାର କ’ଣ?","ବନ୍ଧିଥିବା ଜଳ ମାଧ୍ୟମରେ ଗାଡ଼ି ଚଳାନ, ଖାଲି ନିର୍ଦେଶ ଅବହେଳା, ଖିଡକି ସମୀପ ରହିବା।"
"ସାଇକ୍ଲୋନ୍ ସମୟରେ କମ-ଜୁକ୍ତ ବ୍ୟବହାର କ’ଣ?","ଅଧିକାରିକ ନିର୍ଦେଶ ଅନୁସରଣ, ସୁରକ୍ଷିତ ରହିବା, ଆପାତକାଳୀନ ସାଧନ ସହିତ।"
"ଆନ୍ତର୍ଜାତୀୟ ସଂଗଠନ କିପରି ସାହାଯ୍ୟ କରେ?","ଧନ, ବିଶେଷଜ୍ଞ, ସାଧନ, ସ୍ଥାନୀୟ ପ୍ରଶାସନ ସହ ସମନ୍ୱୟ।"
"GIS କିପରି ସାଇକ୍ଲୋନ୍ ପରିଚାଳନାରେ ବ୍ୟବହୃତ?","ଝୁକିମାନେ, ଖାଲି ପଥ, ସାଧନ ମ୍ୟାପ୍ କରି ପ୍ରସ୍ତୁତି ଓ ପ୍ରତିକ୍ରିୟା ସହାୟତା।"
"ସାଇକ୍ଲୋନ୍ ସମୟରେ କୌନସି କାନୁନୀ ଦାୟିତ୍ୱ କ’ଣ?","ସତର୍କ ସୂଚନା ଜାରି, ଖାଲି ନେତୃତ୍ୱ, ସାଧାରଣ ସୁରକ୍ଷା ବ୍ୟବସ୍ଥା।"
"ସାଇକ୍ଲୋନ୍ ସମୟରେ ଖାଦ୍ୟ କିପରି ସଂରକ୍ଷିତ?","ନିରାପଦ, ସିଲ୍, ପ୍ରତ୍ୟେକ ବ୍ୟକ୍ତି ପାଇଁ ଅତିରିକ୍ତ 3 ଦିନ ପରିମାଣ।"
"ନେଟୱାର୍କ ବନ୍ଧ ହେଲେ କିପରି ସଂଯୋଗ କରିବେ?","ରେଡିଓ, ସାଟେଲାଇଟ୍ ଫୋନ୍, ପୂର୍ବ-ନିର୍ଦ୍ଧାରିତ ସ୍ଥାନ।"
"ପରିବାର ଆପାତକାଳୀନ ବୈଠକର ଗୁରୁତ୍ୱ କ’ଣ?","ସମସ୍ତଙ୍କୁ ଯୋଜନା, ସଂଯୋଗ, ଖାଲି ପଥ ଜଣାଇ।"
"ସମୁଦାୟ ନେତାଙ୍କ ଦାୟିତ୍ୱ କ’ଣ?","ପ୍ରତିକ୍ରିୟା ସମନ୍ୱୟ, ସାଧନ ବଣ୍ଟନ, ଲୋକଙ୍କୁ ସୂଚନା, ଦୁର୍ବଳଙ୍କୁ ସମର୍ଥନ।"
"ଗଠନ ଖାଲି ଲକ୍ଷଣ କିପରି ପରିଚୟ କରିବେ?","ଦିଆଳରେ ଚିର, ଛତ ହେମିଂ, ତିଳ୍ଟିଡ୍ ଗଠନ, ଜଳ ପ୍ରବେଶ।"
"ପ୍ରଯୁକ୍ତି କିପରି ସାଇକ୍ଲୋନ୍ ପ୍ରତିକ୍ରିୟା ସୁଧାରିପାରେ?","ଡ୍ରୋନ୍, AI, ପ୍ରାରମ୍ଭିକ ସତର୍କ, ତଥ୍ୟ ବିଶ୍ଳେଷଣ ସୁଧାରା।"
"ଷ୍ଟର୍ମ ସର୍ଜ୍ ବିଷୟରେ ସାଧାରଣ ମିଥ୍ୟା କ’ଣ?","ଜଳସ୍ତର ଧୀରେ ବୃଦ୍ଧି କରେ କିମ୍ବା ସମୁଦ୍ରତଟକୁ କେବଳ ପ୍ରଭାବିତ; ପ୍ରକୃତରେ ଦ୍ରୁତ ଓ ଭିତରକୁ ସର୍ଜ୍ କରିପାରେ।"
"ସମୁଦାୟ ବନ୍ଧିଥିବା ଲୋକଙ୍କୁ କିପରି ସମର୍ଥନ କରିପାରେ?","ତାଳିକାଗତ ଆଶ୍ରୟ, ଖାଦ୍ୟ, ଚିକିତ୍ସା ସାହାୟତା, ମାନସିକ ସମର୍ଥନ।"
"ସାଇକ୍ଲୋନ୍ ତୀବ୍ରତା କିପରି ଶ୍ରେଣୀକୃତ?","ବାୟୁ ଗତି, କେନ୍ଦ୍ରୀୟ ଚାପ, ସମ୍ଭାବ୍ୟ କ୍ଷତି (Saffir-Simpson କିମ୍ବା ସ୍ଥାନୀୟ ମାପ)।"
"ସ୍ଥାନୀୟ ଆପାତକାଳୀନ ଯୋଜନା କିପରି ସୁରକ୍ଷା ବୃଦ୍ଧି କରେ?","ଦାୟିତ୍ୱ, ସଂଯୋଗ, ଖାଲି ପଥ ପୂର୍ବ-ନିର୍ଦ୍ଧାରିତ, ଅସ୍ପଷ୍ଟତା କମାଏ।"
"ସାଇକ୍ଲୋନ୍ ବିଷୟରେ ଅବିରତ ଶିକ୍ଷାର ଗୁରୁତ୍ୱ କ’ଣ?","ସାଧାରଣ ଜାଣକାରୀ ରଖେ, ପ୍ରସ୍ତୁତି ବୃଦ୍ଧି କରେ, ଭବିଷ୍ୟତ ଘଟଣାରେ ଝୁକିମ କମାଏ।"
"ମୁଖ୍ୟ ସାଇକ୍ଲୋନ୍ ଠାରୁ ଶିକ୍ଷା କ’ଣ?","ପ୍ରାରମ୍ଭିକ ସତର୍କତା ଜୀବନ ବଞ୍ଚାଏ, ସୁସ୍ଥିର ଢାଞ୍ଚା କ୍ଷତି କମାଏ, ସମନ୍ୱୟ ପୁନଃପ୍ରତିଷ୍ଠା ସୁଧାରେ।"
"ସାଇକ୍ଲୋନ୍ ସୁରକ୍ଷା ବିଷୟରେ ଛାତ୍ରଛାତ୍ରୀ କିପରି ଶିକ୍ଷିତ କରାଯିବ?","ବୟସ-ଅନୁକୂଳ ପାଠ, ଡ୍ରିଲ୍, ପରିବାର ପ୍ରସ୍ତୁତି ଯୋଜନାରେ ସହଭାଗୀ କରିବା।"
"ସାମାଜିକ ସମର୍ଥନ ଜାଲର ଭୂମିକା କ’ଣ?","ଆପାତକାଳୀନ ଓ ପରେ ଭାବନାତ୍ମକ, ଲଜିଷ୍ଟିକ୍, ସାମଗ୍ରୀକ ସାହାୟତା ପ୍ରଦାନ।"
"ଚକ୍ରବାତ ସମୟରେ ବାନ୍ୟାର ଝୁଞ୍ଜଟର ସୂଚକ କ'ଣ କ'ଣ?","ନିମ୍ନ ସ୍ତର, ସମୁଦ୍ରକୂଳ ସନିକଟତା, ଐତିହାସିକ ବାନ୍ୟା ରେକର୍ଡ୍‌, ଏବଂ ଭାରି ବର୍ଷା।"
"ଚକ୍ରବାତ ପ୍ରସ୍ତୁତିରେ ବ୍ୟକ୍ତିଗତ ଦାୟିତ୍ୱର ଗୁରୁତ୍ୱ କ'ଣ?","ଯେଉଁ ଲୋକ ପ୍ରସ୍ତୁତ ହୁଅନ୍ତି ସେମାନେ ଏମର୍ଜେନ୍ସି ସେବାରେ ଚାପ କମାନ୍ତି ଏବଂ ବଞ୍ଚିବାର ସମ୍ଭାବନା ବଢ଼ାନ୍ତି।"
"ଚକ୍ରବାତ ପରେ ବିପଦଜନକ ରସାୟନଗୁଡ଼ିକୁ କିପରି ହ୍ୟାଣ୍ଡଲ୍ କରିବେ?","ସ୍ପର୍ଶ କରନ୍ତୁ ନାହିଁ, କାର୍ଯ୍ୟାଧିକାରୀଙ୍କୁ ରିପୋର୍ଟ କରନ୍ତୁ ଏବଂ ଦୂଷିତ ହେବାରୁ ବଚନ୍ତୁ।"
"ଚକ୍ରବାତ ପରେ ସାଧାରଣ ମନୋବୃତ୍ତିକ ପ୍ରଭାବ କ'ଣ କ'ଣ?","ଚିନ୍ତା, ଦୁଃଖ, PTSD, ଶୋକ, ଏବଂ କ୍ଷତି ଓ ବିକ୍ଷିପ୍ତ ଜୀବନ ଯାପନ ପରିଷ୍କାରରେ ଚାପ।"
"ଦୀର୍ଘକାଳୀନ ହ୍ରାସକାରୀ ପ୍ରତିକାର ପାଇଁ ପ୍ରମୁଖ କৌশଳ କ'ଣ?","ଢଞ୍ଞା ସମ୍ବଳିତ ପ୍ରତିଷ୍ଠାନ, ଜମି-ବ୍ୟବହାର ଯୋଜନାରେ ସୁଧାର, ସମୁଦାୟ ଶିକ୍ଷା, ଏବଂ ପରିବେଶ ସୁରକ୍ଷା।"
"ଟ୍ସୁନାମି କ'ଣ?","ବଡ଼ ପରିମାଣରେ ପାଣି ହଠାତ୍ ଚଳିତ ହେବାରୁ ସମୁଦ୍ରରେ ତରଙ୍ଗମାଳା।"
"ଟ୍ସୁନାମି କ'ଣ କାରଣରୁ ହୁଏ?","ଜଳମଖୀନ ଭୂକମ୍ପ, ଆଗ୍ନେୟଗ୍ରହ ଉଦ୍ଗରଣ, ଭୂସ୍ଖଳନ କିମ୍ବା ଉଲ୍କାପିଣ୍ଡ ପ୍ରଭାବ।"
"ସାଧାରଣତଃ କ'ଣ କାରଣରୁ ଟ୍ସୁନାମି ଘଟେ?","ମାଗ୍ନିଚୁଡ଼ 7.0 କିମ୍ବା ତାହାଠାରୁ ଅଧିକ ଥିବା ଜଳମଖୀନ ଭୂକମ୍ପ।"
"ଟ୍ସୁନାମି ସୃଷ୍ଟି କରିବା ପାଇଁ ଭୂକମ୍ପ କେତେ ଗଭୀର ହେବା ଦରକାର?","ସାଧାରଣତଃ ସମୁଦ୍ର ତଳରେ 70 କିଲୋମିଟରରୁ କମ ଗଭୀରତା।"
"କେଉଁ ଧରଣର ଭୂତଳ ଚଳନ ଟ୍ସୁନାମି ସୃଷ୍ଟି କରେ?","ଭୂମିକାର୍ଯ୍ୟର ଉର୍ଦ୍ଧ୍ୱ ଚଳନ, ଅନୁହର୍ଜ ଛାଲନ ନୁହେଁ।"
"ଆଗ୍ନେୟଗ୍ରହ ଉଦ୍ଗରଣ କି ଟ୍ସୁନାମି ସୃଷ୍ଟି କରିପାରେ?","ହଁ, ବିସ୍ଫୋଟକ ଉଦ୍ଗରଣ କିମ୍ବା ଆଗ୍ନେୟଗ୍ରହ ଧସ୍ତି ଜଳକୁ ସ୍ଥାନାନ୍ତର କରିପାରେ।"
"ଭୂସ୍ଖଳନ କି ଟ୍ସୁନାମି ସୃଷ୍ଟି କରିପାରେ?","ହଁ, ଜଳମଖୀନ କିମ୍ବା କୂଳୀୟ ଭୂସ୍ଖଳନ ସ୍ଥାନୀୟ ଟ୍ସୁନାମି ଘଟାଇପାରେ।"
"ଇତିହାସରେ ସବୁଠୁ ମୃତ୍ୟୁଘାତକ ଟ୍ସୁନାମି କେଉଁଟି?","2004 ଭାରତ ମହାସାଗର ଟ୍ସୁନାମି, ଯାହାରେ 2,30,000 ରୁ ଅଧିକ ଲୋକ ମୃତ।"
"ସବୁଠୁ ବଡ଼ ଟ୍ସୁନାମି ତରଙ୍ଗ କେତେ ଥିଲା?","1958 Lituya Bay, Alaska - 524 ମିଟର (1,720 ଫୁଟ) ଉଚ୍ଚତାରେ।"
"ଗଭୀର ସମୁଦ୍ରରେ ଟ୍ସୁନାମି କେତେ ଗତିରେ ଯାଏ?","500-800 km/h, ବଣ୍ଟି କମର୍ସିଆଲ୍ ଜେଟ୍‌ର ଗତି ସମାନ।"
"ଅଳ୍ପ ଗଭୀର ସମୁଦ୍ରରେ ଟ୍ସୁନାମି କେତେ ଗତିରେ ଯାଏ?","50-100 km/h ପର୍ଯ୍ୟନ୍ତ ଧୀରେ, କିନ୍ତୁ ଉଚ୍ଚତା ବଢ଼େ।"
"କେଉଁଠାରେ ଟ୍ସୁନାମି ଧୀରେ ହୁଏ?","ପାଣି ଶୀଘ୍ରତା କମାଏ କିନ୍ତୁ ଉଚ୍ଚତା ବଢ଼ାଇ ଦିଏ।"
"ଟ୍ସୁନାମି ତରଙ୍ଗ କେତେ ଉଚ୍ଚତାର ହୋଇପାରେ?","ସାଧାରଣତଃ 3-30 ମିଟର, ଚରମ କେସରେ 40 ମିଟରରୁ ଅଧିକ।"
"ଟ୍ସୁନାମି ରନ୍-ଅପ୍ କ'ଣ?","ସାମୁଦ୍ର ସ୍ତରରୁ ଜଳ ନିମ୍ନଭୂମିରେ ପହଞ୍ଚିଥିବା ସର୍ବାଧିକ ଉଚ୍ଚତା।"
"ଟ୍ସୁନାମି କେତେ ଦୂର ଭିତରେ ପହଞ୍ଚିପାରେ?","ସମତଳ କୂଳୀୟ ପ୍ରାଙ୍ଗଣରେ 10 କି.ମି. ପର୍ଯ୍ୟନ୍ତ।"
"ସମସ୍ତ ଟ୍ସୁନାମି ତରଙ୍ଗ ସମାନ ହୁଏ କି?","ନାହିଁ, ତରଙ୍ଗର ଆକାର ଭିନ୍ନ, ସର୍ବାଧିକ ପ୍ରଥମ ତରଙ୍ଗ ନୁହେଁ।"
"ଟ୍ସୁନାମିରେ କେତେ ତରଙ୍ଗ ଥାଏ?","ଘଣ୍ଟା ହେଉଥିବା ବହୁତ ତରଙ୍ଗ, ପରବର୍ତ୍ତୀ ତରଙ୍ଗ ପ୍ରଥମ ତରଙ୍ଗଠାରୁ ବଡ଼ ହୋଇପାରେ।"
"ଟରଙ୍ଗ ମଧ୍ୟରେ ସମୟ ମାପ କେତେ?","ସାଧାରଣତଃ 10-45 ମିନିଟ୍ ତରଙ୍ଗ ଶୀର୍ଷକ୍ଷେପ ମଧ୍ୟରେ।"
"ସବୁ ସମୟ ଟ୍ସୁନାମି ବଡ଼ ଜଳ ଦେଖାଏ କି?","ନାହିଁ, ପ୍ରାୟତଃ ଦ୍ରୁତ ବଢ଼ୁଥିବା ମହାସାଗର ବା ତେଜ ଭାବରେ ବଢ଼ୁଥିବା ବାହୁତ ବାହାରିକ ବାହାର।"
"ଟ୍ସୁନାମି ବୋର୍ କ'ଣ?","ନଦୀ ଏବଂ ସଙ୍କୀର୍ଣ୍ଣ ଖାଲିରେ ଗଢ଼ିଥିବା ଉତ୍ତେଜିତ ଜଳର ପ୍ରାଣୀ।"
"ଟ୍ସୁନାମି ପূର୍ବ ସୂଚନା ସୂଚକ କ'ଣ କ'ଣ?","ସମୁଦ୍ର କୂଳ ନିକଟରେ 20 ସେକେଣ୍ଡ୍ ଅଧିକ ଭାବରେ ଭୂକମ୍ପ।"
"ପୂର୍ବ ଟ୍ସୁନାମି ସମୟରେ ସମୁଦ୍ର ପାଣି ପଛକୁ ଯିବାର ଅର୍ଥ କ'ଣ?","ଜଳ ହଠାତ୍ ହଟିଯାଏ, ସମୁଦ୍ର ତଳ ଏବଂ ସାମୁଦ୍ରିକ ପ୍ରାଣୀ ଦେଖାଯାଏ।"
"ପଛକୁ ହଟିଥିବା ସମୁଦ୍ର ତଳକୁ ଦେଖିବା ଉଚିତ କି?","ନାହିଁ, ତୁରନ୍ତ ଉଚ୍ଚ ଜମିକୁ ପଳାନ୍ତୁ - ଟ୍ସୁନାମି ଆସୁଛି।"
"ଟ୍ସୁନାମି ପূର୍ବରୁ କ'ଣ ଶବ୍ଦ ଶୁଣାଯାଏ?","ଭାରୀ ଟ୍ରେନ୍ କିମ୍ବା ଜେଟ୍ ଇଞ୍ଜିନ୍ ଭଳି ଶବ୍ଦ।"
"ପ୍ରାଣୀମାନେ ମାନବଙ୍କ ପୂର୍ବରୁ ଟ୍ସୁନାମି ସୂଚନା ପାଇପାରନ୍ତି କି?","ପ୍ରାଣୀ ଅସାଧାରଣ ଚଳନ କରିପାରନ୍ତି, କିନ୍ତୁ ଏହାକୁ ସୂଚନା ଭାବରେ ନିର୍ଭର କରନ୍ତୁ ନାହିଁ।"
"କୂଳରେ ଭାବିବା ପରେ କ'ଣ କରିବେ?","ତୁରନ୍ତ ଉଚ୍ଚ ଜମିକୁ ପଳାନ୍ତୁ, ସରକାରୀ ସୂଚନା ପାଇଁ ଅପେକ୍ଷା କରନ୍ତୁ ନାହିଁ।"
"ଭୂକମ୍ପ ପରେ ପଳାଇବା ପାଇଁ କେତେ ସମୟ ମିଳେ?","ନିକଟ ଟ୍ସୁନାମି ପାଇଁ ସାଧାରଣତଃ 15-30 ମିନିଟ୍, ଦୂର ଟ୍ସୁନାମି ପାଇଁ ଘଣ୍ଟା।"
"ଦୁର୍ବଳ ଭୂକମ୍ପ ହେଲେ କ'ଣ?","ଦୂର ଭୂକମ୍ପ ମଧ୍ୟ ଟ୍ସୁନାମି ସୃଷ୍ଟି କରିପାରେ, ଅନ୍ୟ ସୂଚକ ପାଇଁ ସଜାଗ ରୁହନ୍ତୁ।"
"ସରକାରୀ ସୂଚନା ପାଇଁ ଅପେକ୍ଷା କରିବା ଉଚିତ କି?","ନାହିଁ, ପୃଥିବୀ ଚିହ୍ନରେ ଉଚ୍ଚ ଜମିକୁ ତୁରନ୍ତ ପଳାନ୍ତୁ।"
"ଭାବିବା ହେଲେ କିଛି ନ ହୋଇ ସମୁଦ୍ର ପଛକୁ ଯିବା ଦେଖିଲେ କ'ଣ?","ତୁରନ୍ତ ପଳାନ୍ତୁ - ଦୂର ଉତ୍ସରୁ ଆସୁଥିବା ହୋଇପାରେ।"
"ସାଧାରଣ ଭୂକମ୍ପ ଟ୍ସୁନାମି ଘଟାଇପାରେ କି?","କମ, କିନ୍ତୁ ଛୋଟ ଭୂକମ୍ପ ଜଳମଖୀନ ଭୂସ୍ଖଳନକୁ ଉତ୍ସାହିତ କରିପାରେ।"
"ପାଣି ଅସାଧାରଣ ଦ୍ରୁତ ବଢ଼ିଲେ କ'ଣ?","ତୁରନ୍ତ ପଳାନ୍ତୁ, ଏହା ପ୍ରଥମ ତରଙ୍ଗ ହୋଇପାରେ।"
"ଟ୍ସୁନାମି ସୂଚନା କିଏ ଜାରି କରେ?","ରାଷ୍ଟ୍ରୀୟ ଟ୍ସୁନାମି ସୂଚନା କେନ୍ଦ୍ର ଏବଂ ସ୍ଥାନୀୟ ଏମର୍ଜେନ୍ସି ମ୍ୟାନେଜମେଣ୍ଟ।"
"ଟ୍ସୁନାମି ଅବଜର୍ଭ କ'ଣ?","ଭୂକମ୍ପ ତଥ୍ୟରେ ଟ୍ସୁନାମି ସମ୍ଭାବ୍ୟ, ସଚେତନ ରୁହନ୍ତୁ।"
"ଟ୍ସୁନାମି ସୁଚନା କ'ଣ?","ଶକ୍ତିଶାଳୀ ଝରଣା ଆଶା, ଜଳ ମଧ୍ୟରେ ରୁହନ୍ତୁ, କିନ୍ତୁ ପଳାଇବା ଆବଶ୍ୟକ ନୁହେଁ।"
"ଟ୍ସୁନାମି ଓର୍ଡର କ'ଣ?","ଧାରାଣୀୟ ଟ୍ସୁନାମି ତରଙ୍ଗ ଆଶା, ତୁରନ୍ତ ପଳାନ୍ତୁ।"
"ଟ୍ସୁନାମି ସୂଚନା କେମିତି ପ୍ରସାରିତ କରାଯାଏ?","ସାଇରେନ୍, ରେଡିଓ, TV, ସେଲ୍ଫୋନ୍ ଏଲର୍ଟ୍‌, ସୋସିଆଲ୍ ମିଡ଼ିଆ।"
"ଟ୍ସୁନାମି ସୂଚନା ହେଲେ କ'ଣ କରିବେ?","ତୁରନ୍ତ ଉଚ୍ଚ ଜମିକୁ କିମ୍ବା ଅନ୍ତର୍ଦେଶରେ ପଳାନ୍ତୁ।"
"ସୂଚନା କେତେ ସମୟ ପୂର୍ବରୁ ଦିଏ?","ଟ୍ସୁନାମି ସ୍ଥଳରୁ ଦୂରତା ଉପରେ ନିର୍ଭର କରି ମିନିଟ୍ ରୁ ଘଣ୍ଟା।"
"ସୂଚନା ପ୍ରଣାଳୀ ବିଫଳ ହେଲେ କ'ଣ?","ପୃଥିବୀ ଚିହ୍ନ ଉପରେ ନିର୍ଭର କରନ୍ତୁ ଏବଂ ଟ୍ସୁନାମି ଦେଖିବା ପୂର୍ବରୁ ପଳାନ୍ତୁ।"
"ଟ୍ସୁନାମି ଦେଖିବା ପୂର୍ବରୁ ସଂଶୟ କରିବାକୁ ଅପେକ୍ଷା କରିବେ କି?","ନାହିଁ, ଦେଖିବା ସମୟରେ ବଞ୍ଚିବା ସମ୍ଭବ ନୁହେଁ।"
"କ'ଣ ପ୍ରଯୁକ୍ତି ଟ୍ସୁନାମି ଚିହ୍ନଟ କରେ?","ଗଭୀର ସମୁଦ୍ର ବୁଏ, କୂଳୀୟ ଟାଇଡ୍‌ ଗେଜ୍‌, ସିସମୋଗ୍ରାଫ୍‌।"
"ଗଭୀର ସମୁଦ୍ର ବୁଏ କେମିତି କାମ କରେ?","ସମୁଦ୍ର ତଳରେ ଚାପ ପରିବର୍ତ୍ତନ ଚିହ୍ନଟ କରି ସାଟେଲାଇଟ୍‌ ମାଧ୍ୟମରେ ତଥ୍ୟ ପଠାଏ।"
"DART ପ୍ରଣାଳୀ କ'ଣ?","ଗଭୀର ସମୁଦ୍ର ମୂଲ୍ୟାଙ୍କନ ଏବଂ ରିପୋର୍ଟିଂ ବୁଏ ନେଟୱର୍କ।"
"ଟ୍ସୁନାମି ସୂଚନା କେତେ ନିର୍ଭରଣୀୟ?","ସନ୍ଧାନ ପାଇଁ ବହୁତ ନିର୍ଭରଣୀୟ, କିନ୍ତୁ ଉଚ୍ଚତା ଏବଂ ପହଞ୍ଚିବା ସମୟର ଅନୁମାନ ଭିନ୍ନ ହୁଏ।"
"ଟ୍ସୁନାମିକୁ ଆବହାବା ଭଳି ଅନୁମାନ କରିପାରିବ କି?","ନାହିଁ, ସେମାନେ କେବଳ ଟ୍ରିଗର ଘଟଣା ପରେ ଚିହ୍ନଟ ହୋଇପାରିବ।"
"ଟ୍ସୁନାମି ଆପତ୍କାଳୀନ କିଟ୍‌ରେ କ'ଣ ଥିବା ଉଚିତ?","ପାଣି, ଖାଦ୍ୟ, ଫ୍ଲାସଲାଇଟ୍‌, ରେଡିଓ, ପ୍ରଥମ ଚିକିତ୍ସା କିଟ୍‌, ଗୁରୁତ୍ୱପୂର୍ଣ୍ଣ ଡକ୍ୟୁମେଣ୍ଟ, ମଜବୁତ୍‌ ଜୁତା।"
"ଟ୍ସୁନାମି ପାଇଁ କେତେ ପାଣି ସଞ୍ଚୟ କରିବା ଉଚିତ?","ପ୍ରତିଜନ ପ୍ରତିଦିନ 1 ଗ୍ୟାଲନ୍‌ ପାଣି, ଅତିକମ୍ 3 ଦିନ ପାଇଁ।"
"ଟ୍ସୁନାମି ଆପତ୍କାଳୀନ ପାଇଁ କେଉଁ ଧରଣର ରେଡିଓ ସର୍ବୋତ୍ତମ?","ବ୍ୟାଟେରୀ ଚାଳିତ କିମ୍ବା ହାଣ୍ଡ-କ୍ରାଙ୍କ୍ ଓଁଲାଇନ୍‌ ରେଡିଓ ସହିତ NOAA ସତର୍କତା।"
"ଟ୍ସୁନାମିରୁ କ'ଣ ଡକ୍ୟୁମେଣ୍ଟ ସୁରକ୍ଷିତ କରିବେ?","ID, ବୀମା ପେପର୍, ଚିକିତ୍ସା ରେକର୍ଡ୍‌ଗୁଡ଼ିକୁ ଜଳରୁ ରକ୍ଷା ପାଇଁ ଓଁଲାଇନ୍‌ କଣ୍ଟେନରରେ ରଖନ୍ତୁ।"
"କାର୍ଯ୍ୟସ୍ଥଳରେ ଆପତ୍କାଳୀନ ସାମଗ୍ରୀ ରଖିବା ଉଚିତ କି?","ହଁ, କାର୍ଯ୍ୟସ୍ଥଳରେ 72 ଘଣ୍ଟା ପାଇଁ ସାମଗ୍ରୀ ସହିତ କିଟ୍‌।"
"ଟ୍ସୁନାମି ପଳାନ୍ତୁବାଳା ପାଇଁ କେଉଁ ଜୁତା ସର୍ବୋତ୍ତମ?","ମଜବୁତ୍‌ ବନ୍ଦ-ଟୋ ଜୁତା, ଯାହା ଦୌଡ଼ିବା ସମୟରେ ଛିନ୍ନ ହେବା ନାହିଁ।"
"ଟ୍ସୁନାମି ପାଇଁ ଘର ପ୍ରସ୍ତୁତ କିପରି କରିବେ?","ପଳାଇବା ରାସ୍ତା ଜାଣନ୍ତୁ, ପାଣି ହିଟର୍ ସୁରକ୍ଷିତ କରନ୍ତୁ, ୟୁଟିଲିଟି ଉଚ୍ଚ କରନ୍ତୁ, ଆପତ୍କାଳୀନ କିଟ୍‌ ରଖନ୍ତୁ।"
"ଟ୍ସୁନାମି ଜୋନରେ ଘର ଉଚ୍ଚ କରିବା ଉଚିତ କି?","ଯଦି ଢାଞ୍ଞା ଏବଂ ଆର୍ଥିକ ଭାବରେ ସମ୍ଭବ, ପୋଷ୍ଟ/ପିଲିଂରେ ଉଚ୍ଚତା ବିଚାର କରନ୍ତୁ।"
"କେଉଁ ବୀମା ଟ୍ସୁନାମି କ୍ଷତିକୁ ଆବୃତ୍ କରେ?","ବାନ୍ୟା ବୀମା କିଛି କ୍ଷତିକୁ ଆବୃତ୍ କରିପାରେ, ପଲିସି ତଥ୍ୟ ଯାଞ୍ଚ କରନ୍ତୁ।"
"ଟ୍ସୁନାମି ପରିବାର ଯୋଜନା କିପରି ବନାଇବେ?","ମିଟିଂ ସ୍ଥାନ, ପଳାଇବା ରାସ୍ତା, ସଂପ୍ରେଷଣ ମାଧ୍ୟମ, ଦୂରରେ ସମ୍ପର୍କ।"
"ଟ୍ସୁନାମି ପରେ ପରିବାର ଏକାଠା କେଉଁଠାରେ ହେବ?","ସମସ୍ତଙ୍କ ପାଇଁ ପହଞ୍ଚିପାରିବା ସମୁଦ୍ରକୂଳ ରୁ ଦୂର ଉଚ୍ଚ ଜମି।"
"ଟ୍ସୁନାମି ପଳାଇବା କିପରି ଅଭ୍ୟାସ କରିବେ?","ପଳାଇବା ରାସ୍ତା ଚାଲନ୍ତୁ, ସମୟ ମାପନ୍ତୁ, ବିଭିନ୍ନ ସମୟରେ ଅଭ୍ୟାସ କରନ୍ତୁ।"
"ପଳାଇବା ସମୟରେ ପରିବାର ଜଣେ ବିଭକ୍ତ ହେଲେ କ'ଣ କରିବେ?","ପୂର୍ବନିର୍ଧାରିତ ସ୍ଥାନ ଏବଂ ଦୂରସ୍ଥ ସମ୍ପର୍କ ବ୍ୟବହାର କରନ୍ତୁ।"
"ପ୍ରାଣୀ ପଳାଇବା ପ୍ରସ୍ତୁତି କିପରି କରିବେ?","କ୍ୟାରିଅର୍‌, ଲିଶ୍‌, ଖାଦ୍ୟ, ପାଣି, ଔଷଧ, ପରିଚୟ ପତ୍ର।"
"ଟ୍ସୁନାମି ପଳାଇବା ସମୟରେ ଗାଡ଼ି ଚଳାଇପାରିବେ କି?","ଅବଶ୍ୟକ ହେଲେ ମାତ୍ର, ଟ୍ରାଫିକ୍ ଭିତ୍ତିକ ହୋଇପାରେ - ପାଦଚାଳି ସାଧାରଣତଃ ଶୀଘ୍ର।"
"ଭୂକମ୍ପ ସମୟରେ ସମୁଦ୍ରକୂଳରେ ଥିଲେ କ'ଣ କରିବେ?","ପଡ଼ନ୍ତୁ, ଢାକିବା, ଧରନ୍ତୁ, ତାପରେ ହଠାତ୍ ଉଚ୍ଚ ଜମିକୁ ପଳାନ୍ତୁ।"
"ଟ୍ସୁନାମି ସୂଚନା ହେଲେ ନୌକାରେ ଥିଲେ କ'ଣ କରିବେ?","ଗଭୀର ପାଣିରେ ଥିଲେ ତାହାଁରେ ରୁହନ୍ତୁ, କୂଳରେ ଥିଲେ ଜମିକୁ ଯାଆନ୍ତୁ ଏବଂ ଅନ୍ତର୍ଦେଶକୁ ଗତି କରନ୍ତୁ।"
"ଟ୍ସୁନାମି ପଳାଇବା ସମୟରେ କେତେ ଉଚ୍ଚ ସୁରକ୍ଷିତ?","ସାମୁଦ୍ର ସ୍ତରରୁ କମସେ କମ 30 ମିଟର (100 ଫୁଟ) କିମ୍ବା 2 କି.ମି. ଭିତର।"
"ଉଚ୍ଚ ଜମି ନାହିଁ ଥିଲେ କ'ଣ କରିବେ?","ଯଥାସମ୍ଭବ ଭିତରକୁ ଯାଆନ୍ତୁ, ମଜବୁତ୍‌ ଅଫିସ/ଭବନର ଉପର ତଳକୁ ଖୋଜନ୍ତୁ।"
"ଟ୍ସୁନାମି ପଳାଇବା ସମୟରେ ଲିଫ୍ଟ୍‌ ବ୍ୟବହାର କରିବେ କି?","ନାହିଁ, ପାୱାର୍ ବିଫଳ ହେଲେ ଶିଖର ବ୍ୟବହାର କରନ୍ତୁ।"
"ଟ୍ସୁନାମି ସୂଚନା ହେଲେ ଗାଡ଼ି ଚଳାଉଥିବା ସମୟରେ କ'ଣ କରିବେ?","ସୁରକ୍ଷିତ ଭାବରେ ପାର୍କ୍ କରନ୍ତୁ, ଆପତ୍କାଳୀନ କିଟ୍‌ ନିଅନ୍ତୁ, ପାଦଚାଳି ଉଚ୍ଚ ଜମିକୁ ପଳାନ୍ତୁ।"
"ଟ୍ସୁନାମିକୁ ଗାଡ଼ିରେ ପଳାଇବା ଶକ୍ୟ?","ଅସମ୍ଭବ ଟ୍ରାଫିକ୍‌, ଢେଙ୍କା, ଏବଂ ଟ୍ସୁନାମି ଗତି - ପାଦଚାଳି ସମ୍ଭବ ହେଲେ ପଳାନ୍ତୁ।"
"ପଳାଇବା ରାସ୍ତା ବାଧା ହେଲେ କ'ଣ କରିବେ?","ଉଚ୍ଚ ଜମିକୁ ବିକଳ୍ପ ରାସ୍ତା ଖୋଜନ୍ତୁ, ବିପଦସ୍ଥଳକୁ ଫେରିବେ ନାହିଁ।"
"ପଳାଇବା ସମୟରେ ଅନ୍ୟଙ୍କୁ ସାହାଯ୍ୟ କରିବେ କି?","ସୁରକ୍ଷିତ ଥିଲେ କରନ୍ତୁ, ଜୀବନ ବିପଦରେ ନ ପଡ଼ନ୍ତୁ।"
"ପଳାଇବା ସମୟରେ ଆହତ ବ୍ୟକ୍ତି ମିଳିଲେ କ'ଣ କରିବେ?","ସମ୍ଭବ ହେଲେ ସାହାଯ୍ୟ କରନ୍ତୁ, କିନ୍ତୁ ପ୍ରଥମେ ସୁରକ୍ଷିତ ସ୍ଥାନକୁ ଯାଆନ୍ତୁ।"
"ଚଳନ ସୀମିତ ବ୍ୟକ୍ତି ସହ ପଳାଇବା କିପରି?","ପୂର୍ବପରିକଳ୍ପନା କରନ୍ତୁ, ହ୍ୱିଲଚେୟାର୍/ୱାକର୍ ବ୍ୟବହାର କରନ୍ତୁ, ଅନ୍ୟଙ୍କରୁ ସାହାଯ୍ୟ ନିଅନ୍ତୁ।"
"ସନ୍ତାନ ସହିତ ପଳାଇବା ସମୟରେ କ'ଣ କରିବେ?","ଶିଶୁ ଧରନ୍ତୁ, ଛୋଟ ବାଳକ ହାତ ଧରନ୍ତୁ, ପଳାଇବା ଅଭ୍ୟାସ କରନ୍ତୁ।"
"ବୃଦ୍ଧ/ଦୁର୍ବଳ ବ୍ୟକ୍ତି ପଳାଇବେ କି?","ହଁ, ସାହାଯ୍ୟ ଏବଂ ପରିବହନ ପୂର୍ବପରିକଳ୍ପନା କରନ୍ତୁ।"
"ନିର୍ଦ୍ଦିଷ୍ଟ ପଳାଇବା ଅଞ୍ଚଳ ପହଞ୍ଚିପାରିବେ ନାହିଁ?","ଉଚ୍ଚ ଜମିକୁ ଯାଆନ୍ତୁ, ଭବନର ଉପର ତଳକୁ ବ୍ୟବହାର କରନ୍ତୁ।"
"ଟ୍ସୁନାମି ପାଣିରେ ପଡ଼ିଲେ କ'ଣ କରିବେ?","ତରଙ୍ଗରେ ତରଙ୍ଗିତ ଜିନିଷ ଧରନ୍ତୁ, ପାୱାର୍ ଲାଇନ୍‌ ଏଡ଼ାନ୍ତୁ, ଶୀଘ୍ର ବାହାର ହେବାକୁ ଚେଷ୍ଟା କରନ୍ତୁ।"
"ଟ୍ସୁନାମି ପାଣିରେ ସ୍ନାନ କରିପାରିବେ କି?","ଅତ୍ୟନ୍ତ କଠିନ, ଢେଙ୍କା ଏବଂ ଶକ୍ତିଶାଳୀ ପ୍ରବାହ ରହିଛି - ସମ୍ଭବ ହେଲେ ଏଡ଼ାନ୍ତୁ।"
"ପାଣି ଚାରିପାଖରେ ବଢ଼ୁଥିଲେ କ'ଣ କରିବେ?","ଉପଲବ୍ଧ ସର୍ବାଧିକ ସ୍ଥାନକୁ ଚଢ଼ନ୍ତୁ, ସାହାଯ୍ୟ ଡାକନ୍ତୁ, ବିଦ୍ୟୁତ୍ ବିପଦ ଏଡ଼ାନ୍ତୁ।"
"ଟ୍ସୁନାମି ସମୟରେ ଭବନରେ ପ୍ରବେଶ କରିବେ କି?","କେବଳ ଶକ୍ତିଶାଳୀ, ଉଚ୍ଚ ଭବନ, ଶେଷ ବିକଳ୍ପ - ଉଚ୍ଚ ଜମି ଭଲ।"
"ଟ୍ସୁନାମି ଆସି ସ୍ବେପ୍ଟ ହେଲେ କ'ଣ କରିବେ?","ତରଙ୍ଗିତ ଜିନିଷ ଧରନ୍ତୁ, ମୁଣ୍ଡକୁ ଢକନ୍ତୁ, ସୁରକ୍ଷିତ ସ୍ଥାନକୁ ତରଙ୍ଗିତ ହେବା ପୂର୍ବରୁ ସ୍ନାନ କରନ୍ତୁ।"
"ଟ୍ସୁନାମି ପାଣିରେ ବଞ୍ଚିପାରିବେ କି?","ସମ୍ଭବ, କିନ୍ତୁ ଝୁଞ୍ଜଟପୂର୍ଣ୍ଣ ଡେବ୍ରି, ଦୂଷଣ, ଏବଂ ଶକ୍ତିଶାଳୀ ପ୍ରବାହ।"
"ଟ୍ସୁନାମି ସମୟରେ ଭବନରେ ଫସିଗଲେ କ'ଣ କରିବେ?","ସର୍ବୋଚ୍ଚ ତଳକୁ ଯାଆନ୍ତୁ, ସାହାଯ୍ୟ ପାଇଁ ସଂକେତ କରନ୍ତୁ, ଜନ୍ତ୍ରଣା ଉପରେ ରହନ୍ତୁ।"
"ଟ୍ସୁନାମି ସମୟରେ ସାମଗ୍ରୀ ପାଇଁ ଫେରିବେ କି?","କେବେ ନାହିଁ, ସାମଗ୍ରୀ ପୁନଃପ୍ରାପ୍ତ ହୋଇପାରିବ, ଜୀବନ ନୁହେଁ।"
"ପଳାଇବା ସମୟରେ କେହି ଭୁଲିଗଲେ କ'ଣ କରିବେ?","ଫେରିବେ ନାହିଁ, ନିର୍ଦ୍ଦିଷ୍ଟ ସ୍ଥାନ ସୂଚନା ଆପତ୍କାଳୀନ କର୍ମଚାରୀଙ୍କୁ ଦିଅନ୍ତୁ।"
"ପଳାଇବା ଅଞ୍ଚଳରେ କେତେ ସମୟ ରହିବେ?","କ୍ଷେତ୍ରଧିକାରୀ ସବୁ ନିର୍ଦ୍ଦେଶ ଦେଉଁ ଯାଏଁ ପର୍ଯ୍ୟନ୍ତ, ସାଧାରଣତଃ ଶେଷ ତରଙ୍ଗ ପରେ କିଛି ଘଣ୍ଟା।"
"ପଳାଇବା ସମୟରେ ଟ୍ସୁନାମି ସାଇରେନ୍ ଶୁଣିଲେ କ'ଣ କରିବେ?","ଅତି ସତର୍କ ହୋଇ ପଳାନ୍ତୁ, ସାଇରେନ୍ ବିପଦ ସୂଚାଇଛି।"
"ଟ୍ସୁନାମି ପାଣି ପିଇପାରିବେ କି?","ନାହିଁ, ଲୁଣିଆ, ଢେଙ୍କା ଏବଂ ବିପଦଜନକ ସାମଗ୍ରୀ ମିଶିଛି।"
"ଦୀର୍ଘ ପଳାଇବା ସମୟରେ ଭୁକ୍ତ ହେଲେ କ'ଣ କରିବେ?","ଆପତ୍କାଳୀନ ଖାଦ୍ୟ ସଞ୍ଚୟ ବାଣ୍ଟନ୍ତୁ, ସାହାଯ୍ୟ ପହଞ୍ଚିବାକୁ କିଛି ଘଣ୍ଟା ଲାଗିପାରେ।"
"ଟ୍ସୁନାମି ସମୟରେ ସେଲ୍ ଫୋନ୍ ବ୍ୟବହାର କରିବେ କି?","କେବଳ ଆପତ୍କାଳୀନ ପାଇଁ, ବ୍ୟାଟେରୀ ରକ୍ଷା କରନ୍ତୁ ଏବଂ ନେଟୱର୍କ ଓଭରଲୋଡ୍ ନ କରନ୍ତୁ।"
"ଟ୍ସୁନାମି ପରେ କେବେ ସୁରକ୍ଷିତ ଫେରିବେ?","କ୍ଷେତ୍ରଧିକାରୀ ସବୁ ନିର୍ଦ୍ଦେଶ ଦେଲେ ଏବଂ ବିପଦ ଯାଞ୍ଚ କଲେ।"
"ଟ୍ସୁନାମି ପରେ ପ୍ରଥମେ କ'ଣ ଯାଞ୍ଚ କରିବେ?","ଢାଞ୍ଞା କ୍ଷତି, ବିଦ୍ୟୁତ୍ ବିପଦ, ଗ୍ୟାସ୍ ଲିକ୍‌, ଦୂଷିତ ପାଣି।"
"ଟ୍ସୁନାମି ପରେ ଗ୍ୟାସ୍ ଲିକ୍‌ ଯାଞ୍ଚ କିପରି କରିବେ?","ଗ୍ୟାସ୍ ଗନ୍ଧ, ସିସା ସୁଣନ୍ତୁ, ମେନ୍ ଭାଲ୍ଭ୍‌ ବନ୍ଦ୍ କରନ୍ତୁ, ଗ୍ୟାସ୍ କମ୍ପାନୀକୁ କଲ୍ କରନ୍ତୁ।"
"ଟ୍ସୁନାମି ଦ୍ୱାରା ଘର ବାନ୍ୟା ହେଲେ କ'ଣ କରିବେ?","ଯାଞ୍ଚ ପୂର୍ବରୁ ପ୍ରବେଶ କରନ୍ତୁ ନାହିଁ, ଦୂଷଣ ଧାରଣ କରନ୍ତୁ, ଫୋଟୋ ସହ କ୍ଷତି ଡକ୍ୟୁମେଣ୍ଟ କରନ୍ତୁ।"
"ଟ୍ସୁନାମି ପରେ ନଳ ପାଣି ପିଇବେ କି?","କ୍ଷେତ୍ରଧିକାରୀ ସୁରକ୍ଷା ନିଶ୍ଚିତ କରିବା ପର୍ଯ୍ୟନ୍ତ ନାହିଁ, ବୋତଲ ବା ଉକ୍ତ ପାଣି ବ୍ୟବହାର କରନ୍ତୁ।"
"ଟ୍ସୁନାମି ପରେ କିପରି ସଫା କରିବେ?","ସୁରକ୍ଷା ପୋଶାକ ପିନ୍ଧନ୍ତୁ, ଦୂଷିତ ସାମଗ୍ରୀ ହଟାନ୍ତୁ, ପୃଷ୍ଠଭୂମି ସଫା ଏବଂ ନିଶ୍ଚିତ ଭାବରେ ଡିସଇନଫେକ୍ଟ କରନ୍ତୁ।"
"ଟ୍ସୁନାମି ପରେ କ'ଣ ଫେଙ୍ଗିବେ?","ଜଳ ସଂପର୍କିତ ଖାଦ୍ୟ, କ୍ଷତିଗ୍ରସ୍ତ ବିଦ୍ୟୁତ୍ ସାମଗ୍ରୀ, କାର୍ପେଟ୍ ପରି ସୁକୁମାର ସାମଗ୍ରୀ।"
"ଟ୍ସୁନାମି ଢେଙ୍କା ସହ କିପରି ବ୍ୟବହାର କରିବେ?","ଏକାକୀ ହାତଲାଗେନ୍ତୁ ନାହିଁ, ବଡ଼ ଢେଙ୍କା ପ୍ରାଧିକାରୀଙ୍କୁ ରିପୋର୍ଟ କରନ୍ତୁ, ବିପଦଜନକ ସାମଗ୍ରୀ ପାଇଁ ସତର୍କ ରୁହନ୍ତୁ।"
"ଟ୍ସୁନାମି ପରେ ଯଦି ଇଉଟିଲିଟି କ୍ଷତିଗ୍ରସ୍ତ ହୋଇଛି?","ପ୍ରୋଫେସନାଲ ଯାଞ୍ଚ ଏବଂ ମରାମତି ହେବା ପର୍ଯ୍ୟନ୍ତ ବ୍ୟବହାର କରନ୍ତୁ ନାହିଁ।"
"ଟ୍ସୁନାମି ପରେ ଗାଡ଼ିରେ ପ୍ରବେଶ କରିବେ କି?","ପ୍ରଥମେ ଯାଞ୍ଚ କରନ୍ତୁ, ଲୁଣିଆ ଜଳ ବିଦ୍ୟୁତ୍ ଏବଂ ମେକାନିକାଲ ସିଷ୍ଟମ୍‌କୁ କ୍ଷତି କରିପାରେ।"
"ଟ୍ସୁନାମି କ୍ଷତି ପାଇଁ ବୀମା ଡକ୍ୟୁମେଣ୍ଟ କିପରି କରିବେ?","ସଫା କରିବା ପୂର୍ବରୁ ଫୋଟୋ/ଭିଡିଓ ନିଅନ୍ତୁ, ରସିଦ ରଖନ୍ତୁ, ବୀମା କମ୍ପାନୀ ସହ ତତ୍କାଳ ସମ୍ପର୍କ କରନ୍ତୁ।"
"ଟ୍ସୁନାମି ପରେ ସାଧାରଣ ଭାବାତ୍ମକ ପ୍ରତିକ୍ରିୟା କ'ଣ?","ଚିନ୍ତା, ଦୁଃଖ, କ୍ରୋଧ, ନିଦ୍ରାରେ କଠିନାଇ - ସବୁ ସାଧାରଣ ମାନସିକ ଚାପ ପ୍ରତିକ୍ରିୟା।"
"ଟ୍ସୁନାମି ପରେ କେବେ ମାନସିକ ସ୍ୱାସ୍ଥ୍ୟ ସହାୟତା ନିଅନ୍ତୁ?","ଲକ୍ଷଣ ଅବିରତ ରହିବା ବା ଦୈନନ୍ଦିନ କାର୍ଯ୍ୟରେ ବାଧା ଦେଲେ।"
"ଟ୍ସୁନାମି ଆଘାତ ସହିତ ସନ୍ତାନକୁ କିପରି ସାହାଯ୍ୟ କରିବେ?","ଆଶ୍ବାସନ ଦିଅନ୍ତୁ, ଦୈନନ୍ଦିନ କ୍ରମ ରଖନ୍ତୁ, ସତ୍ୟ ସହିତ ବୟସ ପାଇଁ ଉଚିତ ସୂଚନା ଦିଅନ୍ତୁ।"
"ଟ୍ସୁନାମିରେ ଗୁରୁତ୍ୱପୂର୍ଣ୍ଣ ଡକ୍ୟୁମେଣ୍ଟ ହରାଇଲେ କ'ଣ କରିବେ?","ID, ବୀମା କାଗଜ, ଚିକିତ୍ସା ରେକର୍ଡ ପୁନଃପ୍ରାପ୍ତି ପାଇଁ ସଂସ୍ଥା ସହ ସମ୍ପର୍କ କରନ୍ତୁ।"
"ଟ୍ସୁନାମି ପରେ ହରାଇଯାଇଥିବା ପରିବାର ସଦସ୍ୟଙ୍କୁ କିପରି ଖୋଜିବେ?","ରେଡ୍ କ୍ରସ୍ ସହ ସମ୍ପର୍କ କରନ୍ତୁ, ଆପତ୍କାଳୀନ ଶେଲ୍ଟର ଯାଞ୍ଚ କରନ୍ତୁ, ସୁରକ୍ଷିତ ଭାବରେ ସୋସିଆଲ୍ ମିଡିଆ ବ୍ୟବହାର କରନ୍ତୁ।"
"ଟ୍ସୁନାମି ପରେ କେଉଁ ସହାୟତା ମିଳେ?","FEMA ସହାୟତା, ରେଡ୍ କ୍ରସ୍ ସହାୟତା, ସ୍ଥାନୀୟ ଚାରିଟି ସହାୟତା, ବୀମା ଦାବି।"
"ଟ୍ସୁନାମି ପୁନର୍ନିର୍ମାଣ କେତେ ସମୟ ନେଇଥାଏ?","କ୍ଷତି ଗଭୀରତା ଏବଂ ଉପଲବ୍ଧ ସାଧନ ଉପରେ ନିର୍ଭର କରି ମାସ ରୁ ବର୍ଷ ପର୍ଯ୍ୟନ୍ତ।"
"ଟ୍ସୁନାମି ପରେ ସେଇ ଅଞ୍ଚଳରେ ପୁନର୍ନିର୍ମାଣ କରିବା ଉଚିତ କି?","ଉଚ୍ଚତା, ସେଟ୍‌ବ୍ୟାକ୍‌, ଏବଂ ଉନ୍ନତ ନିର୍ମାଣ ପଦ୍ଧତି ବିଚାର କରନ୍ତୁ।"
"ଟ୍ସୁନାମି-ପ୍ରତିରୋଧୀ ନିର୍ମାଣ କ'ଣ?","ଉଚ୍ଚ ଗଠନ, ବ୍ରେକୱେ ଦିଆ ଦେବା ଦିଆଳ, ଶକ୍ତିଶାଳୀ ସାମଗ୍ରୀ, ଯଥାପ୍ରକାର ଡ୍ରେନେଜ୍‌।"
"ବର୍ତ୍ତମାନ ଭବନକୁ ଟ୍ସୁନାମି-ପ୍ରତିରୋଧୀ କିପରି କରିବେ?","ଯୁଟିଲିଟି ଉଚ୍ଚ କରନ୍ତୁ, ବାନ୍ୟା ଭେଣ୍ଟ୍ ସ୍ଥାପନ କରନ୍ତୁ, ଫାଉଣ୍ଡେସନ୍ ସୁଦୃଢ କରନ୍ତୁ, ପଳାଇବା ରାସ୍ତା ସୃଷ୍ଟି କରନ୍ତୁ।"
"ଟ୍ସୁନାମି ପାଇଁ କିଏ ଲ୍ୟାଣ୍ଡସ୍କେପିଂ ସହାୟକ?","ସ୍ୱଦେଶୀ ଉଦ୍ଭିଦ, ପ୍ରାକୃତିକ ବାଧା, ଯେଉଁଥିରେ ରାପ୍ ରନ୍‌ଅପ୍ ବଢ଼ାଏ ନାହିଁ ସେଉଁଥିରୁ ଏଡ଼ାନ୍ତୁ।"
"କୂଳୀୟ ସମୁଦାୟରେ ସିୱାଲ୍ ଥିବା ଉଚିତ କି?","ସାହାଯ୍ୟ କରିପାରେ କିନ୍ତୁ ଭୁଲ ସୁରକ୍ଷା ଦେଇପାରେ, ବଡ଼ ଟ୍ସୁନାମି ସାମ୍ନାରେ ପ୍ରଭାବଶାଳୀ ନୁହେଁ।"
"ଉର୍ଦ୍ଧ୍ୱ ନିର୍ବାସନ କ'ଣ?","ଆଡ଼ାକାଳୀନ ପଳାଇବା ସମ୍ଭବ ନହେଲେ ଭବନରେ ଉପରକୁ ଯିବା।"
"ଉର୍ଦ୍ଧ୍ୱ ନିର୍ବାସନ ଭବନ କେତେ ଉଚ୍ଚ ହେବା ଉଚିତ?","କମସେ କମ 4 ତଳ କିମ୍ବା ପ୍ରତୀକ୍ଷିତ ଟ୍ସୁନାମି ଶକ୍ତି ମୁକାବିଲା ପାଇଁ ଡିଜାଇନ୍ କରାଯାଇଛି।"
"ସଦୃଢ୍ ଟ୍ସୁନାମି ପଳାଇବା ଭବନ କ'ଣ କରେ?","ଶକ୍ତିଶାଳୀ କଂକ୍ରିଟ୍‌, ଇସ୍ତୀଲ୍ ଫ୍ରେମ୍‌, ପ୍ରତୀକ୍ଷିତ ତରଙ୍ଗ ଉଚ୍ଚତାରୁ ଉପରେ, ଏକାଧିକ ପ୍ରବେଶ।"
"ଟ୍ସୁନାମି ପଳାଇବା ରାସ୍ତା କିପରି ଡିଜାଇନ୍ କରିବେ?","ବିପଦ ସ୍ଥାନରୁ ଉଚ୍ଚ ଜମିକୁ ସାଧାରଣ, ସ୍ୱଚ୍ଛ ରାସ୍ତା, ଅବରୋଧ ଏବଂ ଚୋକପଏଣ୍ଟ ହ୍ରାସ କରି।"
"ପଳାଇବା ରାସ୍ତାରେ ସାଇନ୍ ଥିବା ଉଚିତ କି?","ହଁ, ସୁସ୍ପଷ୍ଟ ବହୁଭାଷୀ ସାଇନ୍, ସୁରକ୍ଷିତ ସ୍ଥାନ ପ୍ରଦର୍ଶନ କରିଥାଏ।"
"ପ୍ରାକୃତିକ ବାଧାର ଭୂମିକା କ'ଣ?","ମ୍ୟାଙ୍ଗ୍ରୋଭ୍‌, କୋରାଲ୍ ରୀଫ୍‌, ଡ୍ୟୁନ୍ସ୍ ଟ୍ସୁନାମି ଶକ୍ତି କମାଇପାରେ କିନ୍ତୁ ରୋକିପାରେ ନାହିଁ।"
"ସମୁଦାୟ କିପରି ଟ୍ସୁନାମି ଜ୍ଞାନ ଦେଇଥାଏ?","ସାଧାରଣ ଡ୍ରିଲ୍‌, ସିକ୍ଷା କ୍ୟାମ୍ପେନ୍, ଶିକ୍ଷାଳୟ ପ୍ରୋଗ୍ରାମ୍, ଚେତାବନୀ ପରୀକ୍ଷା।"
"ଟ୍ସୁନାମିରେ TsunamiReady ସର୍ଟିଫିକେସନ୍ କ'ଣ?","NOAA କାର୍ଯ୍ୟକ୍ରମ, ସମୁଦାୟର କାର୍ଯ୍ୟକ୍ଷମ ପ୍ରସ୍ତୁତିକୁ ସ୍ୱୀକୃତି ଦିଏ।"
"ସମୁଦାୟ କେତେ ସମୟ ପର୍ଯ୍ୟନ୍ତ ଡ୍ରିଲ୍ ପ୍ରାକ୍ଟିସ କରିବେ?","କମସେ କମ ପ୍ରତିବଛର, ବିପଦ ସ୍ଥଳରେ ଅଧିକ ମାଳ୍ୟ।"
"ଶିକ୍ଷାଳୟ କ'ଣ କରିବେ?","ପଳାଇବା ଯୋଜନା, ନିୟମିତ ଡ୍ରିଲ୍‌, ଅଭିଭାବକ ସୂଚନା ପ୍ରଣାଳୀ, ଉଚ୍ଚତାରେ ସୁରକ୍ଷିତ ସ୍ଥାନ।"
"ହୋଟେଲ୍ କିପରି ପ୍ରସ୍ତୁତି ନେଇଥାଏ?","ଅତିଥି ଶିକ୍ଷା, ପଳାଇବା ଯୋଜନା, କର୍ମଚାରୀ ତାଲିମ୍, ଆପତ୍କାଳୀନ ସାମଗ୍ରୀ।"
"ହସ୍ପିଟାଲ୍ କ'ଣ କରିବା ଉଚିତ?","ଉଚ୍ଚତା ଯୋଜନା, ବ୍ୟାକ୍ଅପ୍ ପାୱର୍‌, ରୋଗୀ ପଳାଇବା ପ୍ରକ୍ରିୟା, କର୍ମଚାରୀ ତାଲିମ୍।"
"ବନ୍ଦର ଏବଂ ପୋର୍ଟ କିପରି ପ୍ରସ୍ତୁତ?","ଚେତାବନୀ ପ୍ରଣାଳୀ, ଜହାଜ ପଳାଇବା ଯୋଜନା, ପାଇଁ ଢାଞ୍ଞା ସୁରକ୍ଷା, ଆପତ୍କାଳୀନ ପ୍ରତିକ୍ରିୟା।"
"ଆନ୍ତର୍ଜାତୀୟ ଟ୍ସୁନାମି ସହଯୋଗ କ'ଣ?","ଚେତାବନୀ ତଥ୍ୟ ସାଜା କରିବା, ଗବେଷଣା ସହଯୋଗ, ମାନକୃତ ଚେତାବନୀ ପ୍ରଣାଳୀ।"
"ପ୍ୟାସିଫିକ୍ ଟ୍ସୁନାମି ଚେତାବନୀ କେନ୍ଦ୍ର କ'ଣ?","ଆନ୍ତର୍ଜାତୀୟ କେନ୍ଦ୍ର, ପ୍ୟାସିଫିକ୍ ସମୁଦ୍ରର ଟ୍ସୁନାମି ଝୁମ୍ପକୁ ନିରୀକ୍ଷଣ କରେ।"
"ଭିନ୍ନ ଦେଶ କିପରି ଚେତାବନୀ ଶେୟାର କରନ୍ତି?","କ୍ଷେତ୍ରୀୟ ଚେତାବନୀ ନେଟୱର୍କ ଏବଂ ଆନ୍ତର୍ଜାତୀୟ ସଂପ୍ରେଷଣ ପ୍ରଟୋକଲ୍‌ ମାଧ୍ୟମରେ।"
"କ'ଣ ଗବେଷଣା ଟ୍ସୁନାମି ବିଜ୍ଞାନକୁ ଉନ୍ନତ କରୁଛି?","କମ୍ପ୍ୟୁଟର୍ ମଡେଲିଂ, ଐତିହାସିକ ଅଧ୍ୟୟନ, ଭୌଗୋଳିକ ଗବେଷଣା, ପୂର୍ବଚେତାବନୀ ତନ୍ତ୍ର।"
"ବୃତ୍ତାନ୍ତ ଟ୍ସୁନାମି କିପରି ଅଧ୍ୟୟନ କରନ୍ତି?","ତଳସ୍ଥଳୀ ସେଡିମେଣ୍ଟ, କୋରାଲ୍ ବୃଦ୍ଧି ପ୍ରତିକ୍ରମ, ଐତିହାସିକ ରେକର୍ଡ, ଭୌଗୋଳିକ ସାକ୍ଷ୍ୟ।"
"ପାଲିଓଟ୍ସୁନାମିଓଲୋଜି କ'ଣ?","ପୂର୍ବଇତିହାସିକ ଟ୍ସୁନାମିର ଗବେଷଣା ଭୌଗୋଳିକ ଏବଂ ଜୀବବିଜ୍ଞାନ ସାକ୍ଷ୍ୟ ମାଧ୍ୟମରେ।"
"ଟ୍ସୁନାମି ମଡେଲ୍ କିପରି କାମ କରେ?","ତରଙ୍ଗ ସୃଷ୍ଟି, ପ୍ରସାରଣ, କୂଳୀୟ ପ୍ରଭାବର କମ୍ପ୍ୟୁଟର ସିମୁଲେସନ୍।"
"କ'ଣ ନୂତନ ପ୍ରଯୁକ୍ତି ଉନ୍ନତ ହେଉଛି?","ଦ୍ରୁତ ସନ୍ଦେଶ ମାପ, ସୁଧାରିତ ମଡେଲିଂ, ଭଲ ଚେତାବନୀ ବିତରଣ।"
"କୃତ୍ରିମ ବୁଦ୍ଧି କିପରି ସାହାଯ୍ୟ କରିପାରିବ?","ତରଙ୍ଗ ପୂର୍ବାନୁମାନ, ପଳାଇବା ରାସ୍ତା ଉନ୍ନତ, ଝୁମ୍ପ ପ୍ୟାଟର୍ନ ବିଶ୍ଳେଷଣ।"
"ସମୁଦାୟ ଭିତ୍ତିକ ଚେତାବନୀ କ'ଣ?","ସ୍ଥାନୀୟ ପ୍ରଣାଳୀ ଯାହା ସରକାରୀ ଚେତାବନୀ ସହ ସହଯୋଗ କରେ।"
"ଦୀର୍ଘକାଳୀନ ପ୍ରସ୍ତୁତି କିପରି ରଖିବେ?","ନିୟମିତ ଯୋଜନା ଅଦ୍ୟତନ, ଶିକ୍ଷା, ଉପକରଣ ରକ୍ଷା, ସମୁଦାୟ ସଂପୃକ୍ତି।"
"ଟ୍ସୁନାମି ଝୁମ୍ପ ମୂଲ୍ୟାଙ୍କନ କ'ଣ?","ବିଶେଷ ଅଞ୍ଚଳ ପାଇଁ ଟ୍ସୁନାମି ସମ୍ଭାବନା ଏବଂ ପ୍ରଭାବର ବୈଜ୍ଞାନିକ ମୂଲ୍ୟାଙ୍କନ।"
"ବିକାଶ ସହ ଟ୍ସୁନାମି ଝୁମ୍ପ କିପରି ସମତୁଳିତ କରିବେ?","ଜୋନିଂ ପ୍ରତିବନ୍ଧ, ନିର୍ମାଣ କୋଡ୍‌, ସେଟ୍‌ବ୍ୟାକ୍, ଝୁମ୍ପ ଖୋଲାସା।"
"ସିକ୍ଷାର ଭୂମିକା କ'ଣ?","ପ୍ରାକୃତିକ ସୂଚନା ଚିହ୍ନଟ କରିବା ଏବଂ ଉଚିତ ପ୍ରତିକ୍ରିୟା ଶିକ୍ଷା।"
"ଟ୍ସୁନାମି ପ୍ରସ୍ତୁତି ଯୋଜନା କିପରି ଅଦ୍ୟତନ କରିବେ?","ନିୟମିତ ସମୀକ୍ଷା, ଶିକ୍ଷାର ଶିକ୍ଷା ସମ୍ମିଳିତ କରନ୍ତୁ, ସଂପର୍କ ସୂଚନା ଅଦ୍ୟତନ, ଡ୍ରିଲ୍ ପ୍ରାକ୍ଟିସ।"
"ଟ୍ସୁନାମି ପ୍ରସ୍ତୁତି କେମିତି ସଫଳ?","ସମୁଦାୟ ସଚେତନତା, କାର୍ଯ୍ୟକ୍ଷମ ଚେତାବନୀ ପ୍ରଣାଳୀ, ସ୍ପଷ୍ଟ ପଳାଇବା ରାସ୍ତା, ନିୟମିତ ଅଭ୍ୟାସ।"
"ପାରମ୍ପରିକ ଜ୍ଞାନରେ ଭରସା କରିବେ କି?","ହଁ, ଆଦିବାସୀ ଜ୍ଞାନ ପ୍ରାଚୀନ ଘଟଣା ସହିତ ମୂଲ୍ୟବାନ ସୂଚନା ଦେଇଥାଏ।"
"ରାତିରେ ଟ୍ସୁନାମି ପାଇଁ କିପରି ପ୍ରସ୍ତୁତ ହେବେ?","ଟର୍ଚ୍ ତିଆରି, ଭାବେ ଏବଂ ଅନ୍ଧକାରରେ ପ୍ରାକ୍ଟିସ କରନ୍ତୁ।"
"ଖରାପ ଆବହା ମଧ୍ୟରେ ଟ୍ସୁନାମି ହେଲେ କ'ଣ କରିବେ?","ତଥାପି ତୁରନ୍ତ ପଳାନ୍ତୁ, ଉଚ୍ଚ ଜମିରେ ସୁଦୃଢ ସେଲ୍ଟର୍ ସନ୍ଧାନ କରନ୍ତୁ।"
"ସାନ ଟ୍ସୁନାମି କିପରି ଜୋଖିମପୂର୍ଣ୍ଣ ହୋଇପାରେ?","ହଁ, ସାନ ତରଙ୍ଗରେ ମଧ୍ୟ ଶକ୍ତିଶାଳୀ ପ୍ରବାହ ରହିଥାଏ ଏବଂ ଡୁବିବା ଘଟିପାରେ।"
"ଟ୍ସୁନାମି ଏବଂ ଷ୍ଟର୍ମ ସର୍ଜ୍‌ର ତଫାତ କ'ଣ?","ଟ୍ସୁନାମି ଭୌଗୋଳିକ ଘଟଣାରୁ ହୁଏ, ଷ୍ଟର୍ମ ସର୍ଜ୍ ଆବହା ସହିତ ସୃଷ୍ଟି ହୁଏ।"
"ଟ୍ସୁନାମିକୁ ସାଧାରଣ ତରଙ୍ଗରୁ କିପରି ଚିହ୍ନଟ କରିବେ?","ଟ୍ସୁନାମି ସମ୍ପୂର୍ଣ୍ଣ ଜଳ ଧାରାକୁ ପ୍ରଭାବିତ କରେ, ଦୀର୍ଘ ସମୟ ପରିଚାଳନା ରହିଥାଏ, ଘଣ୍ଟା ପର୍ଯ୍ୟନ୍ତ ଚାଲିଥାଏ।"
"ଟ୍ସୁନାମି ପଳାଇବା ଅଞ୍ଚଳର ନିକଟରେ ଥିଲେ କ'ଣ କରିବେ?","ନିମ୍ନ-ସ୍ଥଳ ନଦୀ ଭ୍ୟାଲିରେ ଥିଲେ ବି, ପଳାଇବାକୁ ପଡ଼ିପାରେ।"
"ନଦୀ ମଧ୍ୟରେ ଟ୍ସୁନାମି ତରଙ୍ଗ ଯାଇପାରେ କି?","ହଁ, ନଦୀରେ ଯାଇ ପ୍ରାୟ ଦୂର ଦକ୍ଷିଣ ସମୁଦ୍ର ପ୍ରାଚୀର ପର୍ଯ୍ୟନ୍ତ ବନ୍ୟା ଘଟାଇପାରେ।"
"ଟ୍ସୁନାମି ପରେ ଅନ୍ୟ ଆପତ୍କାଳୀନ ଘଟଣା ପାଇଁ କିପରି ପ୍ରସ୍ତୁତ ହେବେ?","ଆଗ, ରାସାୟନିକ ଛିଡ଼ିବା, ଢାଞ୍ଞା ବିଫଳତା ପାଇଁ ଯୋଜନା କରନ୍ତୁ।"
"ଟ୍ସୁନାମି ପାଇଁ ପରମାଣୁ କାରଖାନା କ୍ଷତିଗ୍ରସ୍ତ ହେଲେ କ'ଣ କରିବେ?","ପଳାଇବା ଆଦେଶ ପାଳନ କରନ୍ତୁ, ଦିଆଯାଇଥିଲେ ପୋଟାସିୟମ୍ ଆଯୋଡାଇଡ୍ ନିଅନ୍ତୁ, ବିକିରଣ ସ୍ତର ମନିଟର୍ କରନ୍ତୁ।"
"ଜାଗତିକ ଭୂକମ୍ପ କାର୍ଯ୍ୟକଳାପ ସମ୍ପର୍କରେ ସୂଚିତ ରହିବା ଆବଶ୍ୟକ କି?","ହଁ, ବଡ଼ ଦୂର ଭୂକମ୍ପ ଘଣ୍ଟା ପରେ ଟ୍ସୁନାମି ସୃଷ୍ଟି କରିପାରେ।"
"ସବୁଠୁ ମହତ୍ତ୍ୱପୂର୍ଣ୍ଣ ଟ୍ସୁନାମି ସୁରକ୍ଷା ନିୟମ କ'ଣ?","ସନ୍ଦେହ ହେଲେ, ତୁରନ୍ତ ଉଚ୍ଚ ଜମିକୁ ପଳାଇବା।"
"ଟ୍ସୁନାମି ସୁରକ୍ଷା ପାଇଁ କିପରି ମନେ ରଖିବେ?","DROP (ଭୂକମ୍ପ), CHECK (ପ୍ରାକୃତିକ ସଙ୍କେତ), GO (ଉଚ୍ଚ ଜମିକୁ ପଳାନ୍ତୁ)।"
"ଟ୍ସୁନାମି କ'ଣ?","ବଡ଼ ପାଣିର ହଠାତ ସ୍ଥାନାନ୍ତରଣ ଦ୍ୱାରା ଉତ୍ପନ୍ନ ସମୁଦ୍ର ତରଙ୍ଗ ସମୁହ।"
"ଟ୍ସୁନାମି କାହିଁକି ହୁଏ?","ଜଳମଧ୍ୟରେ ଭୂକମ୍ପ, ଆଗ୍ନେୟଗ୍ରାହୀ ବିସ୍ଫୋରଣ, ଭୂସ୍କ୍ରୋଳ୍, ମେଟିଓରାଇଟ୍ ପ୍ରଭାବ।"
"ସବୁଠୁ ସାଧାରଣ କାରଣ କ'ଣ?","ମାଗ୍ନିଟୁଡ୍ 7.0 କିମ୍ବା ତାହାଠାରୁ ବଡ଼ ଭୂକମ୍ପ।"
"ଆଗ୍ନେୟଗ୍ରାହୀ ବିସ୍ଫୋରଣ କିପରି ଟ୍ସୁନାମି ହେବାକୁ ସମର୍ଥ?","ହଁ, ବିସ୍ଫୋରକାରୀ ବିସ୍ଫୋରଣ ବଡ଼ ପାଣି ସ୍ଥାନାନ୍ତରଣ କରିପାରେ।"
"ଭୂସ୍କ୍ରୋଳ୍ କିପରି ଟ୍ସୁନାମି ହେବାକୁ ସମର୍ଥ?","ହଁ, ଜଳମଧ୍ୟରେ କିମ୍ବା କୂଳୀୟ ଭୂସ୍କ୍ରୋଳ୍ ସ୍ଥାନୀୟ ଟ୍ସୁନାମି ଉତ୍ପନ୍ନ କରିପାରେ।"
"ଇତିହାସର ସବୁଠୁ ମାରଣାନ୍ତକ ଟ୍ସୁନାମି କ'ଣ?","2004 ଭାରତୀୟ ସମୁଦ୍ର ଟ୍ସୁନାମି, ଯେଉଁଥିରେ 2,30,000 ଅଧିକ ଲୋକ ମୃତ।"
"ସବୁଠୁ ବଡ଼ ତରଙ୍ଗ କେବେ ରେକର୍ଡ ହୋଇଛି?","1958 Lituya Bay, Alaska - 524 ମିଟର (1,720 ଫୁଟ) ଉଚ୍ଚ।"
"ଗଭୀର ସମୁଦ୍ରରେ ଟ୍ସୁନାମି କେତେ ତ୍ୱରିତ ଗତି କରେ?","500-800 km/h (300-500 mph), ବଣ୍ଜନ ବିମାନ ସହିତ ସମାନ।"
"ଶିଖର ଜଳରେ କେତେ ତ୍ୱରିତ ଗତି କରେ?","50-100 km/h (30-60 mph), କିନ୍ତୁ କୂଳରେ ତରଙ୍ଗ ଉଚ୍ଚ ହୁଏ।"
"କୂଳରେ ଟ୍ସୁନାମି ଧୀର ହେଉଛି କାହିଁକି?","ଅତିପରି ତଳସ୍ଥଳୀ ଘଷଣା ସୃଷ୍ଟି କରେ, ଗତି କମାଇ ଦିଏ, କିନ୍ତୁ ଉଚ୍ଚତା ବଢ଼ାଏ।"
"ଟ୍ସୁନାମି ତରଙ୍ଗ କେତେ ଉଚ୍ଚ ହୋଇପାରେ?","ସାଧାରଣତଃ 3-30 ମିଟର, ଅତିପରି ଘଟଣାରେ 40 ମିଟର ଉପରେ।"
"ଟ୍ସୁନାମି ରନଅପ୍ କ'ଣ?","ସମୁଦ୍ର ସ୍ତରରୁ ଭୂମିକୁ ଯାଉଥିବା ଅଧିକତମ ଉର୍ଦ୍ଧ୍ୱ ଉଚ୍ଚତା।"
"ଟ୍ସୁନାମି କେତେ ଦୂର ଭିତରକୁ ଯାଇପାରେ?","ସମତଳ କୂଳୀୟ ମାଞ୍ଚରେ 10 କି.ମି. ପର୍ଯ୍ୟନ୍ତ।"
"ସମସ୍ତ ଟ୍ସୁନାମି ତରଙ୍ଗ ସମାନ ହୋଇଥାଏ କି?","ନାହିଁ, ପରବର୍ତ୍ତୀ ତରଙ୍ଗ ପ୍ରଥମ ତରଙ୍ଗଠାରୁ ବଡ଼ ହୋଇପାରେ।"
"ଟ୍ସୁନାମି ତରଙ୍ଗ ମଧ୍ୟରେ ସମୟ କେତେ?","ସାଧାରଣତଃ 10-45 ମିନିଟ ପର୍ଯ୍ୟନ୍ତ।"
"ଟ୍ସୁନାମି ପରେ କେବେ ମାନସିକ ସ୍ୱାସ୍ଥ୍ୟ ସହାୟତା ନିଅବାକୁ ଉଚିତ?","ଲକ୍ଷଣ ଚାଲୁଥିଲେ କିମ୍ବା ଦୈନିକ କାର୍ଯ୍ୟକଳାପକୁ ବାଧା ପଢ଼ାଏ।"
"ଟ୍ସୁନାମି ଆଘାତ ସହିତ ସନ୍ତାନଙ୍କୁ କିପରି ସହାୟତା କରିବେ?","ସାନ୍ତ୍ୱନା ଦିଅନ୍ତୁ, ଦୈନିକ ରୁଟିନ ରକ୍ଷା କରନ୍ତୁ, ବୟସୁପାୟୁକ୍ତ ସଠିକ୍ ସୂଚନା ଦିଅନ୍ତୁ।"
"ଟ୍ସୁନାମିରେ ଗୁରୁତ୍ୱପୂର୍ଣ୍ଣ ଡକ୍ୟୁମେଣ୍ଟ ହରାଇଗଲେ କ'ଣ କରିବେ?","ID, ବୀମା କାଗଜ, ଚିକିତ୍ସା ରେକର୍ଡ ପୁନର୍ବାର ପାଇଁ ସଂସ୍ଥା ସହିତ ସଂଯୋଗ କରନ୍ତୁ।"
"ଟ୍ସୁନାମି ପରେ ହରାଇଥିବା ପରିବାର ସଦସ୍ୟଙ୍କୁ କିପରି ଖୋଜିବେ?","ରେଡ୍ କ୍ରସ୍ ସହିତ ସଂଯୋଗ, ଆଶ୍ରୟକେନ୍ଦ୍ର ଯାଞ୍ଚ, ସୁରକ୍ଷିତ ଭାବେ ସୋସିଆଲ୍ ମିଡ଼ିଆ ବ୍ୟବହାର କରନ୍ତୁ।"
"ଟ୍ସୁନାମି ପରେ କୌଣସି ସହାୟତା ଉପଲବ୍ଧ?","FEMA ସହାୟତା, Red Cross ସହାୟତା, ସ୍ଥାନୀୟ ଚାରିଟି, ବୀମା ଦାବି।"
"ଟ୍ସୁନାମି ପୁନର୍ବାସ କେତେ ସମୟ ନେଇଥାଏ?","କ୍ଷତି ଗଭୀରତା ଓ ସଂସାଧନ ଉପଲବ୍ଧତା ଉପରେ ନିର୍ଭର କରି ମାସ ଠାରୁ ବର୍ଷ ଧରି।"
"ଟ୍ସୁନାମି ପରେ ସେହି ସ୍ଥାନରେ ପୁନର୍ନିର୍ମାଣ କରିବା ଉଚିତ କି?","ଉଚ୍ଚତା, ସେଟ୍ବ୍ୟାକ୍, ଉନ୍ନତ ନିର୍ମାଣ ପ୍ରଣାଳୀ ବିଚାର କରନ୍ତୁ।"
"ଟ୍ସୁନାମି-ପ୍ରତିରୋଧୀ ନିର୍ମାଣ କ'ଣ?","ଉଚ୍ଚ ସଂରଚନା, ବ୍ରେକଅୱେ ଦେୱାଳ, ସୁଦୃଢ ଉପାଦାନ, ସଠିକ୍ ଡ୍ରେନେଜ୍।"
"ଉପସ୍ଥିତ ଭବନକୁ କିପରି ଟ୍ସୁନାମି-ପ୍ରତିରୋଧୀ କରିବେ?","ଉପକରଣ ଉଚ୍ଚ କରନ୍ତୁ, ଫ୍ଲଡ୍ ଭେଣ୍ଟ ସଂସ୍ଥାପନ କରନ୍ତୁ, ଫାଉଣ୍ଡେସନ୍ ଶକ୍ତିଶାଳୀ କରନ୍ତୁ, ନିକାସ୍ ପଥ ସୃଷ୍ଟି କରନ୍ତୁ।"
"କେଉଁ ପ୍ରକାର ଲ୍ୟାଣ୍ଡସ୍କେପିଂ ଟ୍ସୁନାମି ପାଇଁ ସହାୟକ?","ସ୍ଥାନୀୟ ସେଜୀବନ୍ତା, ପ୍ରାକୃତିକ ବାରିଅର, ଶକ୍ତିଶାଳୀ ପରିସର ଟାଳନ୍ତୁ ଯାହା ରନଅପ୍ ବଢ଼ାଏ।"
"ସମୁଦ୍ର କୂଳ ସମୁଦାୟରେ ସିୱାଲ୍ ଥିବା ଉଚିତ କି?","ସାହାୟକ ହୋଇପାରେ, କିନ୍ତୁ ଭୁଲ ସୁରକ୍ଷା ଭାବନା ଦେଇପାରେ, ବଡ଼ ଟ୍ସୁନାମିରେ କାର୍ଯ୍ୟକାରୀ ନୁହେଁ।"
"ସୂର୍ଯ୍ୟାଧାରିତ ପଳାଇବା କ'ଣ?","ଯେତେବେଳେ ଅଡ଼ିକ୍ଷ ରାସ୍ତାରେ ପଳାଇବା ସମ୍ଭବ ନୁହେଁ, ଭବନରେ ଉପରକୁ ଯିବା।"
"ଭର୍ଟିକାଲ୍ ପଳାଇବା ଭବନ କେତେ ଉଚ୍ଚ ହୋଇପାରିବ?","ଅତିକମ୍ 4 ମାଳ ନିମ୍ନରୁ କିମ୍ବା ଆଶାକୃତ ଟ୍ସୁନାମି ଶକ୍ତି ଧରିପାରିବା ଭାବରେ ଡିଜାଇନ୍ କରାଯାଇଛି।"
"ସୁଖାଦ ଟ୍ସୁନାମି ପଳାଇବା ଭବନ କେମିତି?","ଶକ୍ତିଶାଳୀ କଂକ୍ରିଟ୍, ଷ୍ଟିଲ୍ ଫ୍ରେମ୍, ଆଶାକୃତ ତରଙ୍ଗ ଉପରେ, ଅନେକ ନିକାସ ପଥ।"
"ଟ୍ସୁନାମି ପଳାଇବା ପଥ କିପରି ଡିଜାଇନ୍ କରିବେ?","ବ୍ୟାପକ, ସଫା ପଥ, ଅବାଧିତ ଉଚ୍ଚ ଜମିକୁ।"
"ପଳାଇବା ପଥରେ ସଙ୍କେତ ଥିବା ଉଚିତ କି?","ହଁ, ସୁସ୍ପଷ୍ଟ ବହୁଭାଷୀ ସଙ୍କେତ, ସୁରକ୍ଷିତ ସ୍ଥାନ ପର୍ଯ୍ୟନ୍ତ ଦିଶା ଓ ଦୂରତା ଦେଖାଏ।"
"ପ୍ରାକୃତିକ ବାରିଅର କ'ଣ କାର୍ଯ୍ୟ କରେ?","ମ୍ୟାଙ୍ଗ୍ରୋଭ୍, କୋରାଲ୍ ରୀଫ୍, ଟିଳ୍ ଟ୍ସୁନାମି ଶକ୍ତି କମାଏ, କିନ୍ତୁ ରୋକିପାରେ ନାହିଁ।"
"ସମୁଦାୟ କିପରି ଟ୍ସୁନାମି ଜୋଖିମ ବିଷୟରେ ଶିକ୍ଷା ଦେଇଥାଏ?","ସାଧାରଣ ଡ୍ରିଲ୍, ଶିକ୍ଷା ପ୍ରଚାର, ବିଦ୍ୟାଳୟ କାର୍ଯ୍ୟକ୍ରମ, ସତର୍କତା ପରୀକ୍ଷା।"
"ଟ୍ସୁନାମିରେ TsunamiReady ସର୍ଟିଫିକେସନ୍ କ'ଣ?","NOAA କାର୍ଯ୍ୟକ୍ରମ, ସଫଳ ପ୍ରସ୍ତୁତି ଥିବା ସମୁଦାୟକୁ ପରିଚୟ।"
"ସମୁଦାୟ କେତେ ପର୍ଯ୍ୟନ୍ତ ଟ୍ସୁନାମି ଡ୍ରିଲ୍ ଅଭ୍ୟାସ କରିବେ?","କମ୍-କମ୍ ବାର୍ଷିକ, ଉଚ୍ଚ-ଜୋଖିମ କ୍ଷେତ୍ରରେ ଅଧିକ।"
"ବିଦ୍ୟାଳୟ କ'ଣ କରିବା ଉଚିତ?","ପଳାଇବା ପ୍ରଣାଳୀ, ନିୟମିତ ଡ୍ରିଲ୍, ପିତା-ମାତା ସୂଚନା, ଉଚ୍ଚ ସୁରକ୍ଷିତ ସ୍ଥାନ।"
"ହୋଟେଲ୍ କିପରି ପ୍ରସ୍ତୁତ?","ଅତିଥି ସିଖ୍ୟା, ପଳାଇବା ପ୍ରଣାଳୀ, କର୍ମଚାରୀ ପ୍ରଶିକ୍ଷଣ, ଆପତ୍କାଳୀନ ସାମଗ୍ରୀ।"
"ହସ୍ପିଟାଲ୍ କ'ଣ କରିବା ଉଚିତ?","ଉଚ୍ଚତା ଯୋଜନା, ବ୍ୟାକଅପ୍ ପାୱାର, ରୋଗୀ ପଳାଇବା, କର୍ମଚାରୀ ପ୍ରଶିକ୍ଷଣ।"
"ବନ୍ଦର ଏବଂ ବନ୍ଦରଗାର କିପରି ପ୍ରସ୍ତୁତ?","ସତର୍କତା ପ୍ରଣାଳୀ, ଜାହାଜ ପଳାଇବା, ଢାଞ୍ଞା ସୁରକ୍ଷା, ଆପତ୍କାଳୀନ ପ୍ରତିକ୍ରିୟା।"
"ଆନ୍ତର୍ଜାତୀୟ ସହଯୋଗ କ'ଣ?","ସତର୍କତା ତଥ୍ୟ ବାଣ୍ଟନ, ଗବେଷଣା ସହଯୋଗ, ମାନକୀକୃତ ସତର୍କ ପ୍ରଣାଳୀ।"
"ପ୍ୟାସିଫିକ୍ ଟ୍ସୁନାମି ସତର୍କ କେନ୍ଦ୍ର କ'ଣ?","ଟ୍ସୁନାମି ଝୁଲ୍ ଆପତ୍କାଳ ପାଇଁ ପ୍ୟାସିଫିକ୍ ସମୁଦ୍ର ନିରୀକ୍ଷଣ କରେ।"
"ଭିନ୍ନ ଦେଶ ଟ୍ସୁନାମି ସତର୍କ କିପରି ବାଣ୍ଟନ୍ କରେ?","ଆଞ୍ଚଳିକ ସତର୍କତା ନେଟୱର୍କ ଏବଂ ଆନ୍ତର୍ଜାତୀୟ ସଂଯୋଗ ପ୍ରୋଟୋକଲ୍ ମାଧ୍ୟମରେ।"
"ଟ୍ସୁନାମି ଦ୍ୱାରା ପ୍ରାଣୀକ୍ଷେତ୍ର ନ୍ୟୁକ୍ଲିଅର ପ୍ଲାଣ୍ଟ କ୍ଷତିଗ୍ରସ୍ତ ହେଲେ କ'ଣ କରିବେ?","ପଳାଇବା ନିର୍ଦେଶ ଅନୁସରଣ କରନ୍ତୁ, ନିର୍ଦେଶ ଦିଆଗଲେ ପୋଟାସିୟମ୍ ଆୟୋଡାଇଡ୍ ନିଅନ୍ତୁ, ବିକିରଣ ସ୍ତର ନିରୀକ୍ଷଣ କରନ୍ତୁ।"
"ବିଶ୍ୱ ଭୂକମ୍ପ କାର୍ଯ୍ୟକଳାପ ବିଷୟରେ ସୂଚିତ ରହିବା ଉଚିତ କି?","ହଁ, ବଡ଼ ଦୂର ଭୂକମ୍ପ ଘଣ୍ଟା ପରେ ଟ୍ସୁନାମି ସୃଷ୍ଟି କରିପାରେ।"
"ସବୁଠାରୁ ଗୁରୁତ୍ୱପୂର୍ଣ୍ଣ ଟ୍ସୁନାମି ସୁରକ୍ଷା ନୀତି କ'ଣ?","ସନ୍ଦେହରେ ଅଛନ୍ତି, ତେବେ ତୁରନ୍ତ ପଳାଇବେ - ଉଚ୍ଚ ଜମିକୁ ଯିବେ।"
"ଟ୍ସୁନାମି ସୁରକ୍ଷା ପ୍ରାଥମିକତା କିପରି ମନେ ରଖିବେ?","DROP (ଭୂକମ୍ପ), CHECK (ପ୍ରାକୃତିକ ସଙ୍କେତ), GO (ଉଚ୍ଚ ଜମିକୁ ପଳାଇବା) ମନେ କରନ୍ତୁ।"
"ସ୍ଟର୍ମ ସର୍ଜ କ'ଣ?","ଶକ୍ତିଶାଳୀ ପବନ ଜଳକୁ କୂଳ ଦିଗକୁ ଧକ୍କା ଦେଇ ସମୁଦ୍ର ସ୍ତର ବୃଦ୍ଧି।"
"ସ୍ଟର୍ମ ସର୍ଜ କ'ଣ କାରଣ?","ହରିକେନ୍ କିମ୍ବା ଟ୍ରପିକାଲ୍ ଷ୍ଟର୍ମର ପବନ ଓ କମ୍ ପ୍ରେସର।"
"କମ୍ ପ୍ରେସର କିପରି ସର୍ଜକୁ ବୃଦ୍ଧି କରେ?","କମ୍ ପ୍ରେସର ଜଳକୁ ଉପରକୁ ଖିଂଚିବା ପରି ସମୁଦ୍ର ସ୍ତର ବଢ଼ାଏ।"
"ସର୍ଜ କେତେ ଉଚ୍ଚ ହୋଇପାରେ?","ଅତିକମ୍ 9 ମିଟର (30 ଫୁଟ୍) ହରିକେନ୍ରେ, ସାଧାରଣତଃ 1-6 ମିଟର।"
"ସର୍ଜ ଉଚ୍ଚତା କ'ଣ ନିର୍ଣୟ କରେ?","ପବନ ଗତି, ଷ୍ଟର୍ମ ଆକାର, ଆସ୍ଥିତିକୋଣ, କୂଳ ଭୂତଳ, ତାଲ ନୀତି।"
"ହରିକେନ୍ର ସବୁଠାରୁ ଜୋଖିମ କ'ଣ?","ସର୍ଜ ପ୍ରାୟ 50% ମୃତ୍ୟୁ ଘଟାଏ।"
"ସର୍ଜ କେତେ ଦୂର ଭିତରକୁ ଯାଏ?","ସାଧାରଣ ସମୁଦ୍ର ପ୍ଲେନ୍ରେ 25 କି.ମି।"
"ସ୍ଟର୍ମ ଟାଇଡ୍ କ'ଣ?","ସାଧାରଣ ନୌକା ଚଢାଉ ଟାଇଡ୍ ସହିତ ସର୍ଜ ଉଚ୍ଚତା।"
"ସର୍ଜ କେବଳ ହରିକେନ୍ ଦୌରା ହୁଏ କି?","ନୁହେଁ, ଯେକୌଣସି ଶକ୍ତିଶାଳୀ ଷ୍ଟର୍ମ ସର୍ଜ ତିଆରି କରିପାରେ।"
"ବିନ୍ଡ୍ ସେଟଅପ୍ କ'ଣ?","ଷ୍ଟର୍ମ ଆସିବା ପূର୍ବରୁ ପବନ ଦ୍ୱାରା କୂଳକୁ ଜଳ ପୁଷ୍ କରାଯିବା।"
"କୂଳ ଆକୃତି ସର୍ଜ କିପରି ପ୍ରଭାବିତ କରେ?","ଫାନ୍‌ଆକାର ଖାଳିବା ଏବଂ ନଦୀ ମୁହାଁ ଉଚ୍ଚତା ବୃଦ୍ଧି କରେ।"
"Wave setup କ'ଣ?","ସର୍ଜ ଉପରେ ଭାଙ୍ଗିଥିବା ତରଙ୍ଗ ଦ୍ୱାରା ଅତିରିକ୍ତ ଜଳସ୍ତର ବୃଦ୍ଧି।"
"ଭିନ୍ନ ପ୍ରକାର ବନ୍ଧା ଜଳାବୃତ୍ତି କ'ଣ?","କୂଳ, ନଦୀ, ହଠାତ୍, ଶହରୀ, ଭୂଗତ ଜଳ, ବନ୍ଧ ବିଫଳତା।"
"Flash flooding କ'ଣ କାରଣ?","ଭୂମି ଶୋଷଣ ଓ ନିକାସ୍ ସାମର୍ଥ୍ୟ ଅତିକ୍ରମ କରିଥିବା ଭାରି ବର୍ଷା।"
"Flash floods କେତେ ଶୀଘ୍ର ଘଟେ?","ଭାରି ବର୍ଷାରେ ମିନିଟ୍ ଠାରୁ ଘଣ୍ଟାରେ।"
"Riverine flooding କ'ଣ?","ଦୀର୍ଘ କିମ୍ବା ଭାରି ବର୍ଷା ଦ୍ୱାରା ନଦୀ ଓ ନାଳା ଓଭରଫ୍ଲୋ।"
"Urban flooding କ'ଣ?","ନିକାସ୍ ବ୍ୟବସ୍ଥା ଅତିକ୍ରମ ହେବାରେ ସହରରେ ପୃଷ୍ଠୀଜଳ ଜଳାବୃତ୍ତି।"
"Groundwater flooding କ'ଣ?","ଦୀର୍ଘ ବର୍ଷା ଦ୍ୱାରା ଜଳସ୍ତର ଭୂମି ସତହ ଉପରକୁ ବୃଦ୍ଧି।"
"100-year flood କ'ଣ?","ଏକ ଆବୃତ୍ତିରେ 1% ସମ୍ଭାବନା ସହିତ ବନ୍ଧା ଜଳାବୃତ୍ତି।"
"500-year flood କ'ଣ?","ଏକ ଆବୃତ୍ତିରେ 0.2% ସମ୍ଭାବନା ସହିତ ବନ୍ଧା ଜଳାବୃତ୍ତି।"
"Flood zones ସ୍ଥାୟୀ କି?","ନୁହେଁ, ସ୍ଥିତି ଓ ବିକାଶ ଅନୁସାରେ FEMA ନକ୍ସା ଅଦ୍ୟତନ କରେ।"
"Base flood elevation କ'ଣ?","ବିମା ଓ ନିର୍ମାଣ ପାଇଁ 100 ବର୍ଷ ଜଳାବୃତ୍ତି ସ୍ତର।"
"Storm surge zones କିପରି ନିର୍ଣୟ?","ଭିନ୍ନ ହରିକେନ୍ କ୍ୟାଟେଗରୀର worst-case ସିନାରିଓ କମ୍ପ୍ୟୁଟର ମଡେଲିଂ।"
"SLOSH model କ'ଣ?","Sea, Lake, Overland Surges from Hurricanes ପୂର୍ବାନୁମାନ କମ୍ପ୍ୟୁଟର ମଡେଲ୍।"
"Storm surge forecast map କିଏ ତିଆରି କରେ?","National Hurricane Center SLOSH ଓ ଅନ୍ୟାନ୍ୟ ମଡେଲ୍ ବ୍ୟବହାର କରି।"
"Storm surge prediction କେତେ ସଠିକ୍?","ଉଚ୍ଚତା ପାଇଁ ସାଧାରଣତଃ ସଠିକ୍, ସମୟ କିଛି ଘଣ୍ଟା ତାଲମେଳ ଭିନ୍ନ ହୋଇପାରେ।"
"Storm surge warning କେବେ ଜାରି?","ଯେତେବେଳେ 36 ଘଣ୍ଟା ମଧ୍ୟରେ ଜୀବନ-ଝୁଲାପ୍ରଦ ସର୍ଜ ଆଶଙ୍କା।"
"Storm surge warning ଦିଆଗଲେ କ'ଣ କରିବେ?","ଯଦି ସର୍ଜ ଜୋନରେ ଅଛନ୍ତି ତେବେ ତୁରନ୍ତ ପଳାଇବେ, ଉଚ୍ଚ ଜମିକୁ ଯିବେ।"
"Wind କିମ୍ବା Water ଠାରୁ ପଳାଇବା କରିବା କରିବେ?","ସଦା ପାଣି (ସର୍ଜ) ଠାରୁ ପଳାଇବେ, ପବନ ପାଇଁ ସ୍ଥଳୀୟ ଶେଲ୍ଟର।"
"Mandatory evacuation କ'ଣ?","ଜୀବନ-ଝୁଲାପ୍ରଦ ସର୍ଜ ଜୋନରୁ ବିଧିଗତ ନିର୍ଦେଶରେ ପଳାଇବା।"
"Storm surge evacuation zone କିପରି ଜାଣିବେ?","ସ୍ଥାନୀୟ ଜିଲ୍ଲା ଆପତ୍କାଳ ପରିଚାଳନା ମାନଚିତ୍ର ଦେଖନ୍ତୁ।"
"Storm surge emergency kit ରେ କ'ଣ ରଖିବେ?","ଜଳ, ଖାଦ୍ୟ, ଫ୍ଲାସଲାଇଟ୍, ରେଡିଓ, ପ୍ରଥମ ସାହାଯ୍ୟ, ଔଷଧ, ଗୁରୁତ୍ୱପୂର୍ଣ୍ଣ ଦଲିଲ।"
"Storm surge ପାଇଁ advance notice କେତେ?","ସାଧାରଣତଃ 12-36 ଘଣ୍ଟା, ଷ୍ଟର୍ମ ଗତି ଓ ପୂର୍ବାନୁମାନ ବିଶ୍ୱାସନୀୟତା ଉପରେ ନିର୍ଭର।"
"Storm surge ପାଇଁ ଜାନଲାକୁ ବୋର୍ଡ୍ କରିବେ କି?","ପ୍ରଥମେ ପଳାଇବା ଉପରେ ଧ୍ୟାନ, ବୋର୍ଡିଂ ପବନ ପାଇଁ ସହାୟକ, ସର୍ଜ ପାଇଁ ନୁହେଁ।"
"Storm surge ପାଇଁ ଘର କିପରି ପ୍ରସ୍ତୁତ କରିବେ?","ସୁବିଧା ଉଚ୍ଚ କରନ୍ତୁ, ବାହାର ଉପକରଣ ସୁରକ୍ଷିତ କରନ୍ତୁ, ଯଦି ପଳାଇବେ ତେବେ utility ବନ୍ଦ କରନ୍ତୁ।"
"Storm surge ପାଇଁ କ'ଣ ଦଲିଲ ସୁରକ୍ଷିତ କରିବେ?","ବୀମା ପତ୍ର, ID, ଚିକିତ୍ସା ରେକର୍ଡ ବା ଜଳରୋଧକ କଣ୍ଟେନରରେ।"
"Storm surge ପାଇଁ ବାଥଟବ୍ ପୁରଣ କରିବେ କି?","କେବଳ ଇନଲ୍ୟାଣ୍ଡରେ ରହିଲେ, ପଳାଇବା ଜୋନରେ ଉପକାରୀ ନୁହେଁ।"
"Storm surge ପାଇଁ ପ୍ରାଣୀ ପ୍ରସ୍ତୁତ କିପରି କରିବେ?","କ୍ୟାରିଅର୍, ଖାଦ୍ୟ, ଜଳ, ଔଷଧ, ଟୀକା, ID।"
"ପ୍ରତିଷ୍ଠାନ ସେଲ୍ଟର୍ ପ୍ରାଣୀ ଗ୍ରହଣ କରେନି?","ପ୍ରାଣୀ-ସହିତ ହୋଟେଲ୍ କିମ୍ବା ବାହାର ମିତ୍ର ସହିତ ପରିକଳ୍ପନା କରନ୍ତୁ।"
"Storm surge evacuation ଦ୍ୱାରା ଡ୍ରାଇଭ୍ କରିବେ କି?","କେବଳ ସର୍ଜ ଜୋନରୁ ବାହାର ପାଇଁ, ପରେ ପବନ ପାଇଁ ଅନ୍ୟ ଜଗାରେ ଶେଲ୍ଟର।"
"ସର୍ଜ ଜୋନ ଛାଡ଼ିବା କେବେ?","ଚେତାବନୀ ଦିଆଗଲା ସମୟରେ, ଟ୍ରପିକାଲ୍ ପବନ ଆସିବା ପୂର୍ବରୁ।"
"ସର୍ଜ ଜୋନରୁ ପଳାଇବା ନହିଁ କରିପାରିଲେ କ'ଣ?","ମଜବୁତ ଭବନର ଉଚ୍ଚ ମଝିଲା, ସର୍ଜ ସାଇଡ୍ ଜାନଲରୁ ଦୂରରେ।"
"ସର୍ଜ ଦୌରା ପଡ଼ୁଥିବା ମେଳିତ ପାଖରେ ରହିବେ କି?","କେବଳ ସେମାନଙ୍କ ସ୍ଥାନ ଅଧିକ ସୁରକ୍ଷିତ ଏବଂ ଜୋନରୁ ବାହାର ଥିଲେ।"
"Storm surge ପରିବାର ଯୋଜନା କିପରି ତିଆରି କରିବେ?","ସର୍ଜ ଜୋନରେ ଅଛନ୍ତି କି ନାହିଁ ଜାଣନ୍ତୁ, ପଳାଇବା ରାସ୍ତା, ମିଟିଂ ସ୍ଥାନ, ସଂଯୋଗ।"
"ଶିଶୁମାନେ ସର୍ଜ ବିଷୟରେ କ'ଣ ଜାଣିବା ଉଚିତ?","ସର୍ଜ ଓ ସାଧାରଣ ବନ୍ଧା ଜଳରେ ତଫାତ, ପଳାଇବା ପ୍ରକ୍ରିୟା, ମିଟିଂ ସ୍ଥାନ।"
"ସମୁଦ୍ର ସ୍ତରରୁ କେତେ ଉଚ୍ଚତାରେ ଥିଲେ ଝଡ଼ ତୁଫାନ ଜଳୋଚ୍ଛ୍ୱାସରୁ ସୁରକ୍ଷିତ?","ସ୍ଥାନୀୟ ଜଳୋଚ୍ଛ୍ୱାସର ଇତିହାସ ଓ ପୂର୍ବାନୁମାନ ଅନୁଯାୟୀ ଅତିକମ୍‌ରେ ୬-୧୦ ମିଟର।"
"ଜଳୋଚ୍ଛ୍ୱାସ ସମୟରେ ମୋବାଇଲ ଘରେ ରହିଲେ କଣ ହେବ?","ସର୍ବଦା ସ୍ଥାନାନ୍ତରିତ ହୁଅନ୍ତୁ, ମୋବାଇଲ ଘର ଜଳୋଚ୍ଛ୍ୱାସ କିମ୍ବା ହରିକେନ ପବନକୁ ପ୍ରତିରୋଧ କରିପାରେ ନାହିଁ।"
"ଜଳୋଚ୍ଛ୍ୱାସ ପାଇଁ ବାଲି ଭରା ଥୈଲା ବ୍ୟବହାର କରିବା ଉଚିତ କି?","ଜଳୋଚ୍ଛ୍ୱାସ ବିରୁଦ୍ଧରେ ଅପ୍ରଭାବୀ, ସମ୍ପତ୍ତି ସୁରକ୍ଷା ଅପେକ୍ଷା ସ୍ଥାନାନ୍ତରଣ ଉପରେ ଧ୍ୟାନ ଦିଅନ୍ତୁ।"
"ଜଳୋଚ୍ଛ୍ୱାସ ବନ୍ୟା ସମୟରେ ଗାଡ଼ି ଚଲାଇପାରିବେ କି?","କୌଣସି ବନ୍ୟା ପାଣିରେ କେବେବି ଗାଡ଼ି ଚଲାନ୍ତୁ ନାହିଁ, ଯଦିଓ ତାହା ଅଳ୍ପ ଲାଗୁଥାଏ।"
"ଜଳୋଚ୍ଛ୍ୱାସ ସମୟରେ ବନ୍ୟା ପାଣିରେ ଗାଡ଼ି ଚଲାଇବା ନିୟମ କଣ?","ଫେରି ଯାଅ, ଡୁବନ୍ତୁ ନାହିଁ - ବିକଳ୍ପ ସ୍ଥାନାନ୍ତରଣ ରାସ୍ତା ଖୋଜନ୍ତୁ।"
"ଜଳୋଚ୍ଛ୍ୱାସ ସମୟରେ କେତେ ଗଭୀର ପାଣି ଗାଡ଼ିକୁ ଭସାଇ ପାରେ?","ମାତ୍ର ୧୨ ଇଞ୍ଚି ଅଧିକାଂଶ ଗାଡ଼ିକୁ ଭସାଇ ପାରେ, ୧୮ ଇଞ୍ଚି ସେମାନଙ୍କୁ ଭସାଇ ନେଇପାରେ।"
"ଜଳୋଚ୍ଛ୍ୱାସ ସମୟରେ ଆପଣଙ୍କ ସ୍ଥାନାନ୍ତରଣ ରାସ୍ତା ବନ୍ୟାଗ୍ରସ୍ତ ହେଲେ କଣ କରିବେ?","ଉଚ୍ଚ ଭୂମିକୁ ବିକଳ୍ପ ରାସ୍ତା ଖୋଜନ୍ତୁ, ପାଣି ଦେଇ ଗାଡ଼ି ଚଲାଇବାକୁ ଚେଷ୍ଟା କରନ୍ତୁ ନାହିଁ।"
"ଜଳୋଚ୍ଛ୍ୱାସ ପାଣିରେ ଚାଲିବା ଉଚିତ କି?","କଦାପି ନୁହେଁ, ଆପଣ ଗଭୀରତା, ଧ୍ୱଂସାବଶେଷ କିମ୍ବା ବିଦ୍ୟୁତିକ ବିପଦ ଦେଖିପାରିବେ ନାହିଁ।"
"ବୃଦ୍ଧି ପାଉଥିବା ଜଳୋଚ୍ଛ୍ୱାସ ପାଣିରେ ଫସି ଗଲେ କଣ କରିବେ?","ତୁରନ୍ତ ସର୍ବୋଚ୍ଚ ଉପଲବ୍ଧ ସ୍ଥାନକୁ ଯାଆନ୍ତୁ, ସମ୍ଭବ ହେଲେ ସାହାଯ୍ୟ ପାଇଁ କଲ କରନ୍ତୁ।"
"ଜଳୋଚ୍ଛ୍ୱାସରେ ଗାଧୋଇପାରିବେ କି?","ଧ୍ୱଂସାବଶେଷ, ସ୍ରୋତ ଏବଂ ଦୂଷିତ ପାଣି କାରଣରୁ ଅତ୍ୟନ୍ତ ବିପଦଜନକ।"
"ଜଳୋଚ୍ଛ୍ୱାସ ଦ୍ୱାରା ଫସି ଗଲେ କଣ କରିବେ?","ସର୍ବୋଚ୍ଚ ମହଲାକୁ ଯାଆନ୍ତୁ, ସାହାଯ୍ୟ ପାଇଁ ସଙ୍କେତ ଦିଅନ୍ତୁ, ବିଦ୍ୟୁତିକ ବିପଦରୁ ଦୂରେ ରୁହନ୍ତୁ।"
"ଜଳୋଚ୍ଛ୍ୱାସ ସମୟରେ କିପରି ସାହାଯ୍ୟ ପାଇଁ ସଙ୍କେତ ଦେବେ?","ଉଜ୍ଜ୍ୱଳ ପୋଷାକ, ଫ୍ଲାସଲାଇଟ, ମୋବାଇଲ ଫୋନ, ହ୍ୱିସଲ, ଯେକୌଣସି ଦୃଶ୍ୟମାନ କିମ୍ବା ଶ୍ରବଣଯୋଗ୍ୟ ଜିନିଷ।"
"ଜଳୋଚ୍ଛ୍ୱାସ ଆପଣଙ୍କ ସୁରକ୍ଷିତ କୋଠରୀରେ ପ୍ରବେଶ କଲେ କଣ କରିବେ?","ଉପଲବ୍ଧ ସର୍ବୋଚ୍ଚ ସ୍ଥାନକୁ ଯାଆନ୍ତୁ, ପଳାୟନ ପଥ ସହିତ ଆଟିକ ସୁଲଭ ହେଲେ ସେଠାକୁ ଯାଆନ୍ତୁ।"
"ଜଳୋଚ୍ଛ୍ୱାସ ସମୟରେ ଛାତ ଉପରକୁ ଯିବା ଉଚିତ କି?","କେବଳ ଶେଷ ଉପାୟ ଭାବରେ ଏବଂ ନିରାପଦରେ ତଳକୁ ଓହ୍ଲାଇପାରିବେ ବୋଲି ନିଶ୍ଚିତ କରନ୍ତୁ।"
"ଜଳୋଚ୍ଛ୍ୱାସ ସମୟରେ ଗ୍ୟାସ ଗନ୍ଧ ଆସିଲେ କଣ କରିବେ?","ପହଞ୍ଚିବା ଯୋଗ୍ୟ ହେଲେ ମୁଖ୍ୟ ଭାଲ୍ଭ ବନ୍ଦ କରନ୍ତୁ, ଅଞ୍ଚଳ ଛାଡ଼ନ୍ତୁ, ସୁରକ୍ଷିତ ସ୍ଥାନରୁ କଲ କରନ୍ତୁ।"
"ଜଳୋଚ୍ଛ୍ୱାସ ବନ୍ୟା ସମୟରେ ବିଦ୍ୟୁତ ବ୍ୟବହାର କରିପାରିବେ କି?","ବନ୍ୟା ପାଣିରେ କଦାପି ବିଦ୍ୟୁତିକ ଉପକରଣ ଛୁଅନ୍ତୁ ନାହିଁ, ବିଦ୍ୟୁତ ସ୍ପର୍ଶର ବିପଦ।"
"ଜଳୋଚ୍ଛ୍ୱାସ ସମୟରେ କାର୍ବନ ମନୋକ୍ସାଇଡ ଆଲାର୍ମ ବାଜିଲେ କଣ କରିବେ?","ତୁରନ୍ତ ସତେଜ ବାୟୁ ନିଅନ୍ତୁ, ଘର ଭିତରେ ଜେନେରେଟର କିମ୍ବା ଗ୍ରିଲ ବ୍ୟବହାର କରନ୍ତୁ ନାହିଁ।"
"ଜଳୋଚ୍ଛ୍ୱାସ ବନ୍ୟା ପାଣି ପିଇବା ଉଚିତ କି?","କଦାପି ନୁହେଁ, ଏହା ପାଖାନା, ରାସାୟନିକ ପଦାର୍ଥ ଏବଂ ଲୁଣିଆ ପାଣିରେ ଦୂଷିତ।"
"ଜଳୋଚ୍ଛ୍ୱାସ ଘଟଣା ସମୟରେ ଖାଦ୍ୟ ଶେଷ ହୋଇଗଲେ କଣ କରିବେ?","ଯୋଗାଣ ବଣ୍ଟନ କରନ୍ତୁ, ଜରୁରୀକାଳୀନ ସେବାର ଅପେକ୍ଷା କରନ୍ତୁ, ବନ୍ୟା ପାଣିରେ ଯିବାକୁ ସାହସ କରନ୍ତୁ ନାହିଁ।"
"ଜଳୋଚ୍ଛ୍ୱାସ ସମୟରେ ବିଦ୍ୟୁତ ଚାଲିଗଲେ କିପରି ଗରମ ରହିବେ?","ପୋଷାକ ସ୍ତର, କମ୍ବଳ, ଶରୀରର ଉଷ୍ମତା ବ୍ୟବହାର କରନ୍ତୁ, ଘର ଭିତରେ କଦାପି ଗ୍ରିଲ କିମ୍ବା କ୍ୟାମ୍ପ ଷ୍ଟୋଭ ବ୍ୟବହାର କରନ୍ତୁ ନାହିଁ।"
"ଜଳୋଚ୍ଛ୍ୱାସ ସମୟରେ କେହି ଆହତ ହେଲେ କଣ କରିବେ?","ସୁରକ୍ଷିତ ହେଲେ ପ୍ରାଥମିକ ଚିକିତ୍ସା କରନ୍ତୁ, ସମ୍ଭବ ହେଲେ ୯୧୧ କଲ କରନ୍ତୁ, ଫସି ଗଲେ ଉଦ୍ଧାରର ଅପେକ୍ଷା କରନ୍ତୁ।"
"ଜଳୋଚ୍ଛ୍ୱାସ ସମୟରେ ଅନ୍ୟମାନଙ୍କୁ ସାହାଯ୍ୟ କରିବା ଉଚିତ କି?","କେବଳ ଯଦି ଆପଣ ବନ୍ୟା ପାଣିରେ ପ୍ରବେଶ ନ କରି ସୁରକ୍ଷିତ ଭାବରେ ଏପରି କରିପାରିବେ।"
"ଜଳୋଚ୍ଛ୍ୱାସ ସମୟରେ ଲୋକମାନେ ସାହାଯ୍ୟ ପାଇଁ ଡାକୁଥିବା ଶୁଣିଲେ କଣ କରିବେ?","ସ୍ଥାନ ଜଣାଇ ୯୧ୁଁ କଲ କରନ୍ତୁ, ପ୍ରଶିକ୍ଷିତ ନ ହେଲେ ଜଳ ଉଦ୍ଧାର ଚେଷ୍ଟା କରନ୍ତୁ ନାହିଁ।"
"ଜଳୋଚ୍ଛ୍ୱାସ ସାଧାରଣତଃ କେତେ ସମୟ ଧରି ଚାଲେ?","ଝଡ଼ ଗତି ସମୟରେ ଅନେକ ଘଣ୍ଟା, ପବନ ସମୁଦ୍ର ଆଡ଼କୁ ରହିଲେ ଅଧିକ ସମୟ ରହିପାରେ।"
"ଜଳୋଚ୍ଛ୍ୱାସ ପରେ ବାହାରକୁ ଯିବା କେବେ ସୁରକ୍ଷିତ?","କେବଳ ଯେତେବେଳେ କର୍ତ୍ତୃପକ୍ଷ ସର୍ବ-କ୍ଲିୟର ଦେବେ ଏବଂ ବନ୍ୟା ପାଣି କମିଯିବ।"
"ଜଳୋଚ୍ଛ୍ୱାସ ପରେ ପ୍ରଥମେ କଣ ପରୀକ୍ଷା କରିବେ?","ସଂରଚନାଗତ କ୍ଷତି, ବିଦ୍ୟୁତିକ ବିପଦ, ଗ୍ୟାସ ଲିକ, ପାଣି ଦୂଷଣ।"
"ଜଳୋଚ୍ଛ୍ୱାସ କ୍ଷତି ସୁରକ୍ଷିତ ଭାବରେ କିପରି ଯାଞ୍ଚ କରିବେ?","ସୁରକ୍ଷାମୂଳକ ଗିଅର ପିନ୍ଧନ୍ତୁ, ଉପଯୋଗିତା କ୍ଷତିଗ୍ରସ୍ତ ବୋଲି ଧରି ନିଅନ୍ତୁ, ଫଟୋ ସହ ଦଲିଲ କରନ୍ତୁ।"
"ଜଳୋଚ୍ଛ୍ୱାସ ପରେ ଆପଣଙ୍କ ଘରରେ ପ୍ରବେଶ କରିବା ଉଚିତ କି?","ସଂରଚନାଗତ କ୍ଷତି ଏବଂ ବିଦ୍ୟୁତିକ ବିପଦ ପାଇଁ ଯାଞ୍ଚ ନହେବା ପର୍ଯ୍ୟନ୍ତ ନୁହେଁ।"
"ଜଳୋଚ୍ଛ୍ୱାସ ଆପଣଙ୍କ ବିଦ୍ୟୁତିକ ବ୍ୟବସ୍ଥା ନଷ୍ଟ କଲେ କଣ କରିବେ?","ପେଶାଦାର ଯାଞ୍ଚ ନହେବା ପର୍ଯ୍ୟନ୍ତ ବ୍ୟବହାର କରନ୍ତୁ ନାହିଁ, ସମସ୍ତ ଆଉଟଲେଟ ଦୂଷିତ ବୋଲି ଧରି ନିଅନ୍ତୁ।"
"ଜଳୋଚ୍ଛ୍ୱାସ ପରେ ଗ୍ୟାସ ଲିକ କିପରି ଯାଞ୍ଚ କରିବେ?","ଗ୍ୟାସର ଗନ୍ଧ ଅନୁଭବ କରନ୍ତୁ, ହିସ୍‌ହିସ୍‌ ଶବ୍ଦ ଶୁଣନ୍ତୁ, ଯାଞ୍ଚ ପାଇଁ ମାଚିସ କିମ୍ବା ଲାଇଟର ବ୍ୟବହାର କରନ୍ତୁ ନାହିଁ।"
"ଜଳୋଚ୍ଛ୍ୱାସ ପରେ କଣ ଫୋପାଡ଼ି ଦେବେ?","ବନ୍ୟା ପାଣି ସ୍ପର୍ଶ କରିଥିବା ଖାଦ୍ୟ, କ୍ଷତିଗ୍ରସ୍ତ ଇଲେକ୍ଟ୍ରୋନିକ୍ସ, ପୋରସ ସାମଗ୍ରୀ।"
"ଜଳୋଚ୍ଛ୍ୱାସ ପରେ କିପରି ସଫା କରିବେ?","ସୁରକ୍ଷାମୂଳକ ଉପକରଣ ପିନ୍ଧନ୍ତୁ, ଭିଜା ସାମଗ୍ରୀ ଶୀଘ୍ର ବାହାର କରନ୍ତୁ, ପୁଙ୍ଖାନୁପୁଙ୍ଖ ଭାବରେ ନିର୍ଗମନ କରନ୍ତୁ।"
"ଜଳୋଚ୍ଛ୍ୱାସ ପାଣି ଦୂଷିତ କି?","ହଁ, ପାଖାନା, ରାସାୟନିକ ପଦାର୍ଥ, ଧ୍ୱଂସାବଶେଷ ଏବଂ ହାନିକାରକ ଜୀବାଣୁ ଧାରଣ କରେ।"
"ଜଳୋଚ୍ଛ୍ୱାସ ପରେ କିପରି ନିର୍ଗମନ କରିବେ?","ବ୍ଲିଚ୍‌ ସୋଲ୍ୟୁସନ ବ୍ୟବହାର କରନ୍ତୁ, ପୋରସ ଜିନିଷ ଫୋପାଡ଼ି ଦିଅନ୍ତୁ, ସମସ୍ତ ପୃଷ୍ଠଭାଗ ସଫା କରନ୍ତୁ।"
"ଜଳୋଚ୍ଛ୍ୱାସ ଦ୍ୱାରା କୂଅ ଦୂଷିତ ହେଲେ କଣ କରିବେ?","ପରୀକ୍ଷା ଓ ଚିକିତ୍ସା ନହେବା ପର୍ଯ୍ୟନ୍ତ ବ୍ୟବହାର କରନ୍ତୁ ନାହିଁ, ବୋତଲ ପାଣି ବ୍ୟବହାର କରନ୍ତୁ।"
"ଜଳୋଚ୍ଛ୍ୱାସ ପରେ କଳ ପାଣି ପିଇବା ଉଚିତ କି?","କର୍ତ୍ତୃପକ୍ଷ ଜଳ ବ୍ୟବସ୍ଥା ସୁରକ୍ଷିତ ଓ ଚାଲୁ ବୋଲି ନିଶ୍ଚିତ ନକରିବା ପର୍ଯ୍ୟନ୍ତ ନୁହେଁ।"
"ଜଳୋଚ୍ଛ୍ୱାସ କ୍ଷତି କିପରି ଦଲିଲ କରିବେ?","ସଫା ପୂର୍ବରୁ ଫଟୋ/ଭିଡିଓ ନିଅନ୍ତୁ, ରସିଦ ରଖନ୍ତୁ, ତୁରନ୍ତ ବୀମା କମ୍ପାନୀଙ୍କ ସହ ଯୋଗାଯୋଗ କରନ୍ତୁ।"
"କେଉଁ ବୀମା ଜଳୋଚ୍ଛ୍ୱାସ କ୍ଷତି ପାଇଁ ଆବରଣ ଦେଇଥାଏ?","ବନ୍ୟା ବୀମା ଜଳୋଚ୍ଛ୍ୱାସ କ୍ଷତି ଆବରଣ କରେ, ଘର ମାଲିକ ବୀମା ସାଧାରଣତଃ କରେ ନାହିଁ।"
"ଜଳୋଚ୍ଛ୍ୱାସ ବୀମା ଦାବି କେତେ ଶୀଘ୍ର ଦାଖଲ କରିବେ?","ନିରାପଦରେ ଯେତେ ସୀଘ୍ର ସମ୍ଭବ, ନୀତି ସମୟ ସୀମା ମଧ୍ୟରେ।"
"ଜଳୋଚ୍ଛ୍ୱାସ କ୍ଷତି ମୂଲ୍ୟାଙ୍କନରେ ଅସହମତ ହେଲେ କଣ କରିବେ?","ପୁନଃ ଯାଞ୍ଚ ପାଇଁ ଅନୁରୋଧ କରନ୍ତୁ, ପବ୍ଲିକ ଆଡଜଷ୍ଟର ନିଯୁକ୍ତ କରନ୍ତୁ, ସମସ୍ତ କ୍ଷତି ପୁଙ୍ଖାନୁପୁଙ୍ଖ ଦଲିଲ କରନ୍ତୁ।"
"ଜଳୋଚ୍ଛ୍ୱାସ ପରେ ଅସ୍ଥାୟୀ ଗୃହ କିପରି ଖୋଜିବେ?","ଫିମା ସହାୟତା, ବୀମା ଆବରଣ, ରେଡ କ୍ରସ ଆଶ୍ରୟ, ପରିବାର/ବନ୍ଧୁମାନେ।"
"ଜଳୋଚ୍ଛ୍ୱାସ ପରେ କେଉଁ ସହାୟତା ଉପଲବ୍ଧ?","ଫିମା ବିପର୍ଯ୍ୟୟ ସହାୟତା, ଏସବିଏ ଲୋନ, ରେଡ କ୍ରସ ସମର୍ଥନ, ସ୍ଥାନୀୟ ଦାନମାଧ୍ୟମ ସହାୟତା।"
"ଜଳୋଚ୍ଛ୍ୱାସ ପରେ ଫିମା ସହାୟତା ପାଇଁ କିପରି ଆବେଦନ କରିବେ?","disasterassistance.gov ରେ ଅନଲାଇନ, ଫୋନ ଦ୍ୱାରା, କିମ୍ବା ବିପର୍ଯ୍ୟୟ ପୁନରୁଦ୍ଧାର କେନ୍ଦ୍ରରେ।"
"ଜଳୋଚ୍ଛ୍ୱାସ କ୍ଷତି ପାଇଁ ଫିମା କଣ ଆବରଣ କରେ?","ଅସ୍ଥାୟୀ ଗୃହ, ଘର ମରାମତି, ବ୍ୟକ୍ତିଗତ ସମ୍ପତ୍ତି ବଦଳ, ଚିକିତ୍ସା ଖର୍ଚ୍ଚ।"
"ଜଳୋଚ୍ଛ୍ୱାସ ପୁନରୁଦ୍ଧାର କେତେ ସମୟ ଲାଗେ?","କ୍ଷତିର ବିସ୍ତାର ଏବଂ ଉପଲବ୍ଧ ସମ୍ବଳ ଉପରେ ନିର୍ଭର କରି ମାସରୁ ବର୍ଷ ପର୍ଯ୍ୟନ୍ତ।"
"ଜଳୋଚ୍ଛ୍ୱାସ ପରେ କେଉଁ ମାନସିକ ପ୍ରଭାବ ସାଧାରଣ?","ଚିନ୍ତା, ଅବସାଦ, ନିଦ୍ରା ସମସ୍ୟା, ଚାପ - ସବୁ ସାଧାରଣ ବିପର୍ଯ୍ୟୟ ପ୍ରତିକ୍ରିୟା।"
"ଜଳୋଚ୍ଛ୍ୱାସ ପରେ କେବେ ମାନସିକ ସ୍ୱାସ୍ଥ୍ୟ ସହାୟତା ନେବେ?","ଯଦି ଲକ୍ଷଣ ସପ୍ତାହେ ଧରି ବିରାଜମାନ ରହେ କିମ୍ବା ଦୈନନ୍ଦିନ କାମରେ ବାଧା ଦେଇଥାଏ।"
"ଜଳୋଚ୍ଛ୍ୱାସ ଆଘାତରୁ ପିଲାମାନଙ୍କୁ କିପରି ମୁକାବିଲା କରିବାକୁ ସାହାଯ୍ୟ କରିବେ?","ନିତ୍ୟକର୍ମ ବଜାୟ ରଖନ୍ତୁ, ସାନ୍ତ୍ୱନା ଦିଅନ୍ତୁ, ବୟସ-ଉପଯୁକ୍ତ ସୂଚନା ଦିଅନ୍ତୁ।"
"ଜଳୋଚ୍ଛ୍ୱାସରେ ଗୁରୁତ୍ୱପୂର୍ଣ ଦଲିଲ ହରାଇଲେ କଣ କରିବେ?","ପରିଚୟ ପତ୍ର, ବୀମା କାଗଜପତ୍ର, ଚିକିତ୍ସା ରେକର୍ଡ ବଦଳାଇବା ପାଇଁ ସଂସ୍ଥାମାନଙ୍କ ସହ ଯୋଗାଯୋଗ କରନ୍ତୁ।"
"ଜଳୋଚ୍ଛ୍ୱାସ ପରେ ଫିମ୍ପି କିପରି ରୋକିବେ?","୨୪-୪୮ ଘଣ୍ଟା ମଧ୍ୟରେ ଭିଜା ସାମଗ୍ରୀ ବାହାର କରନ୍ତୁ, ପୁଙ୍ଖାନୁପୁଙ୍ଖ ଶୁଖାନ୍ତୁ, ଡିହ୍ୟୁମିଡିଫାୟର ବ୍ୟବହାର କରନ୍ତୁ।"
"ଜଳୋଚ୍ଛ୍ୱାସ ସଫେଇରୁ କେଉଁ ସ୍ୱାସ୍ଥ୍ୟ ବିପଦ ଆସେ?","ଦୂଷିତ ପାଣି ସଂସ୍ପର୍ଶ, ଫିମ୍ପି, ଶାରୀରିକ ଆଘାତ, ଓ କାର୍ବନ ମନୋକ୍ସାଇଡ।"
"ଜଳୋଚ୍ଛ୍ୱାସ ପରେ ତୁରନ୍ତ ଠିକାଦାର ନିଯୁକ୍ତ କରିବା ଉଚିତ କି?","ସତର୍କତାର ସହ ଅନୁସନ୍ଧାନ କରନ୍ତୁ, ମୂଲ୍ୟ ବୃଦ୍ଧି ଏବଂ ଅଲାଇସେନ୍ସଧାରୀ ଠିକାଦାରଙ୍କଠାରୁ ସାବଧାନ ରୁହନ୍ତୁ।"
"ଆପଣଙ୍କ ଘରକୁ ଜଳୋଚ୍ଛ୍ୱାସ ପ୍ରତିରୋଧୀ କିପରି କରିବେ?","ଗଠନ ଉଚ୍ଚ କରନ୍ତୁ, ବନ୍ୟା ଭେଣ୍ଟ, ସମ୍ପ ପମ୍ପ, ଜଳପ୍ରତିରୋଧୀ ବ୍ୟାରିୟର।"
"ଡ୍ରାଇ ଫ୍ଲୁଡପ୍ରୁଫିଂ କଣ?","ନିର୍ଦ୍ଦିଷ୍ଟ ଗଭୀରତା ପର୍ଯ୍ୟନ୍ତ ପାଣି ପ୍ରବେଶ ରୋକିବା ପାଇଁ ଭବନ ସିଲ୍‌ କରିବା।"
"ଓୟେଟ ଫ୍ଲୁଡପ୍ରୁଫିଂ କଣ?","ସଂରଚନାଗତ କ୍ଷତି ରୋକିବା ପାଇଁ ପାଣିକୁ ମୁକ୍ତଭାବରେ ପ୍ରବେଶ/ବହିର୍ଗମନ ଅନୁମତି ଦେବା।"
"ଜଳୋଚ୍ଛ୍ୱାସ ସ୍ତର ଉପରେ ଆପଣଙ୍କ ଘର ଉଚ୍ଚ କରିବା ଉଚିତ କି?","ବନ୍ୟା-ପ୍ରବଣ ଅଞ୍ଚଳରେ ଥିଲେ ବିଚାର କରନ୍ତୁ, ବୀମା ଖର୍ଚ୍ଚ ଯଥେଷ୍ଟ କମିପାରେ।"
"ବନ୍ୟା ଭେଣ୍ଟ କଣ?","କ୍ଷତି ରୋକିବା ପାଇଁ ଭିତ୍ତିପ୍ରସ୍ତର ମଧ୍ୟ ଦେଇ ପାଣି ପ୍ରବାହିତ ହେବା ପାଇଁ ଖୋଲା।"
"ସମ୍ପ ପମ୍ପ ଜଳୋଚ୍ଛ୍ୱାସରେ କିପରି ସାହାଯ୍ୟ କରେ?","ବେସମେଣ୍ଟ କିମ୍ବା ନିମ୍ନ ସ୍ତରରେ ପ୍ରବେଶ କରୁଥିବା ପାଣି ବାହାର କରେ।"
"କେଉଁ ଉପଯୋଗୀତା ଜଳୋଚ୍ଛ୍ୱାସ ସ୍ତର ଉପରେ ଉଚ୍ଚ ହେବା ଉଚିତ?","ଫର୍ନେସ, ଜଳ ଉତ୍ତାପକ, ବିଦ୍ୟୁତ ପ୍ୟାନେଲ, ଏୟାର କଣ୍ଡିସନିଂ ୟୁନିଟ।"
"କେଉଁ ବାଗିଚା ଜଳୋଚ୍ଛ୍ୱାସ ପ୍ରଭାବ କମାଇବାରେ ସାହାଯ୍ୟ କରେ?","ଦେଶୀୟ ଉଦ୍ଭିଦ, ଭେଦନୀୟ ପୃଷ୍ଠଭାଗ, ବର୍ଷା ବଗିଚା, ପ୍ରାକୃତିକ ବ୍ୟାରିୟର।"
"ସମୁଦ୍ର ପ୍ରାଚୀର ଜଳୋଚ୍ଛ୍ୱାସ ବନ୍ଦ କରିପାରେ କି?","ପ୍ରଭାବ କମାଇପାରେ କିନ୍ତୁ ମୁଖ୍ୟ ଜଳୋଚ୍ଛ୍ୱାସ ବିରୁଦ୍ଧରେ ପ୍ରଭାବୀ ନୁହେଁ, କ୍ଷୟ ବଢ଼ାଇ ପାରେ।"
"ଜଳୋଚ୍ଛ୍ୱାସ ପାଇଁ ଜୀବନ୍ତ ଉପକୂଳ ପଦ୍ଧତି କଣ?","ସୁରକ୍ଷା ପାଇଁ ଝିଙ୍କା ରିଫ ଓ ମାର୍ସ ଘାସ ଭଳି ପ୍ରାକୃତିକ ସାମଗ୍ରୀ ବ୍ୟବହାର।"
"ସମ୍ପ୍ରଦାୟ ଜଳୋଚ୍ଛ୍ୱାସ ପାଇଁ କିପରି ପ୍ରସ୍ତୁତି କରେ?","ସ୍ଥାନାନ୍ତରଣ ଯୋଜନା, ଚେତାବନୀ ବ୍ୟବସ୍ଥା, ନିର୍ମାଣ ନିୟମ, ଜନ ଶିକ୍ଷା।"
"ଜଳୋଚ୍ଛ୍ୱାସ ସ୍ଥାନାନ୍ତରଣ ମାର୍ଗ କଣ?","ଜଳୋଚ୍ଛ୍ୱାସ-ପ୍ରବଣ ଅଞ୍ଚଳରୁ ଲୋକମାନଙ୍କୁ ସୁରକ୍ଷିତଭାବରେ ଅନ୍ୟତ୍ର ନେବା ପାଇଁ ପୂର୍ବ-ଯୋଜନାବଦ୍ଧ ରାସ୍ତା।"
"ଜଳୋଚ୍ଛ୍ୱାସ ପାଇଁ ସ୍ଥାନାନ୍ତରଣ ଜୋନ କିପରି କାମ କରେ?","ଯଳୋଚ୍ଛ୍ୱାସ ବିପଦ ଦ୍ୱାରା ବର୍ଗୀକୃତ ଅଞ୍ଚଳ ଯେଉଁଠାରେ ବିଭିନ୍ନ ଝଡ଼ ଶକ୍ତି ପାଇଁ ସ୍ଥାନାନ୍ତରଣ ଆବଶ୍ୟକ।"
"କେଉଁଟା ପ୍ରଭାବୀ ଜଳୋଚ୍ଛ୍ୱାସ ସ୍ଥାନାନ୍ତରଣ କରାଏ?","ସ୍ପଷ୍ଟ ଜୋନ, ଏକାଧିକ ମାର୍ଗ, ପର୍ଯ୍ୟାପ୍ତ ସମୟ, ଜନ ଶିକ୍ଷା।"
"ଜରୁରୀକାଳୀନ ଆଶ୍ରୟ ଜଳୋଚ୍ଛ୍ୱାସ ସ୍ଥାନାନ୍ତରିତ ଲୋକଙ୍କ ପାଇଁ କିପରି ପ୍ରସ୍ତୁତି କରେ?","କ୍ଷମତା ଯୋଜନା, ଯୋଗାଣ, ପଞ୍ଜୀକରଣ ବ୍ୟବସ୍ଥା, ପଶୁ ବ୍ୟବସ୍ଥା।"
"ଜଳୋଚ୍ଛ୍ୱାସ ଜୋନରେ ବିଦ୍ୟାଳୟଗୁଡ଼ିକ କଣ କରିବା ଉଚିତ?","ସ୍ଥାନାନ୍ତରଣ ଯୋଜନା ରଖନ୍ତୁ, ଡ୍ରିଲ ଅଭ୍ୟାସ କରନ୍ତୁ, ଜରୁରୀକାଳୀନ ପରିଚାଳନା ସହ ସମନ୍ୱୟ କରନ୍ତୁ।"
"ଡାକ୍ତରଖାନା ଜଳୋଚ୍ଛ୍ୱାସ ପାଇଁ କିପରି ପ୍ରସ୍ତୁତି କରେ?","ଜଳୋଚ୍ଛ୍ୱାସ ସ୍ତର ଉପରେ ବ୍ୟାକଅପ ପାୱାର, ସ୍ଥାନାନ୍ତରଣ ଯୋଜନା, ଯୋଗାଣ ସଂଗ୍ରହ।"
"ଜଳୋଚ୍ଛ୍ୱାସ ବିପଦ ଉପରେ ବ୍ୟବସାୟଗୁଡ଼ିକ କଣ କରିବା ଉଚିତ?","ନିରନ୍ତରତା ଯୋଜନା, କର୍ମଚାରୀ ସୁରକ୍ଷା, ସମ୍ପତ୍ତି ସୁରକ୍ଷା, ବୀମା ସମୀକ୍ଷା।"
"ବନ୍ଦର ଜଳୋଚ୍ଛ୍ୱାସ ପାଇଁ କିପରି ପ୍ରସ୍ତୁତି କରେ?","ଜାହାଜ ସୁରକ୍ଷିତ କରନ୍ତୁ, ଭିତ୍ତିଭୂମି ସୁରକ୍ଷା, ଅପରେସନ ସ୍ଥଗିତ, ସାମୁଦ୍ରିକ ଟ୍ରାଫିକ ସହ ସମନ୍ୱୟ।"
"ଜଳୋଚ୍ଛ୍ୱାସ ମଡେଲିଂ କାହା ପାଇଁ ବ୍ୟବହୃତ ହୁଏ?","ଜଳୋଚ୍ଛ୍ୱାସ ଉଚ୍ଚତା ପୂର୍ବାନୁମାନ, ସ୍ଥାନାନ୍ତରଣ ଯୋଜନା, ନିର୍ମାଣ ନିୟମ, ଜମି ବ୍ୟବହାର।"
"ଜଳୋଚ୍ଛ୍ୱାସ କମ୍ପ୍ୟୁଟର ମଡେଲ କେତେ ସଠିକ?","ଉଚ୍ଚତା ପୂର୍ବାନୁମାନ ପାଇଁ ସାଧାରଣତଃ ଭଲ, ସମୟ ଓ ସ୍ଥାନ ପାଇଁ କମ ସଠିକ।"
"କେଉଁ ତଥ୍ୟ ଜଳୋଚ୍ଛ୍ୱାସ ପୂର୍ବାନୁମାନ ଉନ୍ନତ କରେ?","ଐତିହାସିକ ଜଳୋଚ୍ଛ୍ୱାସ ରେକର୍ଡ, ବିସ୍ତୃତ ଉପକୂଳ ମ୍ୟାପିଂ, ରିଅଲ-ଟାଇମ ଜଳ ସ୍ତର ତଥ୍ୟ।"
"ଜଳବାୟୁ ପରିବର୍ତ୍ତନ ଜଳୋଚ୍ଛ୍ୱାସକୁ କିପରି ପ୍ରଭାବିତ କରେ?","ସମୁଦ୍ର ସ୍ତର ବୃଦ୍ଧି ବେସଲାଇନ ବଢ଼ାଏ, ସମ୍ଭାବ୍ୟ ଶକ୍ତିଶାଳୀ ଝଡ଼ ଉଚ୍ଚ ଜଳୋଚ୍ଛ୍ୱାସ ସୃଷ୍ଟି କରେ।"
"ଆପେକ୍ଷିକ ସମୁଦ୍ର ସ୍ତର ବୃଦ୍ଧି କଣ?","ଭୂମି ଅବସାଦନ ଏବଂ ବିଶ୍ୱବ୍ୟାପୀ ସମୁଦ୍ର ସ୍ତର ବୃଦ୍ଧି ସମେତ ସ୍ଥାନୀୟ ସମୁଦ୍ର ସ୍ତର ପରିବର୍ତ୍ତନ।"
"ଜଳୋଚ୍ଛ୍ୱାସ ବିପଦ ଉପରେ କିପରି ସୂଚିତ ରହିବେ?","ଆବହାୱା ଆଲର୍ଟ ମନିଟର କરନ୍ତୁ, ଆପଣଙ୍କ ସ୍ଥାନାନ୍ତରଣ ଜୋନ ଜାଣନ୍ତୁ, ସ୍ଥାନୀୟ ଭୂଗୋଳ ବୁଝନ୍ତୁ।"
"କେଉଁ ଆପ୍‌ ଜଳୋଚ୍ଛ୍ୱାସ ସୂଚନାରେ ସାହାଯ୍ୟ କରେ?","ଆବହାୱା ଆପ୍‌, ଜରୁରୀକାଳୀନ ଆଲର୍ଟ ଆପ୍‌, ଫିମା ଆପ୍‌, ସ୍ଥାନୀୟ ଜରୁରୀକାଳୀନ ପରିଚାଳନା ଆପ୍‌।"
"ଜଳୋଚ୍ଛ୍ୱାସ ସୂଚନା ପାଇଁ ସୋସିଆଲ ମିଡିଆ ଉପରେ ଭରସା କରିବା ଉଚିତ କି?","କେବଳ ଯାଞ୍ଚିତ ସରକାରୀ ସ୍ରୋତ, ଗୁଜବ ଓ ଅଯାଞ୍ଚିତ ରିପୋର୍ଟକୁ ଅଣଦେଖା କରନ୍ତୁ।"
"ରାତାରାତି ଜଳୋଚ୍ଛ୍ୱାସ ପାଇଁ କିପରି ପ୍ରସ୍ତୁତି କରିବେ?","ଫ୍ଲାସଲାଇଟ ପ୍ରସ୍ତୁତ ରଖନ୍ତୁ, ସ୍ଥାନାନ୍ତରଣ ମାର୍ଗ ଜାଣନ୍ତୁ, ଆବହାୱା ରେଡିଓ ଶୁଣନ୍ତୁ।"
"ଉଚ୍ଚ ଜୁଆର ସମୟରେ ଜଳୋଚ୍ଛ୍ୱାସ ହେଲେ କଣ ହେବ?","ଷ୍ଟର୍ମ ଟାଇଡ ସୃଷ୍ଟି କରେ - ବହୁତ ଉଚ୍ଚ ଜଳ ସ୍ତର ଏବଂ ଅଧିକ ଭିତରକୁ ଅନୁପ୍ରବେଶ।"
"ଜଳୋଚ୍ଛ୍ୱାସ ପ୍ରତ୍ୟକ୍ଷଭାବରେ ଉପକୂଳରେ ନଥିବା ଅଞ୍ଚଳକୁ ପ୍ରଭାବିତ କରିପାରେ କି?","ହଁ, ନଦୀ ଓ ଉପସାଗର ଦେଇ ଯାଇପାରେ, ଭିତରଭାଗର ଜଳପ୍ରାନ୍ତ ଅଞ୍ଚଳକୁ ପ୍ରଭାବିତ କରେ।"
"ବ୍ୟାକ-ଡୋର ଜଳୋଚ୍ଛ୍ୱାସ କଣ?","ଝଡ଼ର ବିପରୀତ ପାର୍ଶ୍ୱରୁ ଉପସାଗର ଓ ନଦୀରେ ପାଣି ଠେଲି ଦିଆ।"
"ଜଳୋଚ୍ଛ୍ୱାସକୁ ସାଧାରଣ ବନ୍ୟାରୁ କିପରି ପୃଥକ କରିବେ?","ଜଳୋଚ୍ଛ୍ୱାସ ଉପକୂଳୀୟ ଓ ଝଡ଼ ସମ୍ବନ୍ଧୀୟ, ପ୍ରାୟତଃ ଲୁଣିଆ ପାଣି ଓ ସାମୁଦ୍ରିକ ଧ୍ୱଂସାବଶେଷ ରହେ।"
"ଏକାଧିକ ଝଡ଼ ଦ୍ୱାରା ବାରମ୍ବାର ଜଳୋଚ୍ଛ୍ୱାସ ହେଲେ କଣ ହେବ?","ସଂଚିତ କ୍ଷତି, ଦୁର୍ବଳ ଗଠନ, ସନ୍ତୃପ୍ତ ମାଟି ବିପଦ ବଢ଼ାଏ।"
"ଜଳୋଚ୍ଛ୍ୱାସ ପରେ ତୁରନ୍ତ ଘରକୁ ଫେରିବା ଉଚିତ କି?","କେବଳ ଯେତେବେଳେ କର୍ତ୍ତୃପକ୍ଷ ଅଞ୍ଚଳ ସୁରକ୍ଷିତ ଓ ପହଞ୍ଚିବା ଯୋଗ୍ୟ ଘୋଷଣା କରିବେ।"
"ଜଳୋଚ୍ଛ୍ୱାସ ଦ୍ୱାରା ରାସ୍ତା କ୍ଷତିଗ୍ରସ୍ତ ହେଲେ କଣ କରିବେ?","ମରାମତି କର୍ମଚାରୀଙ୍କ ଅପେକ୍ଷା କରନ୍ତୁ, ବ୍ୟାରିକେଡ ଚାରିପଟେ କିମ୍ବା କ୍ଷତିଗ୍ରସ୍ତ ଅଞ୍ଚଳ ଦେଇ ଗାଡ଼ି ଚଲାନ୍ତୁ ନାହିଁ।"
"ଜଳୋଚ୍ଛ୍ୱାସରୁ ସମ୍ପ୍ରଦାୟ ପୁନରୁଦ୍ଧାରରେ କିପରି ସାହାଯ୍ୟ କରିବେ?","ନିରାପଦରେ ସ୍ବେଚ୍ଛାସେବା କରନ୍ତୁ, ବିଶ୍ୱସ୍ତ ଦାନମାଧ୍ୟମରେ ଦାନ କରନ୍ତୁ, ସ୍ଥାନୀୟ ବ୍ୟବସାୟକୁ ସମର୍ଥନ କରନ୍ତୁ।"
"ଭବିଷ୍ୟତ ଜଳୋଚ୍ଛ୍ୱାସ କ୍ଷତି ରୋକିବାରେ କେଉଁ ଶିକ୍ଷା ସାହାଯ୍ୟ କରେ?","ଉପଯୁକ୍ତ ସ୍ଥାନାନ୍ତରଣ, ଉଚ୍ଚ ନିର୍ମାଣ, ପ୍ରାକୃତିକ ବ୍ୟାରିୟର, ଶୀଘ୍ର ଚେତାବନୀ ମାନିବା।"
"ବର୍ଷସାରା ଜଳୋଚ୍ଛ୍ୱାସ ପ୍ରସ୍ତୁତି କିପରି ବଜାୟ ରଖିବେ?","ବାର୍ଷିକ ଯୋଜନା ଅପଡେଟ କରନ୍ତୁ, ଯୋଗାଣ ବଜାୟ ରଖନ୍ତୁ, ବିପଦ ପରିବର୍ତ୍ତନ ଉପରେ ସୂଚିତ ରୁହନ୍ତୁ।"
"ସବୁଠୁ ଗୁରୁତ୍ୱପୂର୍ଣ ଜଳୋଚ୍ଛ୍ୱାସ ସୁରକ୍ଷା ନିୟମ କଣ?","ସ୍ଥାନାନ୍ତରିତ ହେବାକୁ ନିର୍ଦ୍ଦେଶ ଦିଆଗଲେ ତୁରନ୍ତ ଯାଆନ୍ତୁ - ଜଳୋଚ୍ଛ୍ୱାସ ମାରାତ୍ମକ ହୋଇପାରେ।"
"ଜଳୋଚ୍ଛ୍ୱାସ ମୂଳ ବିଷୟଗୁଡ଼ିକ କିପରି ମନେ ରଖିବେ?","ଆପଣଙ୍କ ଜୋନ ଜାଣନ୍ତୁ, ଯୋଜନା ରଖନ୍ତୁ, ଆହ୍ୱାନ ମାନନ୍ତୁ - ନିର୍ଦ୍ଦେଶ ଦିଆଗଲେ ସ୍ଥାନାନ୍ତରିତ ହୁଅନ୍ତୁ।"

"ଗତିଶୀଳତା ଆହ୍ୱାନ ଥିବା ଲୋକମାନେ କିପରି ସୁରକ୍ଷିତ ଭାବରେ ସ୍ଥାନାନ୍ତରିତ ହୋଇପାରିବେ?","ଉପଲବ୍ଧ ପରିବହନ, ନିରାପଦ ହେଲେ ଲିଫଟ ଏବଂ ସ୍ବେଚ୍ଛାସେବୀଙ୍କ ସହାୟତା ସହ ପୂର୍ବରୁ ଯୋଜନା କରନ୍ତୁ।"
"ଜଳୋଚ୍ଛ୍ୱାସ ପାଇଁ ଡାକ୍ତରଖାନା କେଉଁ ସତର୍କତା ଅବଲମ୍ବନ କରିବା ଉଚିତ?","ଜଳୋଚ୍ଛ୍ୱାସ ସ୍ତର ଉପରେ ବ୍ୟାକଅପ ପାୱାର, ରୋଗୀ ସ୍ଥାନାନ୍ତରଣ ଯୋଜନା, ଏବଂ ଗୁରୁତ୍ୱପୂର୍ଣ ଚିକିତ୍ସା ଯୋଗାଣ ସଂଗ୍ରହ।"
"ନର୍ସିଂ ହୋମ ଜଳୋଚ୍ଛ୍ୱାସ ପାଇଁ କିପରି ପ୍ରସ୍ତୁତି କରିବା ଉଚିତ?","ସ୍ଥାନାନ୍ତରଣ ଯୋଜନା ପ୍ରସ୍ତୁତ କରନ୍ତୁ, କର୍ମଚାରୀଙ୍କୁ ତାଲିମ ଦିଅନ୍ତୁ, ପରିବହନ ସୁରକ୍ଷିତ କରନ୍ତୁ, ଏବଂ ଜରୁରୀକାଳୀନ ଯୋଗାଣ ବଜାୟ ରଖନ୍ତୁ।"
"ଜଳୋଚ୍ଛ୍ୱାସ ସ୍ଥାନାନ୍ତରଣରେ ସାର୍ବଜନୀନ ଗମନାଗମନର କଣ ଭୂମିକା?","ଲୋକମାନଙ୍କୁ ଜଳୋଚ୍ଛ୍ୱାସ ଜୋନରୁ ନିରାପଦରେ ସ୍ଥାନାନ୍ତରିତ କରିବା ପାଇଁ ବସ୍, ଟ୍ରେନ୍ ଓ ଫେରୀ ବ୍ୟବହାର ହୋଇପାରେ।"
"ସେତୁ ଓ ଟନେଲ ଜଳୋଚ୍ଛ୍ୱାସ ଦ୍ୱାରା କିପରି ପ୍ରଭାବିତ ହୁଏ?","ବନ୍ୟାଗ୍ରସ୍ତ ହୋଇପାରେ କିମ୍ବା ସଂରଚନାଗତ ଭାବରେ ଆପୋଷ ହୋଇପାରେ, ସ୍ଥାନାନ୍ତରଣ ସମୟରେ ବନ୍ଦ ହୋଇପାରେ।"
"ବିମାନବନ୍ଦର ଜଳୋଚ୍ଛ୍ୱାସ ଦ୍ୱାରା ପ୍ରଭାବିତ ହୋଇପାରେ କି?","ହଁ, ନିମ୍ନଭୂମି ରନୱେ ବନ୍ୟାଗ୍ରସ୍ତ ହୋଇପାରେ, ବିମାନ ଓ ଜରୁରୀକାଳୀନ ପରିବହନ ବିଳମ୍ବ କରିପାରେ।"
"ବନ୍ଦର ଜଳୋଚ୍ଛ୍ୱାସ ପାଇଁ କିପରି ପ୍ରସ୍ତୁତି କରେ?","ଜାହାଜ ସୁରକ୍ଷିତ କରନ୍ତୁ, ଯନ୍ତ୍ରପାତି ସୁରକ୍ଷା, କାର୍ଯ୍ୟ ସ୍ଥଗିତ, ଓ ଜରୁରୀକାଳୀନ ପ୍ରୋଟୋକଲ ଅନୁସରଣ କରନ୍ତୁ।"
"ଜଳୋଚ୍ଛ୍ୱାସ ଘଟଣା ସମୟରେ ସମ୍ପ୍ରଦାୟ ସ୍ବେଚ୍ଛାସେବୀଙ୍କ ଭୂମିକା କଣ?","ସ୍ଥାନାନ୍ତରଣରେ ସହାୟତା, ଯୋଗାଣ ବିତରଣ, ବିପଦ ଜଣାନ୍ତୁ, ଓ ପ୍ରାଥମିକ ପ୍ରତିକ୍ରିୟାକାରୀଙ୍କୁ ସମର୍ଥନ କରନ୍ତୁ।"
"ଜଳୋଚ୍ଛ୍ୱାସ ଘଟଣା ସମୟରେ ସ୍ଥାନୀୟ ଏନଜିଓ କିପରି ସାହାଯ୍ୟ କରିପାରେ?","ଜରୁରୀକାଳୀନ ଆଶ୍ରୟ, ଖାଦ୍ୟ, ଚିକିତ୍ସା ସେବା ପ୍ରଦାନ କରନ୍ତୁ ଏବଂ ପୁନରୁଦ୍ଧାର ପ୍ରୟାସରେ ସହାୟତା କରନ୍ତୁ।"
"ପଡ଼ୋଶୀମାନେ ପରସ୍ପରକୁ ନିରାପଦରେ କିପରି ସାହାଯ୍ୟ କରିପାରିବେ?","ଅସୁରକ୍ଷିତ ବାସିନ୍ଦାଙ୍କୁ ଯାଞ୍ଚ କରନ୍ତୁ, ପରିବହନ ବାଣ୍ଟନ୍ତୁ, ଏବଂ ସ୍ଥାନାନ୍ତରଣ ଯୋଜନା ଯୋଗାଯୋଗ କରନ୍ତୁ।"
"ଜଳୋଚ୍ଛ୍ୱାସ କୃଷିଜମିକୁ କିପରି ପ୍ରଭାବିତ କରେ?","ଲବଣାକ୍ତ ପାଣି ଅନୁପ୍ରବେଶ ଫସଲ, ମାଟିର ଉର୍ବରତା ଏବଂ ଜଳସେଚନ ବ୍ୟବସ୍ଥାକୁ କ୍ଷତି ପହଞ୍ଚାଇପାରେ।"
"ଜଳୋଚ୍ଛ୍ୱାସ ସମୁଦ୍ର କୂଳ କ୍ଷୟ କରିପାରେ କି?","ହଁ, ପ୍ରବଳ ଢେଉ ଓ ଜଳୋଚ୍ଛ୍ୱାସ ବାଲି ଧୋଇ ନେଇ ଉପକୂଳର ଆକୃତି ବଦଳାଇପାରେ।"
"ଜଳୋଚ୍ଛ୍ୱାସ ବନ୍ୟଜୀବନ ଉପରେ କେଉଁ ପ୍ରଭାବ ପକାଏ?","ବନ୍ୟା ବାସସ୍ଥାନ ନଷ୍ଟ କରିପାରେ, ପ୍ରାଣୀମାନଙ୍କୁ ବିସ୍ଥାପିତ କରିପାରେ ଏବଂ ଜଳ ଉତ୍ସ ଦୂଷିତ କରିପାରେ।"
"ଜଳୋଚ୍ଛ୍ୱାସ ମତ୍ସ୍ୟ ଚାଷ ଉପରେ କିପରି ପ୍ରଭାବ ପକାଏ?","ଡଙ୍ଗା, ଯନ୍ତ୍ରପାତି ଓ ଉପକୂଳୀୟ ହ୍ୟାଚେରୀକୁ କ୍ଷତି କରି ଜୀବିକା ବିଘ୍ନ କରିପାରେ।"
"କେଉଁ ଟେକ୍ନୋଲୋଜି ରିଅଲ-ଟାଇମରେ ଜଳୋଚ୍ଛ୍ୱାସ ମନିଟର କରେ?","ଜୁଆର ଗେଜ୍, ଉପକୂଳୀୟ ସେନସର, ବୋଇ ଓ ସାଟେଲାଇଟ ଡାଟା ଜଳ ସ୍ତର ଟ୍ରାକ୍ କରିବାରେ ସାହାଯ୍ୟ କରେ।"
"ଜଳୋଚ୍ଛ୍ୱାସ ସମୟରେ ଜିଆଇଏସ ମ୍ୟାପିଂ କିପରି ସାହାଯ୍ୟ କରେ?","ବନ୍ୟା-ପ୍ରବଣ ଅଞ୍ଚଳ, ସ୍ଥାନାନ୍ତରଣ ମାର୍ଗ ଓ ଆଶ୍ରୟ ମ୍ୟାପ କରି ଯୋଜନା ଓ ପ୍ରତିକ୍ରିୟା ଉନ୍ନତ କରେ।"
"କେଉଁ ମୋବାଇଲ ଆପ୍ ଜଳୋଚ୍ଛ୍ୱାସ ଆଲର୍ଟ ପ୍ରଦାନ କରେ?","ଫିମା ଆପ୍, ସ୍ଥାନୀୟ ଜରୁରୀକାଳୀନ ପରିଚାଳନା ଆପ୍ ଏବଂ ଆବହାୱା ଆଲର୍ଟ ଆପ୍।"
"ଜଳୋଚ୍ଛ୍ୱାସ ପାଇଁ ଜୀବନ୍ତ ଉପକୂଳ ପଦ୍ଧତି କଣ?","ଢେଉ ଶକ୍ତି କମାଇବା ପାଇଁ ମାର୍ସ ଘାସ କିମ୍ବା ଝିଙ୍କା ରିଫ ଭଳି ପ୍ରାକୃତିକ ସାମଗ୍ରୀ ବ୍ୟବହାର କରିବା।"
"ସ୍ବେଚ୍ଛାସେବୀମାନେ ଉଦ୍ଧାର କାର୍ଯ୍ୟ କିପରି ସମନ୍ବିତ କରିବେ?","ସରକାରୀ ନିର୍ଦ୍ଦେଶ ମାନନ୍ତୁ, ଅପ୍ରଶିକ୍ଷିତ ହେଲେ ବନ୍ୟା ପାଣିରୁ ଦୂରେ ରୁହନ୍ତୁ ଏବଂ କର୍ତ୍ତୃପକ୍ଷଙ୍କୁ ସ୍ଥାନ ଯୋଗାଯୋଗ କରନ୍ତୁ।"
"ବାଲି ଭର୍ତ୍ତି ଥୈଲା ସମ୍ବନ୍ଧରେ ସାଧାରଣ ଭ୍ରାନ୍ତି କଣ?","ବାଲି ଥୈଲା ସାମାନ୍ୟ ବନ୍ୟା ମନ୍ଥର କରିବାରେ ସାହାଯ୍ୟ କରେ କିନ୍ତୁ ମୁଖ୍ୟ ଜଳୋଚ୍ଛ୍ୱାସ ବନ୍ଦ କରିପାରେ ନାହିଁ।"
"ଜଳୋଚ୍ଛ୍ୱାସ ସମୟରେ ଉପର ମହଲାରେ ରହିବା ନିରାପଦ କି?","କେବଳ ଯଦି ସ୍ଥାନାନ୍ତରଣ ଅସମ୍ଭବ; ପହଞ୍ଚିବା ଯୋଗ୍ୟ ହେଲେ ବାହାରେ ସର୍ବୋଚ୍ଚ ଭୂମି ନିରାପଦ।"
"ଜଳୋଚ୍ଛ୍ୱାସ ପାଣିରେ ନିରାପଦରେ ଗାଡ଼ି ଚଲାଇପାରିବେ କି?","ନା, ଅଳ୍ପ ପାଣି ମଧ୍ୟ ଗାଡ଼ିକୁ ଭସାଇ ପାରେ; ସମ୍ଭବ ହେଲେ ସର୍ବଦା ପାଦରେ ସ୍ଥାନାନ୍ତରିତ ହୁଅନ୍ତୁ।"
"ଜଳୋଚ୍ଛ୍ୱାସ ସମୟରେ ଗାଧୋଇବା ନିରାପଦ କି?","ନା, ସ୍ରୋତ, ଧ୍ୱଂସାବଶେଷ ଓ ଦୂଷଣ ଗାଧୋଇବାକୁ ଅତ୍ୟନ୍ତ ବିପଦଜନକ କରିଥାଏ।"
"Hi","Hello! I’m OceanAlly 🌊 How can I help you today?"
"Hello","Hey there! Ready to explore ocean safety tips?"
"Hey","Hi! I’m here to help with ocean hazards or just chat 😊"
"Good morning","Good morning! Don’t forget to check tide alerts today 🌊"
"Good evening","Good evening! How was your day by the sea?"
"Good night","Sleep tight! Dream of calm oceans 🌙"
"Bye","Goodbye! Stay safe and watch the waves 🌊"
"Thanks","You’re welcome! Always here for ocean knowledge 🌊"
"Thank you","Anytime! OceanAlly at your service 😎"
"Thanks a lot","No problem! Stay safe near the water 🌊"
