"Question","Answer"
"What is a cyclone?","A rotating storm system with low pressure center and strong winds."
"How do cyclones form?","Warm ocean water evaporates, rises, and rotates due to Coriolis effect."
"What temperature is needed for cyclone formation?","Sea surface temperature of at least 26.5°C (80°F)."
"What is the difference between cyclone, typhoon, and hurricane?","Same phenomenon in different regions: Pacific (typhoon), Atlantic (hurricane), Indian Ocean (cyclone)."
"What is the eye of a cyclone?","Calm center with clear skies and light winds."
"What is the eyewall?","Ring of thunderstorms around the eye with strongest winds."
"What are spiral rainbands?","Curved bands of clouds and precipitation extending from the center."
"How are cyclones classified?","By maximum sustained wind speeds using Saffir-Simpson or similar scales."
"What is a Category 5 hurricane?","Storm with winds exceeding 252 km/h (157 mph)."
"When is cyclone season in the Atlantic?","June 1 to November 30, peak in August-October."
"When is typhoon season in the Pacific?","Year-round, but most active May to October."
"What causes cyclones to move?","Steering winds in the upper atmosphere and pressure systems."
"How fast do cyclones typically move?","15-25 km/h (10-15 mph) but can vary greatly."
"What is storm surge?","Rise in sea level caused by cyclone winds pushing water toward shore."
"How high can storm surge reach?","Up to 9 meters (30 feet) in extreme cases."
"What is the most dangerous aspect of cyclones?","Storm surge and flooding cause most fatalities."
"How are cyclones tracked?","Satellites, aircraft reconnaissance, weather buoys, and radar."
"What is a hurricane hunter?","Specially equipped aircraft that fly into storms to gather data."
"How accurate are cyclone forecasts?","Track forecasts are 70% accurate 5 days out, intensity harder to predict."
"What is the cone of uncertainty?","Probable path area showing where storm center might go."
"What technology is used for tracking?","Doppler radar, satellites, buoys, dropsondes, and computer models."
"How often are forecasts updated?","Every 6 hours officially, more frequently during rapid changes."
"What is rapid intensification?","Wind speed increase of 55 km/h (35 mph) in 24 hours."
"What causes rapid intensification?","Very warm water, low wind shear, and favorable atmospheric conditions."
"What is wind shear?","Change in wind speed or direction with altitude that can weaken storms."
"When are cyclone watches issued?","48 hours before tropical storm conditions expected."
"When are cyclone warnings issued?","36 hours before tropical storm conditions expected."
"What is a tropical storm warning?","Winds of 63-118 km/h (39-73 mph) expected within 36 hours."
"What is a hurricane warning?","Winds of 119+ km/h (74+ mph) expected within 36 hours."
"What should you do when a watch is issued?","Complete preparations and be ready to evacuate if ordered."
"What should you do when a warning is issued?","Take immediate action, complete preparations, evacuate if ordered."
"How much advance warning do we typically get?","3-5 days for track, 1-2 days for specific intensity."
"What is storm surge warning?","Life-threatening inundation expected within 36 hours."
"Who issues cyclone warnings?","National meteorological services like NHC, JMA, or local weather offices."
"What information is in cyclone advisories?","Location, intensity, movement, warnings, watches, and hazards."
"How are evacuation zones determined?","Storm surge risk, elevation, distance from water, and escape routes."
"What is a mandatory evacuation?","Legal order to leave an area due to life-threatening conditions."
"Should you evacuate for wind or water?","Evacuate from water (storm surge/flooding), shelter from wind."
"What areas are most vulnerable to storm surge?","Low-lying coastal areas, barrier islands, and estuaries."
"How early should you evacuate?","Before tropical storm force winds arrive, when roads are still safe."
"What if you can't evacuate?","Move to highest floor, stay away from windows, have emergency supplies."
"What should be in your hurricane kit?","Water, food, flashlight, radio, batteries, first aid, medications."
"How much water should you store?","1 gallon per person per day for at least 3 days."
"How much food should you store?","3-day supply of non-perishable food per person."
"What medications should you prepare?","7-day supply of prescription and over-the-counter medications."
"Should you fill bathtubs with water?","Yes, for washing and sanitation if utilities fail."
"What documents should you protect?","Insurance papers, IDs, bank records in waterproof container."
"How should you protect your home?","Install shutters, secure loose objects, trim trees, check roof."
"Should you tape windows?","No, tape doesn't prevent breaking and creates dangerous shards."
"What should you do with outdoor furniture?","Bring inside or secure firmly to prevent becoming projectiles."
"How do you prepare your car?","Full gas tank, check tires, emergency kit, evacuation route mapped."
"Should you withdraw cash?","Yes, ATMs and credit card systems may be down after storm."
"How do you prepare pets?","Carriers, food, water, medications, vaccination records, ID tags."
"What if shelters don't accept pets?","Plan ahead with pet-friendly hotels or friends outside area."
"How do you protect important papers?","Waterproof container or cloud storage backup."
"Should you stay with friends inland?","Yes, if possible and safer than your location."
"What is shelter-in-place?","Staying in your home or building rather than evacuating."
"When is it safe to shelter in place?","Sturdy building away from storm surge and flood zones."
"What room is safest during a cyclone?","Interior room on lowest floor, away from windows."
"Should you open windows to equalize pressure?","No, this is a myth that increases wind damage risk."
"What should you do if power goes out?","Use flashlights, not candles; check on neighbors; conserve phone battery."
"Can you go outside during the eye of the cyclone?","No, winds return quickly from opposite direction with little warning."
"When is it safe to go outside during a cyclone?","Never until authorities give all-clear after storm completely passes."
"What should you do if tornado warning issued during cyclone?","Move to interior room on lowest floor, avoid windows."
"How do you stay informed during the cyclone?","Battery/hand-crank radio, cell phone alerts, weather radio."
"What if you lose cell service during cyclone?","Try text messages, they often work when calls don't."
"Should you use generators indoors during cyclone?","Never, they produce deadly carbon monoxide gas."
"How do you avoid carbon monoxide poisoning during cyclone?","Never use generators, grills, or camp stoves indoors."
"What if flooding begins during cyclone?","Move to higher ground immediately, never drive through flood water."
"How deep of water can sweep you away during cyclone?","Just 6 inches of moving water can knock you down."
"How deep water can move a car during cyclone?","12 inches can float most cars, 18 inches can carry them away."
"What is the rule about driving during cyclone floods?","Turn around, don't drown - find alternate route."
"Should you walk through flood water during cyclone?","No, you can't see depth, debris, or downed power lines."
"What about downed power lines during cyclone?","Assume all are energized, stay at least 35 feet away."
"When is it safe to go outside?","Only when authorities declare all-clear and winds have stopped."
"What should you check first after the storm?","Gas leaks, structural damage, electrical hazards."
"How do you check for gas leaks?","Smell for gas, listen for hissing, never use matches to check."
"What if you smell gas?","Turn off main valve, evacuate, call gas company from safe location."
"How do you document damage?","Take photos/videos before cleanup for insurance claims."
"Should you enter damaged buildings?","Only if structurally sound, watch for hanging objects."
"How do you safely use chainsaws?","Wear protective gear, check for power lines, never work alone."
"What about contaminated flood water?","Avoid contact, wear gloves and boots, wash hands frequently."
"How do you clean up flood damage?","Remove water quickly, discard contaminated items, disinfect surfaces."
"Should you eat food that got wet?","Discard anything that contacted flood water or lost refrigeration."
"How long can food last without power?","Refrigerated: 4 hours, frozen: 24-48 hours if unopened."
"When should you call insurance company?","As soon as safely possible after the storm."
"What if roads are blocked?","Wait for emergency crews to clear, don't move debris yourself."
"How do you help neighbors safely?","Check welfare, share resources, report injuries to authorities."
"When will power be restored?","Depends on damage severity, could be days to weeks."
"How are power restoration priorities set?","Hospitals, emergency services, then residential areas."
"What about water service?","May take days to restore, boil water when service returns."
"Should you return home immediately after evacuation?","Only when authorities say it's safe and roads are clear."
"How do you prepare for long-term recovery?","Document losses, contact insurance, find temporary housing if needed."
"What financial assistance is available?","FEMA aid, SBA loans, insurance claims, charitable organizations."
"How do you apply for FEMA assistance?","Online, by phone, or at disaster recovery centers."
"What does FEMA assistance cover?","Temporary housing, home repairs, personal property replacement."
"How long do you have to file insurance claims?","Usually 1-2 years, but file as soon as possible."
"What if you disagree with insurance settlement?","Request re-evaluation, hire public adjuster, or seek legal advice."
"How do you find temporary housing?","FEMA assistance, insurance coverage, local shelters, family/friends."
"What about children's needs during recovery?","Maintain routines, provide emotional support, connect with school services."
"How do you deal with emotional trauma?","Seek counseling, join support groups, maintain social connections."
"What is disaster case management?","Service that helps coordinate recovery resources and services."
"How long does full recovery typically take?","Months to years depending on damage severity and resources."
"What is building back better?","Reconstructing with improved materials and methods to resist future storms."
"How do you make your home more storm-resistant?","Impact-resistant windows, stronger roof, elevated utilities, proper drainage."
"What are hurricane straps?","Metal connectors that secure roof to walls and walls to foundation."
"Should you elevate your home?","Consider if in flood-prone area, may reduce insurance costs."
"What is a safe room?","Reinforced interior space designed to protect from extreme winds."
"How do you landscape for hurricane resistance?","Plant native trees, avoid shallow-rooted species near structures."
"What insurance should you have?","Homeowners, flood insurance, windstorm coverage where needed."
"Why is flood insurance important?","Standard homeowners insurance doesn't cover flood damage."
"When should you buy flood insurance?","Before you need it, has 30-day waiting period."
"What is the National Flood Insurance Program?","Federal program providing flood insurance to property owners."
"How do you reduce insurance costs?","Mitigation measures like storm shutters, stronger roofing, elevation."
"What is a Community Rating System?","FEMA program that reduces flood insurance rates for participating communities."
"How do communities prepare for hurricanes?","Emergency plans, evacuation routes, shelters, public education, building codes."
"What are building codes for hurricane areas?","Standards for wind resistance, storm surge, and flooding."
"How do evacuation routes work?","Pre-planned roads that move people away from danger zones."
"What is a hurricane shelter?","Facility designed to protect people who cannot evacuate."
"How are shelters managed during storms?","Red Cross, Salvation Army, and local emergency management."
"What should communities do for vulnerable populations?","Special needs registries, assisted evacuation, accessible shelters."
"How do schools prepare for hurricanes?","Evacuation plans, communication systems, structural assessments."
"What is business continuity planning?","Preparing to maintain operations during and after disasters."
"How do hospitals prepare for hurricanes?","Backup power, extra supplies, evacuation plans, staff housing."
"What is mutual aid in disasters?","Communities helping each other with resources and personnel."
"How do you create a family emergency plan?","Meeting places, contacts, evacuation routes, communication methods."
"What information should be in your family plan?","Contact numbers, meeting locations, evacuation routes, important documents."
"How often should you practice your plan?","At least once a year, update when family situations change."
"What is a go-bag?","Pre-packed emergency supplies ready for quick evacuation."
"What should be in a workplace emergency kit?","Similar to home kit but for 3 days at work location."
"How do you communicate during emergencies?","Text messages, social media, out-of-state contact person."
"Why choose an out-of-state contact?","Local phone lines may be overloaded, long-distance often works."
"What is reverse 911?","Emergency notification system that calls phones in affected areas."
"How do you sign up for emergency alerts?","Register with local emergency management, enable phone alerts."
"What apps help during hurricanes?","Weather apps, emergency alert apps, family communication apps."
"How do you conserve phone battery?","Lower brightness, close apps, use airplane mode when not needed."
"What is amateur radio's role in disasters?","Backup communication when other systems fail."
"How do you stay informed without power?","Battery/hand-crank radio, car radio, neighbors with power."
"What is psychological first aid?","Providing comfort and support to disaster survivors."
"How do you help children cope with disasters?","Honest age-appropriate information, maintain routines, extra comfort."
"What are common post-disaster emotions?","Anxiety, sadness, anger, feeling overwhelmed - all normal reactions."
"When should you seek professional help?","If emotions interfere with daily life for extended periods."
"How do you maintain mental health during recovery?","Self-care, social support, professional help if needed, realistic expectations."
"What is survivor guilt?","Feeling bad about your situation when others suffered more."
"How do communities build resilience?","Education, planning, infrastructure improvements, social connections."
"What is climate change's effect on hurricanes?","May increase intensity and slow movement, raising sea levels."
"Are hurricanes becoming more frequent?","Not necessarily more frequent, but potentially more intense."
"What is hurricane modification?","Historical attempts to weaken storms, not currently operational."
"How accurate are long-range forecasts?","Limited skill beyond 7-10 days for specific storms."
"What is the difference between deterministic and ensemble forecasts?","Single forecast vs. multiple scenarios showing uncertainty."
"How do forecasters predict intensity?","Complex models considering ocean temperature, wind shear, atmospheric patterns."
"What is the biggest forecast challenge?","Predicting rapid intensification and exact landfall location."
"How has forecast accuracy improved?","Better satellites, models, and understanding have improved track forecasts significantly."
"What role do buoys play in forecasting?","Provide real-time ocean temperature and wave data."
"How do computer models work?","Mathematical equations simulate atmospheric behavior using current conditions."
"What is model consensus?","When multiple forecast models agree on storm track or intensity."
"Why do forecast tracks sometimes change dramatically?","Small changes in steering patterns can cause large track differences."
"What is the importance of continuous monitoring?","Storm conditions change rapidly, requiring frequent forecast updates."
"How do you interpret forecast uncertainty?","Larger cone of uncertainty means less confidence in exact track."
"What is storm surge modeling?","Computer simulations predicting surge height and inland penetration."
"How do you prepare for forecast uncertainty?","Prepare for range of possibilities, not just most likely scenario."
"What is the value of hurricane research?","Improves understanding, forecasting, and preparation saving lives."
"How do researchers study hurricanes?","Hurricane hunters, satellites, radar, ocean instruments, computer modeling."
"What is the Hurricane Research Division?","NOAA unit that studies hurricanes to improve forecasts."
"What new technologies are being developed?","Advanced satellites, drones, improved computer models, AI applications."
"How do you stay prepared year-round?","Maintain supplies, review plans, stay informed about forecast improvements."
"What is the importance of sustainable reconstruction?","Reduces vulnerability, prevents environmental damage, and ensures long-term safety."
"Question","Answer"
"What should coastal residents do before a cyclone strikes?","Follow evacuation orders, secure property, and stock emergency supplies."
"How can local cyclone shelters help during a storm?","They provide safe refuge for those who cannot evacuate to higher ground or safer areas."
"Who coordinates disaster response in India during cyclones?","National Disaster Management Authority (NDMA) along with State Disaster Management Authorities."
"How can schools prepare for cyclone season?","Develop evacuation plans, conduct drills, and communicate with parents and local authorities."
"What is a real-life example of a devastating cyclone?","Cyclone Fani in 2019 caused extensive damage in Odisha, India, with winds exceeding 200 km/h."
"How do mangroves help reduce cyclone impact?","Mangroves act as natural barriers, absorbing storm surge and reducing wind damage inland."
"Are elderly people at higher risk during cyclones?","Yes, elderly individuals may need assistance evacuating and managing medical needs."
"What should hospitals do to prepare for cyclones?","Ensure backup power, secure medical supplies, and have evacuation or shelter plans for patients."
"How can mobile apps help during cyclones?","Provide real-time alerts, evacuation routes, and emergency contacts for residents."
"What are common post-cyclone hazards?","Flooding, debris, contaminated water, and potential outbreaks of waterborne diseases."
"How can communities coordinate evacuation safely?","By using pre-planned routes, public alerts, volunteer networks, and transportation resources."
"What is the importance of disaster case management?","Helps survivors access aid, coordinate services, and recover efficiently after a cyclone."
"How can pregnant women stay safe during a cyclone?","Follow evacuation orders, have a go-bag ready, and seek medical advice ahead of storms."
"Why is local knowledge important during cyclones?","Local experience helps identify high-risk areas, safe shelters, and effective response strategies."
"What are some myths about cyclone safety?","Opening windows, going outside during the eye, or using candles indoors are all unsafe practices."
"How do drones assist in cyclone disaster response?","They help assess damage, locate stranded people, and monitor flooded or hazardous areas."
"What is the role of the military in cyclone response?","Assist with evacuations, rescue operations, and distribution of relief supplies."
"How do past cyclones inform current preparedness?","Lessons from previous events help improve building codes, evacuation planning, and public awareness."
"What is the impact of cyclones on coral reefs?","Strong waves and debris can damage reefs, affecting marine biodiversity and fisheries."
"How should pets be cared for during cyclone evacuation?","Bring them in carriers with food, water, vaccination records, and identification tags."
"What should be included in community emergency kits?","Water, food, first aid, flashlights, batteries, blankets, and communication devices."
"How can volunteers help during cyclone response?","Assist with evacuation, distribute relief, help with shelters, and provide first aid."
"What role do local NGOs play during cyclones?","Coordinate relief, provide emergency supplies, and support vulnerable populations."
"How can social media aid cyclone response?","Spread alerts, provide real-time updates, and help locate stranded individuals."
"What is the role of early warning systems?","Provide timely alerts to minimize loss of life and property damage."
"How should boats be secured during a cyclone?","Move to safe harbor or tie down securely to prevent drifting and damage."
"What should fishermen do when a cyclone is forecasted?","Return to port immediately, secure boats, and avoid venturing into stormy seas."
"How do cyclone-resistant structures reduce damage?","They withstand high winds, storm surges, and flying debris, protecting lives and property."
"What is the difference between primary and secondary hazards?","Primary hazards are direct (wind, surge), secondary hazards are indirect (flooding, disease)."
"How can community drills improve preparedness?","Practice evacuation, communication, and resource management to reduce confusion during actual events."
"How does climate change affect cyclone intensity?","Warmer oceans can increase storm intensity and rainfall, making cyclones more destructive."
"Why are low-lying areas most vulnerable?","They are prone to flooding and storm surge, increasing risk of property damage and fatalities."
"What is the role of insurance in cyclone recovery?","Covers property damage, helps rebuild homes, and provides financial support for victims."
"How can solar power be used during cyclones?","Portable solar panels can provide emergency electricity when the grid fails."
"How should mental health be addressed post-cyclone?","Provide counseling, support groups, and community resources to manage trauma and stress."
"What is the importance of documenting cyclone damage?","Necessary for insurance claims, government aid, and planning future mitigation."
"How do levees and seawalls help during cyclones?","They reduce flooding, divert water, and protect communities from storm surge."
"What is the importance of proper drainage systems?","Prevents waterlogging, reduces flood damage, and maintains sanitary conditions."
"How should water be purified after flooding?","Boil, use purification tablets, or filter to avoid waterborne diseases."
"How can communities manage debris safely?","Separate hazardous waste, use protective gear, and coordinate with authorities for removal."
"How do local government agencies coordinate during cyclones?","Share information, manage resources, lead evacuations, and communicate with the public."
"What is reverse 911?","Automated system calling residents to inform about hazards and evacuation orders."
"How should vehicles be used during evacuation?","Avoid driving through flooded areas, follow designated routes, and maintain fuel."
"What is the importance of backup communication channels?","Ensure continued information flow if primary networks fail."
"How can emergency shelters support special needs populations?","Provide accessible facilities, medical care, and assistance for mobility or hearing-impaired individuals."
"What are key items in a go-bag for a family?","Water, food, medications, clothes, important documents, flashlight, and battery-powered radio."
"How can teachers educate students about cyclones?","Classroom lessons, drills, and engaging educational materials on hazards and safety."
"What are the main phases of cyclone management?","Preparedness, response, recovery, and mitigation."
"How do volunteers assist with post-storm cleanup?","Remove debris, help rebuild structures, and support affected families."
"What is mutual aid in cyclone recovery?","Neighboring communities or organizations provide assistance with resources and manpower."
"How can communities plan for long-term resilience?","Invest in infrastructure, enforce building codes, educate public, and maintain emergency plans."
"What is the role of local meteorological offices?","Forecast storms, issue warnings, and provide public guidance."
"How can remote sensing aid cyclone management?","Monitor storm development, track movement, and assess post-storm damage."
"What is a storm surge map?","Shows potential areas of flooding from storm-driven sea-level rise."
"How should farmers protect crops during cyclones?","Harvest early, secure structures, use protective coverings, and follow advisories."
"How can businesses prepare for cyclones?","Develop continuity plans, secure assets, backup data, and train staff for emergency procedures."
"What is the role of the Red Cross during cyclones?","Provide shelters, medical aid, food, and coordinate disaster relief."
"How do hospitals prioritize care post-cyclone?","Treat critical patients first, manage triage, and restore essential services."
"What are common electrical hazards after cyclones?","Downed power lines, flooded electrical systems, and exposed wires."
"How can communities prevent waterborne diseases?","Boil water, avoid contact with flood water, and maintain sanitation."
"What is the importance of early evacuation?","Reduces fatalities, prevents injuries, and allows emergency services to operate effectively."
"How can local radio stations help during a cyclone?","Broadcast updates, warnings, and safety instructions to residents."
"What are high-risk behaviors during cyclones?","Driving through floods, ignoring evacuation orders, and staying near windows."
"What are low-risk behaviors during cyclones?","Following official guidance, sheltering safely, and having emergency supplies."
"How do international organizations assist during cyclones?","Provide funds, expertise, supplies, and coordinate with local authorities."
"How can GIS be used in cyclone management?","Map hazards, evacuation routes, and resources to support planning and response."
"What are the legal obligations of authorities during cyclones?","Issue warnings, coordinate evacuations, and provide public safety measures."
"How should food be stored during cyclones?","Non-perishable, sealed, and sufficient for at least 3 days per person."
"How can people communicate when networks are down?","Use radios, satellite phones, or pre-arranged meeting points."
"What is the importance of family emergency meetings?","Ensures everyone knows the plan, contacts, and evacuation routes."
"What are the responsibilities of community leaders?","Coordinate response, distribute resources, inform public, and support vulnerable members."
"How do you recognize signs of structural damage?","Cracks in walls, sagging roofs, tilted buildings, and water intrusion."
"How can technology improve cyclone response?","Drones, AI, early warning systems, and data analytics enhance preparedness and recovery."
"What are common myths about storm surge?","Water level rises slowly or only affects beachfront; actually it can surge rapidly and inland."
"How can communities support displaced populations?","Temporary housing, food, medical aid, and psychosocial support."
"How is cyclone intensity categorized?","By wind speed, central pressure, and potential damage (Saffir-Simpson or regional scales)."
"How do local emergency plans improve safety?","Predefines responsibilities, communication, and evacuation, reducing confusion."
"What is the importance of continuous education on cyclones?","Keeps public aware, improves preparedness, and reduces risk during future events."
"What are key lessons from major cyclones?","Early warning saves lives, resilient infrastructure reduces damage, and coordination improves recovery."
"How can children be educated about cyclone safety?","Age-appropriate lessons, drills, and involving them in family preparedness plans."
"What is the role of social support networks?","Provide emotional, logistical, and material assistance during and after disasters."
"What are indicators of flood risk during cyclones?","Low elevation, proximity to coast, historical flood records, and heavy rainfall."
"What is the importance of personal responsibility in cyclone preparedness?","Individuals who prepare reduce strain on emergency services and increase survival chances."
"How do you handle hazardous chemicals after a cyclone?","Do not touch, report to authorities, and avoid contamination."
"What are common post-cyclone psychological effects?","Anxiety, depression, PTSD, grief, and stress due to loss and disruption."
"What are key strategies for long-term mitigation?","Strengthen infrastructure, improve land-use planning, community education, and environmental protection."
"Question","Answer"
"What is a tsunami?","Series of ocean waves caused by sudden displacement of large water volumes."
"What causes tsunamis?","Underwater earthquakes, volcanic eruptions, landslides, or meteorite impacts."
"What is the most common cause of tsunamis?","Underwater earthquakes with magnitude 7.0 or greater."
"How deep must earthquake be to cause tsunami?","Usually less than 70 kilometers deep in ocean floor."
"What type of fault movement creates tsunamis?","Vertical displacement of seafloor, not horizontal sliding."
"Can volcanic eruptions cause tsunamis?","Yes, explosive eruptions or volcanic collapses can displace water."
"Can landslides cause tsunamis?","Yes, underwater or coastal landslides can generate local tsunamis."
"What was the deadliest tsunami in history?","2004 Indian Ocean tsunami that killed over 230,000 people."
"What was the largest tsunami wave ever recorded?","1958 Lituya Bay, Alaska - 524 meters (1,720 feet) high."
"How fast do tsunamis travel in deep ocean?","500-800 km/h (300-500 mph), speed of commercial jet."
"How fast do tsunamis travel in shallow water?","Slow to 50-100 km/h (30-60 mph) but increase in height."
"Why do tsunamis slow down near shore?","Shallow water creates friction that reduces speed but increases height."
"How high can tsunami waves get?","Generally 3-30 meters, but can exceed 40 meters in extreme cases."
"What is tsunami runup?","Maximum vertical height water reaches inland from sea level."
"How far inland can tsunamis travel?","Up to 10 kilometers inland on flat coastal plains."
"Are all tsunami waves the same size?","No, waves vary in size and the largest may not be first."
"How many waves are in a tsunami?","Multiple waves over hours, later waves can be larger than first."
"What is the time between tsunami waves?","Usually 10-45 minutes between wave crests."
"Do tsunamis always appear as giant walls of water?","No, often appear as rapidly rising tide or fast-moving flood."
"What is a tsunami bore?","Wall of turbulent water that forms in rivers and narrow bays."
"What are the early natural warning signs of tsunami?","Strong earthquake lasting over 20 seconds near coast."
"What does ocean recession mean before tsunami?","Water suddenly retreats exposing seafloor and marine life."
"Should you investigate exposed seafloor during recession?","No, immediately evacuate to high ground - tsunami is coming."
"What sound might you hear before tsunami?","Loud roaring sound like freight train or jet engine."
"Can animals sense tsunamis before humans?","Animals may act strangely, but don't rely on this as warning."
"What if you feel strong earthquake at coast?","Immediately move to high ground, don't wait for official warning."
"How long do you have after earthquake to evacuate?","Usually 15-30 minutes for nearby tsunamis, hours for distant ones."
"What if earthquake is too weak to feel?","Distant earthquakes can still generate tsunamis, watch for other signs."
"Should you wait for official warnings?","No, natural signs require immediate self-evacuation to high ground."
"What if you see ocean recession but felt no earthquake?","Still evacuate immediately - tsunami could be from distant source."
"Can small earthquakes generate tsunamis?","Rarely, but underwater landslides triggered by small quakes can."
"What if water level rises unusually fast?","Evacuate immediately, this could be first wave of tsunami."
"Who issues tsunami warnings?","National tsunami warning centers and local emergency management."
"What is a tsunami watch?","Tsunami possible based on earthquake data, stay alert for updates."
"What is a tsunami advisory?","Strong currents expected, stay out of water but evacuation not required."
"What is a tsunami warning?","Dangerous tsunami waves expected, immediate evacuation required."
"How are tsunami warnings distributed?","Sirens, radio, TV, cell phone alerts, social media."
"What should you do when tsunami warning issued?","Evacuate immediately to high ground or inland."
"How much time do warnings give you?","Minutes to hours depending on distance from tsunami source."
"What if warning systems fail?","Trust natural warning signs and evacuate based on earthquake or ocean changes."
"Should you wait to confirm tsunami before evacuating?","No, by the time you see it, it's too late to escape safely."
"What technology detects tsunamis?","Deep ocean buoys (DART system), coastal tide gauges, seismographs."
"How do deep ocean buoys work?","Detect pressure changes on seafloor and transmit data via satellite."
"What is the DART system?","Deep-ocean Assessment and Reporting of Tsunamis buoy network."
"How accurate are tsunami warnings?","Very accurate for detection, but height and arrival time estimates vary."
"Can tsunamis be predicted like weather?","No, they can only be detected after the triggering event occurs."
"What should be in your tsunami emergency kit?","Water, food, flashlight, radio, first aid, important documents, sturdy shoes."
"How much water should you store for tsunamis?","1 gallon per person per day for at least 3 days."
"What type of radio is best for tsunami emergencies?","Battery-powered or hand-crank weather radio with NOAA alerts."
"What documents should you protect from tsunamis?","ID, insurance papers, medical records in waterproof container above flood level."
"Should you keep emergency supplies at work?","Yes, workplace kit with supplies for 72 hours."
"What shoes are best for tsunami evacuation?","Sturdy closed-toe shoes that won't slip off during running."
"How do you prepare your home for tsunamis?","Know evacuation routes, secure water heater, elevate utilities, have emergency kit."
"Should you elevate your house in tsunami zones?","Consider elevation on posts/pilings if structurally and financially feasible."
"What insurance covers tsunami damage?","Flood insurance may cover some tsunami damage, check policy details."
"How do you create tsunami family plan?","Meeting places, evacuation routes, communication methods, out-of-area contact."
"Where should family members meet after tsunami?","High ground location away from coast that everyone can reach."
"How do you practice tsunami evacuation?","Walk evacuation routes, time how long it takes, practice at different times."
"What if family members are separated during tsunami?","Use predetermined meeting places and out-of-state contact person."
"How do you prepare pets for tsunami evacuation?","Carriers, leashes, food, water, medications, identification tags."
"Can you drive during tsunami evacuation?","Only if absolutely necessary, traffic may be gridlocked - walking often faster."
"What if you're at beach when earthquake occurs?","Drop, cover, hold, then immediately move to high ground when shaking stops."
"What if you're in boat when tsunami warning issued?","If in deep water stay there, if near shore get to land and move inland."
"How high is safe during tsunami evacuation?","At least 30 meters (100 feet) above sea level or 2 km inland."
"What if no high ground is available?","Move as far inland as possible, seek upper floors of strong buildings."
"Should you use elevators during tsunami evacuation?","No, use stairs in case power fails during evacuation."
"What if you're driving when tsunami warning issued?","Park safely, grab emergency kit, evacuate on foot to high ground."
"Can you outrun a tsunami in a car?","Unlikely due to traffic, debris, and tsunami speed - evacuate on foot when possible."
"What if evacuation routes are blocked?","Find alternate route to high ground, don't return to dangerous areas."
"Should you help others during evacuation?","Yes if safe to do so, but don't risk your life unnecessarily."
"What if you encounter injured person during evacuation?","Help if possible but prioritize getting to safety first."
"How do you evacuate with mobility limitations?","Plan assistance in advance, use wheelchairs/walkers, seek help from others."
"What if you're caring for small children during evacuation?","Carry infants, hold hands with toddlers, practice evacuation regularly."
"Should elderly or disabled people evacuate?","Yes, make advance plans for assistance and transportation."
"What if you can't reach designated evacuation area?","Get to highest ground available, even upper floors of buildings."
"What do you do if caught in tsunami water?","Grab floating debris, avoid power lines, try to get out of water quickly."
"Can you swim in tsunami water?","Very difficult due to debris and powerful currents - avoid if possible."
"What if tsunami water is rising around you?","Climb to highest available point, call for help, avoid electrical hazards."
"Should you enter buildings during tsunami?","Only strong, tall buildings as last resort - high ground is better."
"What if you're swept away by tsunami?","Grab something that floats, protect head from debris, try to swim to safety."
"Can you survive being in tsunami water?","Possible but dangerous due to debris, contamination, and powerful currents."
"What if you're trapped in building during tsunami?","Get to highest floor, signal for help, stay away from windows."
"Should you go back for belongings during tsunami?","Never, material possessions can be replaced - your life cannot."
"What if you forgot someone during evacuation?","Don't return, notify emergency responders of missing person location."
"How long should you stay in evacuation area?","Until authorities give all-clear, usually several hours after last wave."
"What if you hear tsunami siren during evacuation?","Continue evacuation immediately, siren means danger is imminent."
"Can you drink tsunami water?","Never, it's contaminated with saltwater, debris, and hazardous materials."
"What if you're hungry during long evacuation?","Ration emergency food supplies, help may take hours to arrive."
"Should you use cell phone during tsunami?","Only for emergencies, preserve battery and avoid overloading networks."
"When is it safe to return after tsunami?","Only when authorities give official all-clear and inspect for hazards."
"What should you check first after returning from tsunami?","Structural damage, electrical hazards, gas leaks, contaminated water."
"How do you check for gas leaks after tsunami?","Smell for gas, listen for hissing, turn off main valve, call gas company."
"What if your house was flooded by tsunami?","Don't enter until inspected, assume contamination, document damage with photos."
"Should you drink tap water after tsunami?","Not until authorities confirm it's safe, use bottled or boiled water."
"How do you clean up after tsunami?","Wear protective gear, remove contaminated materials, disinfect surfaces thoroughly."
"What should you throw away after tsunami?","Food that contacted water, damaged electrical items, porous materials like carpet."
"How do you deal with tsunami debris?","Don't handle alone, report large debris to authorities, watch for hazardous materials."
"What if utilities are damaged after tsunami?","Don't use until professionally inspected and repaired."
"Should you enter your car after tsunami?","Have it inspected first, saltwater can damage electrical and mechanical systems."
"How do you document tsunami damage for insurance?","Take photos/videos before cleanup, keep receipts, contact insurer immediately."
"What emotional reactions are normal after tsunami?","Anxiety, sadness, anger, difficulty sleeping - all normal stress responses."
"When should you seek mental health help after tsunami?","If symptoms persist or interfere with daily functioning."
"How do you help children cope with tsunami trauma?","Provide comfort, maintain routines, give honest age-appropriate information."
"What if you lost important documents in tsunami?","Contact agencies to replace ID, insurance papers, medical records."
"How do you find missing family members after tsunami?","Contact Red Cross, check emergency shelters, use social media safely."
"What assistance is available after tsunamis?","FEMA aid, Red Cross help, local charity support, insurance claims."
"How long does tsunami recovery take?","Months to years depending on damage severity and available resources."
"Should you rebuild in same location after tsunami?","Consider elevation, setbacks, and improved construction methods."
"What is tsunami-resistant construction?","Elevated structures, breakaway walls, reinforced materials, proper drainage."
"How do you make existing building more tsunami-resistant?","Elevate utilities, install flood vents, strengthen foundation, create escape routes."
"What landscaping helps with tsunamis?","Native vegetation, natural barriers, avoid hard surfaces that increase runup."
"Should coastal communities have seawalls?","Can help but may create false security, not effective against large tsunamis."
"What is vertical evacuation?","Going up in buildings when horizontal evacuation impossible."
"How high should vertical evacuation buildings be?","At least 4 stories or designed to withstand expected tsunami forces."
"What makes a good tsunami evacuation building?","Reinforced concrete, steel frame, above expected wave height, multiple exits."
"How do you design tsunami evacuation routes?","Wide, clear paths to high ground with minimal obstacles and chokepoints."
"Should evacuation routes have signs?","Yes, clear multilingual signs showing direction and distance to safety."
"What role do natural barriers play?","Mangroves, coral reefs, and dunes can reduce tsunami energy but not stop them."
"How do communities educate about tsunami risk?","Public drills, education campaigns, school programs, warning system tests."
"What is TsunamiReady certification?","NOAA program recognizing communities with effective tsunami preparedness."
"How often should communities practice tsunami drills?","At least annually, more frequently in high-risk areas."
"What should schools do for tsunami preparedness?","Evacuation plans, regular drills, parent notification systems, elevated safe areas."
"How do hotels prepare for tsunamis?","Guest education, evacuation plans, staff training, emergency supplies."
"What should hospitals do in tsunami zones?","Elevation planning, backup power, patient evacuation procedures, staff training."
"How do ports and harbors prepare for tsunamis?","Warning systems, vessel evacuation plans, infrastructure protection, emergency response."
"What is international tsunami cooperation?","Sharing warning data, research cooperation, standardized alert systems."
"What is the Pacific Tsunami Warning Center?","International center that monitors Pacific Ocean for tsunami threats."
"How do different countries share tsunami warnings?","Through regional warning networks and international communication protocols."
"What research is improving tsunami science?","Computer modeling, historical studies, geological research, early warning technology."
"How do scientists study past tsunamis?","Sediment deposits, coral growth patterns, historical records, geological evidence."
"What is paleotsunamiology?","Study of prehistoric tsunamis using geological and biological evidence."
"How do tsunami models work?","Computer simulations of wave generation, propagation, and coastal impact."
"What new technology is being developed?","Faster detection systems, improved modeling, better warning dissemination."
"Can artificial intelligence help with tsunamis?","AI can improve wave prediction, optimize evacuation routes, analyze risk patterns."
"What is community-based tsunami warning?","Local systems that complement official warnings with neighborhood networks."
"How do you maintain long-term tsunami preparedness?","Regular plan updates, continued education, equipment maintenance, community engagement."
"What is tsunami risk assessment?","Scientific evaluation of tsunami probability and potential impact for specific areas."
"How do you balance development with tsunami risk?","Zoning restrictions, building codes, setback requirements, risk disclosure."
"What is the role of education in tsunami preparedness?","Teaching recognition of natural warnings and appropriate response actions."
"How do you update tsunami preparedness plans?","Regular reviews, incorporate lessons learned, update contact information, practice drills."
"What makes tsunami preparedness successful?","Community awareness, effective warning systems, clear evacuation routes, regular practice."
"Should you trust traditional knowledge about tsunamis?","Yes, indigenous knowledge often contains valuable insights about historical events."
"How do you prepare for night-time tsunamis?","Flashlights ready, know evacuation routes by feel, practice in darkness."
"What if tsunami occurs during bad weather?","Still evacuate immediately, seek sturdy shelter on high ground."
"Can small tsunamis be dangerous?","Yes, even small waves can have powerful currents and cause drowning."
"What is the difference between tsunami and storm surge?","Tsunamis caused by geological events, storm surge caused by weather."
"How do you distinguish tsunami from normal waves?","Tsunamis affect entire water column, have longer periods, continue for hours."
"What if you live inland but near tsunami evacuation zone?","You may still need to evacuate if in low-lying river valley."
"Can rivers carry tsunami waves inland?","Yes, tsunamis can travel up rivers and cause flooding miles from coast."
"What is tsunami sediment and why is it dangerous?","Sand and debris carried by waves, can bury areas and contain contaminants."
"How do you prepare for cascading disasters after tsunamis?","Plan for fires, chemical spills, infrastructure failures that may follow."
"What if nuclear plant is damaged by tsunami?","Follow evacuation orders, take potassium iodide if directed, monitor radiation levels."
"Should you stay informed about global earthquake activity?","Yes, large distant earthquakes can generate tsunamis hours later."
"What is the most important tsunami safety rule?","When in doubt, get out - evacuate to high ground immediately."
"How do you remember tsunami safety basics?","Think DROP (earthquake), CHECK (natural signs), GO (evacuate to high ground)."
"What is a tsunami?","Series of ocean waves caused by sudden displacement of large water volumes."
"What causes tsunamis?","Underwater earthquakes, volcanic eruptions, landslides, or meteorite impacts."
"What is the most common cause of tsunamis?","Underwater earthquakes with magnitude 7.0 or greater."
"Can volcanic eruptions cause tsunamis?","Yes, explosive eruptions or collapses can displace large volumes of water."
"Can landslides cause tsunamis?","Yes, underwater or coastal landslides can generate local tsunamis."
"What was the deadliest tsunami in history?","2004 Indian Ocean tsunami that killed over 230,000 people."
"What was the largest tsunami wave ever recorded?","1958 Lituya Bay, Alaska - 524 meters (1,720 feet) high."
"How fast do tsunamis travel in deep ocean?","500-800 km/h (300-500 mph), similar to a commercial jet."
"How fast do tsunamis travel in shallow water?","50-100 km/h (30-60 mph), but waves grow taller near the shore."
"Why do tsunamis slow down near the coast?","Shallow water creates friction reducing speed but increasing height."
"How high can tsunami waves get?","Generally 3-30 meters, but can exceed 40 meters in extreme cases."
"What is tsunami runup?","Maximum vertical height water reaches inland from sea level."
"How far inland can tsunamis travel?","Up to 10 kilometers inland on flat coastal plains."
"Are all tsunami waves the same size?","No, waves vary and later waves may be larger than the first."
"What is the time between tsunami waves?","Usually 10-45 minutes between wave crests."
"Do tsunamis always appear as giant walls of water?","No, often as a rapidly rising tide or fast-moving flood."
"What is a tsunami bore?","Wall of turbulent water forming in rivers or narrow bays."
"What are early natural warning signs of a tsunami?","Strong, long earthquake near coast, ocean recession, unusual roaring sound."
"Can animals sense tsunamis before humans?","Sometimes, but do not rely solely on animal behavior for warning."
"What should you do if you feel a strong earthquake at the coast?","Immediately move to high ground, do not wait for official warning."
"How long do you have to evacuate after an earthquake?","Usually 15-30 minutes for nearby tsunamis, hours for distant sources."
"Who issues tsunami warnings?","National tsunami warning centers and local emergency management."
"What is a tsunami watch?","Tsunami possible based on earthquake data, stay alert for updates."
"What is a tsunami advisory?","Strong currents expected, stay out of water but evacuation not required."
"What is a tsunami warning?","Dangerous tsunami waves expected, immediate evacuation required."
"How are tsunami warnings distributed?","Sirens, radio, TV, cell phone alerts, social media."
"What should you do during a tsunami warning?","Evacuate immediately to high ground or inland."
"Should you wait to confirm tsunami before evacuating?","No, evacuate immediately based on natural signs or warning."
"What technology detects tsunamis?","Deep ocean buoys (DART), coastal tide gauges, seismographs."
"How do deep ocean buoys work?","Detect pressure changes on seafloor and transmit data via satellite."
"What is the DART system?","Deep-ocean Assessment and Reporting of Tsunamis buoy network."
"How accurate are tsunami warnings?","Very accurate for detection, but wave height and arrival time vary."
"Can tsunamis be predicted like weather?","No, they can only be detected after the triggering event."
"What should be in your tsunami emergency kit?","Water, food, flashlight, radio, first aid, important documents, sturdy shoes."
"How much water should you store for tsunamis?","1 gallon per person per day for at least 3 days."
"What type of radio is best for tsunami emergencies?","Battery-powered or hand-crank weather radio with alerts."
"What documents should you protect from tsunamis?","ID, insurance papers, medical records in waterproof container above flood level."
"Should you keep emergency supplies at work?","Yes, workplace kit with supplies for 72 hours."
"What shoes are best for tsunami evacuation?","Sturdy closed-toe shoes that won't slip off during running."
"How do you prepare your home for tsunamis?","Know evacuation routes, secure water heater, elevate utilities, have emergency kit."
"Should you elevate your house in tsunami zones?","Consider elevation on posts/pilings if feasible."
"What insurance covers tsunami damage?","Flood insurance may cover some tsunami damage, check policy details."
"How do you create a tsunami family plan?","Meeting places, evacuation routes, communication methods, out-of-area contact."
"Where should family members meet after tsunami?","High ground location away from coast that everyone can reach."
"How do you practice tsunami evacuation?","Walk evacuation routes, time it, practice at different times."
"What if family members are separated during tsunami?","Use predetermined meeting places and out-of-state contact person."
"How do you prepare pets for tsunami evacuation?","Carriers, leashes, food, water, medications, identification tags."
"Can you drive during tsunami evacuation?","Only if necessary; traffic may be gridlocked - walking is often faster."
"What if you're at the beach when earthquake occurs?","Drop, cover, hold, then immediately move to high ground."
"What if you're in a boat during tsunami warning?","If deep water, stay; if near shore, get to land and move inland."
"How high is safe during tsunami evacuation?","At least 30 meters (100 feet) above sea level or 2 km inland."
"What if no high ground is available?","Move inland as far as possible, or to upper floors of strong buildings."
"Should you use elevators during tsunami evacuation?","No, use stairs in case power fails."
"What if you're driving when tsunami warning issued?","Park safely, grab emergency kit, evacuate on foot to high ground."
"Can you outrun a tsunami in a car?","Unlikely due to speed and traffic; evacuate on foot when possible."
"What if evacuation routes are blocked?","Find alternate route to high ground, avoid returning to danger."
"Should you help others during evacuation?","Yes if safe, but prioritize your own safety."
"What if you encounter an injured person during evacuation?","Help if possible, but get yourself to safety first."
"How do you evacuate with mobility limitations?","Plan assistance, use wheelchairs/walkers, seek help."
"What if you're caring for small children during evacuation?","Carry infants, hold toddlers' hands, practice regularly."
"Should elderly or disabled people evacuate?","Yes, plan assistance and transportation in advance."
"What if you can't reach designated evacuation area?","Get to highest ground or upper floors of buildings."
"What do you do if caught in tsunami water?","Grab floating debris, protect head, try to swim to safety."
"Can you swim in tsunami water?","Very difficult due to debris and currents - avoid if possible."
"What if tsunami water is rising around you?","Climb to highest point, call for help, avoid electrical hazards."
"Should you enter buildings during tsunami?","Only strong, tall buildings as last resort; high ground is safer."
"What if you're swept away by tsunami?","Grab something that floats, protect head, try to reach safety."
"Can you survive being in tsunami water?","Possible but dangerous due to debris, contamination, and currents."
"What if you're trapped in building during tsunami?","Get to highest floor, signal for help, stay away from windows."
"Should you go back for belongings during tsunami?","Never, your life is more important than material possessions."
"What if you forgot someone during evacuation?","Don't return; notify emergency responders."
"How long should you stay in evacuation area?","Until authorities give all-clear, usually several hours after last wave."
"What if you hear tsunami siren during evacuation?","Continue evacuation immediately; siren means imminent danger."
"Can you drink tsunami water?","Never; it's contaminated with saltwater, debris, and hazardous materials."
"What if you're hungry during long evacuation?","Ration emergency food supplies; help may take hours to arrive."
"Should you use cell phone during tsunami?","Only for emergencies; preserve battery and avoid overloading networks."
"When is it safe to return after tsunami?","Only when authorities give official all-clear and inspect hazards."
"What should you check first after returning?","Structural damage, electrical hazards, gas leaks, contaminated water."
"How do you check for gas leaks after tsunami?","Smell for gas, listen for hissing, turn off valve, call gas company."
"What if your house was flooded by tsunami?","Don't enter until inspected; assume contamination; document damage."
"Should you drink tap water after tsunami?","Not until authorities confirm safety; use bottled or boiled water."
"How do you clean up after tsunami?","Wear protective gear, remove contaminated materials, disinfect surfaces."
"What should you throw away after tsunami?","Food that contacted water, damaged electrical items, porous materials."
"How do you deal with tsunami debris?","Report large debris to authorities, avoid hazardous materials."
"What if utilities are damaged after tsunami?","Don't use until professionally inspected."
"Should you enter your car after tsunami?","Have it inspected first; saltwater damages electrical and mechanical systems."
"How do you document tsunami damage for insurance?","Take photos/videos before cleanup, keep receipts, contact insurer."
"What emotional reactions are normal after tsunami?","Anxiety, sadness, anger, difficulty sleeping - normal stress responses."
"When should you seek mental health help after tsunami?","If symptoms persist or interfere with daily functioning."
"How do you help children cope with tsunami trauma?","Provide comfort, maintain routines, give honest age-appropriate information."
"What if you lost important documents in tsunami?","Contact agencies to replace ID, insurance papers, medical records."
"How do you find missing family members after tsunami?","Contact Red Cross, check shelters, use social media safely."
"What assistance is available after tsunamis?","FEMA aid, Red Cross, local charities, insurance claims."
"How long does tsunami recovery take?","Months to years depending on damage severity and resources."
"Should you rebuild in same location after tsunami?","Consider elevation, setbacks, and improved construction methods."
"What is tsunami-resistant construction?","Elevated structures, breakaway walls, reinforced materials, proper drainage."
"How do you make existing building more tsunami-resistant?","Elevate utilities, install flood vents, strengthen foundation, create escape routes."
"What landscaping helps with tsunamis?","Native vegetation, natural barriers, avoid hard surfaces that increase runup."
"Should coastal communities have seawalls?","Can help but may create false security, not effective against large tsunamis."
"What is vertical evacuation?","Going up in buildings when horizontal evacuation impossible."
"How high should vertical evacuation buildings be?","At least 4 stories or designed to withstand expected tsunami forces."
"What makes a good tsunami evacuation building?","Reinforced concrete, steel frame, above expected wave height, multiple exits."
"How do you design tsunami evacuation routes?","Wide, clear paths to high ground with minimal obstacles."
"Should evacuation routes have signs?","Yes, clear multilingual signs showing direction and distance to safety."
"What role do natural barriers play?","Mangroves, coral reefs, and dunes reduce tsunami energy but do not stop it."
"How do communities educate about tsunami risk?","Public drills, campaigns, school programs, warning system tests."
"What is TsunamiReady certification?","NOAA program recognizing communities with effective tsunami preparedness."
"How often should communities practice tsunami drills?","At least annually, more frequently in high-risk areas."
"What should schools do for tsunami preparedness?","Evacuation plans, regular drills, parent notification systems, elevated safe areas."
"How do hotels prepare for tsunamis?","Guest education, evacuation plans, staff training, emergency supplies."
"What should hospitals do in tsunami zones?","Elevation planning, backup power, patient evacuation procedures, staff training."
"How do ports and harbors prepare for tsunamis?","Warning systems, vessel evacuation plans, infrastructure protection, emergency response."
"What is international tsunami cooperation?","Sharing warning data, research cooperation, standardized alert systems."
"What is the Pacific Tsunami Warning Center?","International center monitoring Pacific Ocean for tsunami threats."
"How do different countries share tsunami warnings?","Through regional warning networks and international communication protocols."
"What research is improving tsunami science?","Computer modeling, historical studies, geological research, early warning technology."
"How do scientists study past tsunamis?","Sediment deposits, coral growth patterns, historical records, geological evidence."
"What is paleotsunamiology?","Study of prehistoric tsunamis using geological and biological evidence."
"How do tsunami models work?","Computer simulations of wave generation, propagation, and coastal impact."
"What new technology is being developed?","Faster detection systems, improved modeling, better warning dissemination."
"Can artificial intelligence help with tsunamis?","AI can improve wave prediction, optimize evacuation routes, analyze risk patterns."
"What is community-based tsunami warning?","Local systems that complement official warnings with neighborhood networks."
"How do you maintain long-term tsunami preparedness?","Regular plan updates, continued education, equipment maintenance, community engagement."
"What is tsunami risk assessment?","Scientific evaluation of tsunami probability and potential impact for specific areas."
"How do you balance development with tsunami risk?","Zoning restrictions, building codes, setback requirements, risk disclosure."
"What is the role of education in tsunami preparedness?","Teaching recognition of natural warnings and appropriate response actions."
"How do you update tsunami preparedness plans?","Regular reviews, incorporate lessons learned, update contact information, practice drills."
"What makes tsunami preparedness successful?","Community awareness, effective warning systems, clear evacuation routes, regular practice."
"Should you trust traditional knowledge about tsunamis?","Yes, indigenous knowledge often contains valuable insights about historical events."
"How do you prepare for night-time tsunamis?","Flashlights ready, know evacuation routes by feel, practice in darkness."
"What if tsunami occurs during bad weather?","Still evacuate immediately, seek sturdy shelter on high ground."
"Can small tsunamis be dangerous?","Yes, even small waves can have powerful currents and cause drowning."
"What is the difference between tsunami and storm surge?","Tsunamis caused by geological events, storm surge caused by weather."
"How do you distinguish tsunami from normal waves?","Tsunamis affect entire water column, have longer periods, continue for hours."
"What if you live inland but near tsunami evacuation zone?","You may still need to evacuate if in low-lying river valley."
"Can rivers carry tsunami waves inland?","Yes, tsunamis can travel up rivers and cause flooding miles from coast."
"What is tsunami sediment and why is it dangerous?","Sand and debris carried by waves can bury areas and contain contaminants."
"How do you prepare for cascading disasters after tsunamis?","Plan for fires, chemical spills, and infrastructure failures that may follow."
"What if a nuclear plant is damaged by tsunami?","Follow evacuation orders, take potassium iodide if directed, monitor radiation levels."
"Should you stay informed about global earthquake activity?","Yes, large distant earthquakes can generate tsunamis hours later."
"What is the most important tsunami safety rule?","When in doubt, get out - evacuate to high ground immediately."
"How do you remember tsunami safety basics?","Think DROP (earthquake), CHECK (natural signs), GO (evacuate to high ground)."
"Question","Answer"
"What is storm surge?","Rise in sea level caused by strong winds pushing water toward shore."
"What causes storm surge?","Hurricane or tropical storm winds combined with low atmospheric pressure."
"How does low pressure contribute to storm surge?","Low pressure allows sea level to rise like water being sucked up through straw."
"How high can storm surge reach?","Up to 9 meters (30 feet) in extreme hurricanes, typically 1-6 meters."
"What factors determine storm surge height?","Wind speed, storm size, approach angle, coastal bathymetry, and tide level."
"What is the most dangerous aspect of hurricanes?","Storm surge causes approximately 50% of hurricane fatalities."
"How far inland can storm surge travel?","Up to 25 kilometers inland on flat coastal plains."
"What is storm tide?","Storm surge height combined with normal astronomical tide."
"Does storm surge occur only during hurricanes?","No, any strong storm system can generate surge including nor'easters."
"What is wind setup?","Water pushed toward shore by sustained winds before storm arrives."
"How does coastal shape affect storm surge?","Funnel-shaped bays and estuaries amplify surge height significantly."
"What is wave setup?","Additional water level rise caused by breaking waves on top of surge."
"What are the different types of flooding?","Coastal, riverine, flash, urban, groundwater, and dam failure flooding."
"What causes flash flooding?","Heavy rainfall that exceeds ground absorption and drainage capacity."
"How quickly can flash floods develop?","Within minutes to hours of heavy rainfall."
"What is riverine flooding?","Overflow of rivers and streams due to prolonged or heavy rainfall."
"What is urban flooding?","Surface water flooding in cities due to overwhelmed drainage systems."
"What causes groundwater flooding?","Prolonged rainfall raising water table above ground level."
"What is a 100-year flood?","Flood with 1% chance of occurring in any given year."
"What is a 500-year flood?","Flood with 0.2% chance of occurring in any given year."
"Are flood zones permanent?","No, FEMA updates flood maps as conditions and development change."
"What is base flood elevation?","Water level of 100-year flood used for building and insurance requirements."
"How are storm surge zones determined?","Computer modeling of worst-case scenarios for different hurricane categories."
"What is SLOSH model?","Sea, Lake, and Overland Surges from Hurricanes computer prediction model."
"Who creates storm surge forecast maps?","National Hurricane Center using SLOSH and other advanced models."
"How accurate are storm surge predictions?","Generally accurate for height, timing can vary by several hours."
"When are storm surge warnings issued?","When life-threatening surge expected within 36 hours."
"What should you do when storm surge warning issued?","Evacuate immediately if in surge zone, move to higher ground."
"Should you evacuate from wind or water?","Always evacuate from water (storm surge), shelter in place from wind."
"What is mandatory evacuation for storm surge?","Legal order to leave surge-prone areas due to life-threatening conditions."
"How do you know if you're in storm surge evacuation zone?","Check local emergency management maps and evacuation zone designations."
"What should be in your storm surge emergency kit?","Water, food, flashlight, radio, first aid, medications, important documents."
"How much advance notice do you get for storm surge?","Usually 12-36 hours depending on storm speed and forecast confidence."
"Should you board up windows for storm surge?","Focus on evacuation first, boarding helps with wind but not surge."
"How do you prepare your home for storm surge?","Elevate utilities, secure outdoor items, turn off utilities if evacuating."
"What documents should you protect from storm surge?","Insurance papers, IDs, medical records in waterproof container above surge level."
"Should you fill bathtubs before storm surge?","Only if staying inland, not helpful if evacuating surge zones."
"How do you prepare pets for storm surge evacuation?","Carriers, food, water, medications, vaccination records, identification."
"What if shelters don't accept pets during storm surge?","Plan with pet-friendly hotels or friends outside evacuation zones."
"Should you drive through storm surge evacuation?","Only to get out of surge zone, then shelter from wind elsewhere."
"When should you leave surge evacuation zone?","As soon as warning issued, before tropical storm force winds arrive."
"What if you can't evacuate from storm surge zone?","Go to highest floor of strongest building, away from surge-side windows."
"Should you stay with neighbors during storm surge?","Only if their location is safer and outside evacuation zone."
"How do you create storm surge family plan?","Identify if in surge zone, evacuation routes, meeting places, communication."
"What should children know about storm surge?","Difference between surge and regular flooding, evacuation procedures, meeting places."
"How high above sea level is safe from storm surge?","At least 6-10 meters depending on local storm surge history and projections."
"What if you live in mobile home during storm surge?","Always evacuate, mobile homes cannot withstand surge or hurricane winds."
"Should you use sandbags for storm surge?","Ineffective against surge, focus on evacuation rather than property protection."
"Can you drive during storm surge flooding?","Never drive through any flood water, even if it looks shallow."
"What is the rule about driving in flood water during storm surge?","Turn around, don't drown - find alternate evacuation route."
"How deep water can float a car during storm surge?","Just 12 inches can float most cars, 18 inches can sweep them away."
"What if your evacuation route floods during storm surge?","Find alternate route to high ground, don't attempt to drive through water."
"Should you walk through storm surge water?","Never, you can't see depth, debris, or electrical hazards."
"What if you're caught in rising storm surge water?","Get to highest available point immediately, call for help if possible."
"Can you swim in storm surge?","Extremely dangerous due to debris, currents, and contaminated water."
"What should you do if trapped by storm surge?","Get to highest floor, signal for help, avoid electrical hazards."
"How do you signal for help during storm surge?","Bright clothing, flashlight, cell phone, whistle, anything visible or audible."
"What if storm surge enters your safe room?","Move to highest point available, attic if accessible with escape route."
"Should you go on roof during storm surge?","Only as last resort and ensure you can get down safely."
"What if you smell gas during storm surge?","Turn off main valve if accessible, evacuate area, call from safe location."
"Can you use electricity during storm surge flooding?","Never touch electrical equipment in flood water, risk of electrocution."
"What if carbon monoxide alarm sounds during storm surge?","Get fresh air immediately, don't use generators or grills indoors."
"Should you drink storm surge flood water?","Never, it's contaminated with sewage, chemicals, and saltwater."
"What if you run out of food during storm surge event?","Ration supplies, wait for emergency services, don't venture into flood water."
"How do you stay warm if power out during storm surge?","Layer clothing, blankets, body heat, never use grills or camp stoves indoors."
"What if someone gets injured during storm surge?","Provide first aid if safe, call 911 if possible, wait for rescue if trapped."
"Should you help others during storm surge?","Only if you can do so safely without entering flood water."
"What if you hear people calling for help during storm surge?","Call 911 to report location, don't attempt water rescue unless trained."
"How long does storm surge typically last?","Several hours during storm passage, can persist if winds remain onshore."
"When is it safe to go outside after storm surge?","Only when authorities give all-clear and flood waters have receded."
"What should you check first after storm surge?","Structural damage, electrical hazards, gas leaks, water contamination."
"How do you check for storm surge damage safely?","Wear protective gear, assume utilities damaged, document with photos."
"Should you enter your house after storm surge?","Not until inspected for structural damage and electrical hazards."
"What if storm surge damaged your electrical system?","Don't use until professionally inspected, assume all outlets contaminated."
"How do you check for gas leaks after storm surge?","Smell for gas, listen for hissing, don't use matches or lighters to check."
"What should you throw away after storm surge?","Food that contacted flood water, damaged electronics, porous materials."
"How do you clean up after storm surge?","Wear protective equipment, remove wet materials quickly, disinfect thoroughly."
"Is storm surge water contaminated?","Yes, contains sewage, chemicals, debris, and harmful bacteria."
"How do you disinfect after storm surge?","Use bleach solution, throw away porous items, clean all surfaces."
"What if wells contaminated by storm surge?","Don't use until tested and treated, use bottled water."
"Should you drink tap water after storm surge?","Not until authorities confirm water system is safe and operational."
"How do you document storm surge damage?","Take photos/videos before cleanup, keep receipts, contact insurance immediately."
"What insurance covers storm surge damage?","Flood insurance covers surge damage, homeowners insurance typically doesn't."
"How quickly should you file storm surge insurance claims?","As soon as safely possible, within policy time limits."
"What if you disagree with storm surge damage assessment?","Request re-inspection, hire public adjuster, document all damage thoroughly."
"How do you find temporary housing after storm surge?","FEMA assistance, insurance coverage, Red Cross shelters, family/friends."
"What assistance is available after storm surge?","FEMA disaster aid, SBA loans, Red Cross support, local charity help."
"How do you apply for FEMA assistance after storm surge?","Online at disasterassistance.gov, by phone, or at disaster recovery centers."
"What does FEMA cover for storm surge damage?","Temporary housing, home repairs, personal property replacement, medical expenses."
"How long does storm surge recovery take?","Months to years depending on damage extent and available resources."
"What emotional effects are common after storm surge?","Anxiety, depression, sleep problems, stress - all normal disaster reactions."
"When should you seek mental health help after storm surge?","If symptoms persist or interfere with daily functioning for weeks."
"How do you help children cope with storm surge trauma?","Maintain routines, provide comfort, give age-appropriate information."
"What if you lost important documents in storm surge?","Contact agencies to replace identification, insurance papers, medical records."
"How do you prevent mold after storm surge?","Remove wet materials within 24-48 hours, dry thoroughly, use dehumidifiers."
"What health risks come from storm surge cleanup?","Contaminated water exposure, mold, physical injury, carbon monoxide."
"Should you hire contractors immediately after storm surge?","Research carefully, beware of price gouging and unlicensed contractors."
"How do you make your home more storm surge resistant?","Elevate structure, flood vents, sump pumps, waterproof barriers."
"What is dry floodproofing?","Sealing building to prevent water entry up to certain depth."
"What is wet floodproofing?","Allowing water to enter/exit freely to prevent structural damage."
"Should you elevate your home above storm surge levels?","Consider if in flood-prone area, may significantly reduce insurance costs."
"What are flood vents?","Openings that allow water to flow through foundation to prevent damage."
"How do sump pumps help with storm surge?","Remove water that enters basement or lower levels."
"What utilities should be elevated above storm surge levels?","Furnace, water heater, electrical panels, air conditioning units."
"What landscaping helps reduce storm surge impact?","Native vegetation, permeable surfaces, rain gardens, natural barriers."
"Do seawalls stop storm surge?","Can reduce impact but not effective against major surge, may increase erosion."
"What is living shoreline approach to storm surge?","Using natural materials like oyster reefs and marsh grass for protection."
"How do communities prepare for storm surge?","Evacuation planning, warning systems, building codes, public education."
"What are storm surge evacuation routes?","Pre-planned roads that safely move people away from surge-prone areas."
"How do evacuation zones work for storm surge?","Areas categorized by surge risk requiring evacuation for different storm strengths."
"What makes effective storm surge evacuation?","Clear zones, multiple routes, adequate time, public education."
"How do emergency shelters prepare for storm surge evacuees?","Capacity planning, supplies, registration systems, pet accommodations."
"What should schools do in storm surge zones?","Have evacuation plans, practice drills, coordinate with emergency management."
"How do hospitals prepare for storm surge?","Backup power above surge levels, evacuation plans, supply stockpiles."
"What should businesses do about storm surge risk?","Continuity planning, employee safety, property protection, insurance review."
"How do ports prepare for storm surge?","Secure vessels, protect infrastructure, coordinate with maritime traffic."
"What is storm surge modeling used for?","Predicting surge heights, evacuation planning, building codes, land use."
"How accurate are storm surge computer models?","Generally good for height prediction, less precise for timing and location."
"What data improves storm surge forecasting?","Historical surge records, detailed coastal mapping, real-time water level data."
"How does climate change affect storm surge?","Sea level rise increases baseline, potentially stronger storms create higher surge."
"What is relative sea level rise?","Local sea level change including land subsidence and global sea level rise."
"How do you stay informed about storm surge risk?","Monitor weather alerts, know your evacuation zone, understand local geography."
"What apps help with storm surge information?","Weather apps, emergency alert apps, FEMA app, local emergency management apps."
"Should you trust social media for storm surge information?","Only verified official sources, ignore rumors and unconfirmed reports."
"How do you prepare for overnight storm surge?","Have flashlights ready, know evacuation routes, listen to weather radio."
"What if storm surge occurs during high tide?","Creates storm tide - much higher water levels and greater inland penetration."
"Can storm surge affect areas not directly on coast?","Yes, can travel up rivers and bays, affecting inland waterfront areas."
"What is back-door surge?","Water pushed into bays and rivers from opposite side of storm."
"How do you distinguish storm surge from regular flooding?","Surge is coastal and storm-related, often has saltwater and marine debris."
"What if multiple storms cause repeated storm surge?","Cumulative damage, weakened structures, saturated soils increase risk."
"Should you return home immediately after storm surge?","Only when authorities declare area safe and accessible."
"What if roads are damaged by storm surge?","Wait for repair crews, don't drive around barriers or through damaged areas."
"How do you help community recover from storm surge?","Volunteer safely, donate to reputable charities, support local businesses."
"What lessons help prevent future storm surge damage?","Proper evacuation, elevated construction, natural barriers, early warning compliance."
"How do you maintain storm surge preparedness year-round?","Update plans annually, maintain supplies, stay informed about risk changes."
"What is most important storm surge safety rule?","When ordered to evacuate, go immediately - storm surge can be deadly."
"How do you remember storm surge basics?","Know your zone, have a plan, heed the call - evacuate when ordered."
"Question","Answer"
"How can people with mobility challenges evacuate safely?","Plan in advance with accessible transportation, elevators if safe, and assistance from volunteers."
"What precautions should hospitals take for storm surge?","Backup power above surge levels, patient evacuation plans, and stockpile essential medical supplies."
"How should nursing homes prepare for storm surge?","Develop evacuation plans, train staff, secure transportation, and maintain emergency supplies."
"What role does public transit play in surge evacuation?","Buses, trains, and ferries may be used to move people out of surge zones safely."
"How are bridges and tunnels affected by storm surge?","Can be flooded or structurally compromised, may be closed during evacuation."
"Can airports be impacted by storm surge?","Yes, low-lying runways may flood, delaying flights and emergency transport."
"How do ports prepare for storm surge?","Secure vessels, protect equipment, suspend operations, and follow emergency protocols."
"What is the role of community volunteers during surge?","Assist with evacuations, distribute supplies, report hazards, and support first responders."
"How can local NGOs help during storm surge events?","Provide emergency shelter, food, medical care, and aid in recovery efforts."
"How can neighbors help each other safely?","Check on vulnerable residents, share transportation, and communicate evacuation plans."
"How does storm surge affect farmland?","Saltwater intrusion can damage crops, soil fertility, and irrigation systems."
"Can storm surge cause beach erosion?","Yes, strong waves and surge can wash away sand and reshape coastlines."
"What impact does storm surge have on wildlife?","Flooding can destroy habitats, displace animals, and contaminate water sources."
"How does storm surge affect fisheries?","Damage to boats, equipment, and coastal hatcheries can disrupt livelihoods."
"What technology monitors storm surge in real-time?","Tide gauges, coastal sensors, buoys, and satellite data help track water levels."
"How does GIS mapping help during storm surge?","Maps flood-prone areas, evacuation routes, and shelters to improve planning and response."
"Which mobile apps provide surge alerts?","FEMA app, local emergency management apps, and weather alert apps."
"What is a living shoreline approach to storm surge?","Using natural materials like marsh grass or oyster reefs to reduce wave energy."
"How should volunteers coordinate rescues?","Follow official instructions, avoid floodwater if untrained, and communicate locations to authorities."
"What are common myths about sandbags?","Sandbags help slow minor flooding but cannot stop major storm surge."
"Is it safe to stay on upper floors during storm surge?","Only if evacuation is impossible; highest ground outside is safer if accessible."
"Can you drive through surge water safely?","No, even shallow water can sweep vehicles away; always evacuate on foot if possible."
"Is it safe to swim during storm surge?","No, currents, debris, and contamination make swimming extremely dangerous."
"How should schools prepare for storm surge?","Evacuation drills, parent communication plans, and safe shelter locations above surge level."
"How should businesses prepare for surge risk?","Continuity planning, employee safety measures, elevated utilities, and insurance review."
"What is dry floodproofing for buildings?","Sealing the structure to prevent water entry up to a certain depth."
"What is wet floodproofing for buildings?","Allowing water to enter and exit freely to prevent structural damage."
"Which utilities should be elevated above surge levels?","Furnaces, water heaters, electrical panels, and HVAC units."
"How can landscaping reduce storm surge impact?","Use native vegetation, permeable surfaces, and natural barriers to slow water flow."
"Can seawalls prevent all surge damage?","No, they reduce impact but cannot stop major storm surges."
"What is back-door surge?","Water pushed into bays and rivers from the opposite side of the storm."
"How can repeated storms affect surge-prone areas?","Cumulative damage weakens structures and increases flooding risk."
"How do you stay informed during surge events?","Monitor official alerts via radio, apps, and emergency management channels."
"What should children know about surge safety?","Difference between surge and normal flooding, evacuation procedures, and meeting points."
"How should pets be prepared for storm surge?","Carriers, food, water, medications, and identification tags for safe evacuation."
"How can community education improve surge safety?","Teaching natural warning signs, evacuation routes, and emergency procedures."
"What is the impact of climate change on storm surge?","Sea level rise and stronger storms can increase surge height and inland penetration."
"How can volunteers avoid hazards during recovery?","Wear protective gear, avoid floodwater, and follow official safety guidance."
"How do you prevent mold after storm surge?","Remove wet materials quickly, dry thoroughly, and use dehumidifiers."
"What health risks exist during cleanup?","Contaminated water exposure, injury, chemical hazards, and electrical risks."
"How do you document damage for insurance?","Take photos and videos before cleanup, keep receipts, and contact insurers promptly."
"How can temporary housing be found after surge?","FEMA shelters, insurance coverage, friends/family, or disaster relief centers."
"How long does recovery usually take?","Months to years depending on damage severity and available resources."
"How can mental health be supported post-surge?","Counseling, maintaining routines, community support, and monitoring for stress symptoms."
"Should you return home immediately after surge?","Only when authorities declare the area safe and accessible."
"How can communities prepare long-term for storm surge?","Update evacuation plans, maintain warning systems, enforce building codes, and educate residents."
"How do you remember storm surge safety basics?","Know your zone, have an emergency plan, heed official orders, and evacuate promptly."
"Question","Answer"
"What should you do if a storm surge hits at night?","Keep flashlights ready, know evacuation routes by feel, and evacuate immediately."
"What if a surge occurs during heavy rain?","Evacuate quickly, avoid driving in flooded areas, and follow emergency routes."
"What if multiple storms hit in succession?","Expect cumulative flooding, weakened structures, and delayed recovery; evacuate each time."
"What if surge floods the only road out?","Find alternative route or move to highest safe building if escape is impossible."
"What if bridges collapse during surge?","Do not attempt to cross; seek alternate route or vertical evacuation in tall buildings."
"What if surge traps you in your home?","Move to highest floor, signal for help, and avoid windows and electrical hazards."
"What if surge causes power outage?","Use battery-powered devices, avoid floodwater, and ration supplies."
"What if surge hits while you are at work?","Evacuate via designated routes, follow workplace emergency plan, and assist colleagues if safe."
"What if surge hits a mobile home community?","Evacuate immediately; mobile homes cannot withstand storm surge."
"What if pets panic during evacuation?","Use carriers, leashes, and keep them calm; never leave them behind."
"What if surge floods evacuation shelters?","Move to secondary shelter, follow official guidance, and avoid floodwater."
"What if you are on a boat during storm surge?","If deep water, stay there; if near shore, move inland immediately."
"What if surge coincides with high tide?","Expect higher storm tide; evacuate earlier and further inland than usual."
"What if surge affects inland rivers?","Evacuate low-lying river valleys; surge can travel miles upstream."
"What if roads are blocked by debris?","Find alternate routes, do not attempt to drive through blocked areas."
"What if floodwaters contain hazardous chemicals?","Avoid contact, evacuate immediately, and report hazards to authorities."
"What if sewage contaminates water after surge?","Do not drink or touch floodwater; use bottled or boiled water only."
"What if storm surge damages gas lines?","Turn off main valve if safe, evacuate, and call emergency services from a safe location."
"What if storm surge floods your car?","Abandon vehicle and move to higher ground; even shallow water can sweep cars away."
"What if surge traps you on upper floors?","Signal for help, move away from windows, and wait for rescue."
"What if children are separated during surge evacuation?","Go to pre-arranged meeting points and notify emergency services."
"What if elderly neighbors cannot evacuate?","Assist safely, coordinate with authorities or community volunteers."
"What if surge blocks public transit?","Walk to high ground if safe, or move to vertical evacuation buildings."
"What if medical supplies are inaccessible during surge?","Bring emergency kit with medications, first aid, and prescriptions in waterproof bag."
"What if surge damages water supply?","Use bottled or boiled water, avoid using contaminated taps until cleared."
"What if surge cuts off communication?","Use battery-powered radio, SMS, or emergency channels; conserve phone battery."
"What if surge damages your roof?","Move to strongest part of building, avoid weakened areas, and signal for help."
"What if floodwater contains dangerous wildlife?","Avoid contact, move to high ground, and call authorities if needed."
"What if surge occurs in urban area?","Expect fast-flowing water, debris, and blocked streets; evacuate on foot if possible."
"What if surge coincides with landslide-prone areas?","Evacuate immediately, avoid slopes, and follow official landslide warnings."
"What if surge traps you in a hospital?","Move patients to upper floors, avoid elevators, and coordinate with emergency management."
"What if storm surge damages elevators?","Use stairs only if safe, otherwise move to highest accessible floor."
"What if surge affects fire stations?","Coordinate with emergency management; use alternate stations if needed."
"What if surge causes widespread flooding in shopping centers?","Seek highest area, avoid floodwater, and wait for rescue."
"What if surge hits construction sites?","Evacuate, avoid machinery and trenches, and follow site emergency plan."
"What if surge hits nightclubs or theaters?","Use emergency exits immediately, avoid panic, and move to high ground."
"What if surge damages critical infrastructure?","Follow official guidance, avoid unsafe areas, and report hazards."
"What if surge floods critical road intersections?","Find alternate evacuation routes, avoid driving through water."
"What if surge impacts airports mid-flight?","Flights may be delayed or diverted; follow airline and official emergency guidance."
"What if surge coincides with wildfire risk?","Evacuate as directed; prioritize immediate water hazards but stay aware of fire threats."
"What if surge damages shelters?","Move to secondary shelter or vertical evacuation location as directed."
"What if surge damages elderly care facilities?","Evacuate residents safely, coordinate with emergency management and family contacts."
"What if surge hits during a festival or large gathering?","Follow emergency evacuation plans, stay calm, and assist others if possible."
"What if surge damages power plants?","Avoid flooded areas, follow local energy advisories, and stay updated via radio."
"What if surge destroys coastal roads?","Seek alternative inland routes or vertical evacuation if available."
"What if surge blocks hospitals or clinics?","Move patients to accessible locations and coordinate with emergency responders."
"What if surge contaminates food supplies?","Discard contaminated items, use stored safe food, and follow public health guidance."
"What if surge disrupts emergency services?","Follow official instructions, stay calm, and rely on pre-arranged emergency plans."
"What if surge damages schools during class hours?","Move students to upper floors, follow school emergency plan, and communicate with parents."
"What if surge happens during night evacuation drills?","Practice routes in low light, use flashlights, and follow designated paths safely."
"What is a tropical depression?","Organized tropical cyclone with sustained winds up to 62 km/h (38 mph)."
"What is a tropical storm?","Tropical cyclone with sustained winds of 63-118 km/h (39-73 mph)."
"How do tropical depressions form?","Low pressure system over warm ocean water begins to organize and develop circulation."
"How do tropical storms form?","Tropical depression intensifies when winds reach 63 km/h (39 mph)."
"What's the difference between tropical depression and tropical storm?","Wind speed - depression under 63 km/h, tropical storm 63-118 km/h."
"What's the difference between tropical storm and hurricane?","Hurricane has sustained winds of 119+ km/h (74+ mph), tropical storm is weaker."
"Can tropical depressions become hurricanes?","Yes, if conditions are favorable they can intensify through tropical storm to hurricane."
"What conditions help tropical systems intensify?","Warm ocean water, low wind shear, high humidity, favorable upper-level winds."
"What conditions weaken tropical systems?","Cool water, high wind shear, dry air, land interaction."
"What ocean temperature is needed for tropical development?","At least 26.5°C (80°F) in upper 50 meters of ocean."
"Where do tropical depressions typically form?","Between 5-20 degrees latitude over warm ocean waters."
"Why don't tropical systems form near equator?","Insufficient Coriolis effect to create rotation needed for development."
"What is the eye in tropical storms?","Not well-defined like hurricanes, may have weak circulation center."
"Do tropical depressions have eyes?","Rarely, usually just loose circulation without clear eye structure."
"How are tropical depressions numbered?","Sequential numbers by basin (e.g., Tropical Depression 5)."
"When do tropical storms get names?","When sustained winds reach 63 km/h (39 mph) - tropical storm strength."
"Who assigns tropical storm names?","Regional meteorological centers using predetermined alphabetical lists."
"How long do tropical depressions last?","Usually 2-7 days, either dissipate or strengthen to tropical storm."
"How long do tropical storms last?","Typically 3-14 days depending on environmental conditions and track."
"How fast do tropical systems move?","Usually 15-30 km/h (10-20 mph), can stall or move rapidly."
"What makes tropical systems slow down or stall?","Weak steering currents in upper atmosphere."
"Can tropical systems move backward?","Yes, can make loops or erratic tracks when steering flow is weak."
"What is tropical cyclogenesis?","Process of tropical cyclone formation and development."
"What are tropical waves?","Areas of low pressure that can develop into tropical depressions."
"Where do most Atlantic tropical systems originate?","From tropical waves coming off the African coast."
"What is the Intertropical Convergence Zone?","Area near equator where trade winds meet, breeding ground for tropical systems."
"How are tropical systems tracked?","Satellites, aircraft reconnaissance, weather stations, ocean buoys."
"What is the difference in tracking tropical storms vs hurricanes?","Same methods but tropical storms get less frequent reconnaissance flights."
"How accurate are tropical storm forecasts?","Track forecasts good 3-5 days out, intensity harder to predict."
"What is the cone of uncertainty for tropical storms?","Probable path showing where storm center might travel."
"How often are tropical storm forecasts updated?","Every 6 hours, more frequently if rapid changes occur."
"Who issues tropical storm warnings?","National Hurricane Center and regional weather services."
"What is a tropical storm watch?","Tropical storm conditions possible within 48 hours."
"What is a tropical storm warning?","Tropical storm conditions expected within 36 hours."
"Should you evacuate for tropical storms?","Depends on storm surge risk and local conditions, not usually required."
"What are main hazards of tropical depressions?","Heavy rainfall, flooding, rough surf, isolated tornadoes."
"What are main hazards of tropical storms?","Damaging winds, heavy rain, flooding, storm surge, tornadoes."
"Can tropical storms cause storm surge?","Yes, though typically less than hurricanes, still dangerous near coast."
"How much rain can tropical systems produce?","Often 150-500mm (6-20 inches), sometimes much more."
"Why do tropical storms cause so much flooding?","Slow movement allows prolonged heavy rainfall over same areas."
"Can tropical storms spawn tornadoes?","Yes, especially in outer rainbands and right-front quadrant."
"What wind damage can tropical storms cause?","Power outages, downed trees, damaged roofs, broken windows."
"Are tropical storms dangerous to aviation?","Very dangerous due to turbulence, wind shear, and embedded thunderstorms."
"Can you drive safely in tropical storms?","Avoid driving in heavy rain and wind, especially near coast."
"What should be in tropical storm emergency kit?","Water, food, flashlight, radio, batteries, first aid, medications."
"How do you prepare your home for tropical storms?","Secure outdoor furniture, trim trees, check drainage, have supplies."
"Should you board up windows for tropical storms?","Usually not necessary unless storm strengthening or in mobile home."
"How do you prepare for tropical storm flooding?","Know evacuation routes, move valuables up, have sandbags ready."
"What documents should you protect during tropical storms?","Insurance papers, IDs, medical records in waterproof containers."
"Should you fill bathtub before tropical storm?","Yes, good backup water source if utilities disrupted."
"How do you prepare pets for tropical storms?","Bring indoors, have carriers ready, extra food and water."
"Should you evacuate for tropical depressions?","Rarely necessary unless in flood-prone or surge-vulnerable areas."
"What if tropical depression is forecast to strengthen?","Monitor closely and prepare as if for tropical storm or hurricane."
"How do you create family plan for tropical storms?","Communication methods, meeting places, evacuation routes, supply locations."
"What should children know about tropical storms?","Basic safety rules, where to go during storm, how to stay calm."
"Should schools close for tropical storms?","Often yes due to dangerous driving conditions and potential power outages."
"What if you're traveling during tropical storm?","Cancel or postpone travel, avoid driving in heavy rain and wind."
"What if you live in mobile home during tropical storm?","Consider moving to sturdy shelter, mobile homes vulnerable to wind."
"Can you stay in high-rise during tropical storm?","Yes, but avoid windows and prepare for power outages and elevators failing."
"What should you do when tropical storm warning issued?","Complete preparations, avoid unnecessary travel, stay informed."
"Should you go to work during tropical storm?","Follow employer guidance, many businesses close for safety."
"What if tropical storm approaches at night?","Stay indoors, have flashlights ready, listen to weather radio."
"Can you go outside during tropical storm?","Avoid unnecessary outdoor activity due to wind and flying debris."
"What if you must drive during tropical storm?","Drive slowly, avoid flooded roads, pull over if conditions worsen."
"Should you walk outside during tropical storm?","No, risk of falling trees, flying debris, and dangerous conditions."
"What if power goes out during tropical storm?","Use flashlights, check on neighbors, preserve phone battery."
"Can you use candles during tropical storm?","Not recommended, use flashlights to avoid fire risk."
"What if trees fall during tropical storm?","Stay away from downed trees, assume power lines are energized."
"Should you go in basement during tropical storm?","Only if tornadoes threaten, otherwise stay on main floors."
"What if flooding starts during tropical storm?","Move to higher ground, don't drive through flood water."
"Can you swim during tropical storm?","Never, dangerous surf conditions and rip currents."
"What if tornado warning issued during tropical storm?","Go to interior room on lowest floor away from windows."
"Should you use generator during tropical storm?","Only outdoors away from windows, never inside due to carbon monoxide."
"What if you smell gas during tropical storm?","Turn off gas at meter, evacuate area, call gas company."
"Can you charge devices during tropical storm?","Charge before storm hits, have backup batteries and portable chargers."
"What if cell service fails during tropical storm?","Try text messages, use landline if available, have battery radio."
"Should you open windows during tropical storm?","No, this doesn't equalize pressure and increases water damage."
"What if someone gets injured during tropical storm?","Provide first aid, call 911 if possible, shelter in place if unsafe outside."
"How long do tropical storms typically last?","Usually 12-48 hours to pass through an area."
"When is it safe to go outside after tropical storm?","When sustained winds drop below 63 km/h and no longer gusting."
"What should you check first after tropical storm?","Structural damage, downed power lines, gas leaks, flooding."
"Should you drive immediately after tropical storm?","Only if necessary, watch for debris, flooding, and downed lines."
"How do you assess tropical storm damage safely?","Wear protective gear, take photos, don't enter damaged structures."
"What if utilities are damaged after tropical storm?","Don't use until professionally inspected, report outages to utilities."
"Should you clean up debris immediately after tropical storm?","Clear immediate hazards, leave large trees and power lines for professionals."
"What if your roof leaks after tropical storm?","Cover with tarps, document damage, contact insurance and contractors."
"How do you prevent mold after tropical storm?","Dry wet areas within 24-48 hours, use fans and dehumidifiers."
"What if wells contaminated after tropical storm?","Don't use until tested, boil water or use bottled water."
"Should you eat food that lost refrigeration during tropical storm?","Discard if temperature rose above 4°C (40°F) for over 2 hours."
"How do you document tropical storm damage?","Take photos/videos before cleanup, keep receipts, contact insurance."
"Does homeowners insurance cover tropical storm damage?","Usually covers wind damage, but flood damage requires separate flood insurance."
"What if you can't afford tropical storm repairs?","Look into FEMA assistance, SBA loans, local charity programs."
"How do you find contractors after tropical storm?","Get multiple estimates, check licenses, beware of door-to-door solicitors."
"What emotional effects are normal after tropical storms?","Stress, anxiety, sleep disruption - normal responses to traumatic events."
"How do you help children cope after tropical storm?","Maintain routines, provide reassurance, involve them in age-appropriate cleanup."
"When should you seek counseling after tropical storm?","If emotional distress interferes with daily functioning for extended periods."
"How do you help neighbors after tropical storm?","Check on elderly/disabled, share resources, help with cleanup safely."
"What community resources help after tropical storms?","Red Cross, Salvation Army, local emergency management, faith-based organizations."
"How long does recovery take after tropical storms?","Days to weeks for basic services, months for complete repairs."
"Should you rebuild exactly as before after tropical storm?","Consider improvements like better drainage, stronger materials, elevation."
"How do you make your home more tropical storm resistant?","Improve drainage, secure roof, trim trees, install impact windows."
"What landscaping helps with tropical storm damage?","Native plants, proper drainage, avoid shallow-rooted trees near structures."
"Should you install hurricane shutters for tropical storms?","Can help but usually not necessary unless storm is strengthening."
"How do you improve drainage around your home?","Clean gutters, grade away from foundation, install French drains."
"What roof improvements help with tropical storms?","Hurricane straps, impact-resistant materials, proper flashing, regular maintenance."
"Should you elevate utilities for tropical storm flooding?","Yes, move water heaters, furnaces, electrical panels above flood levels."
"How do communities prepare for tropical storms?","Early warning systems, drainage improvements, emergency shelters, public education."
"What infrastructure is most vulnerable to tropical storms?","Power lines, roads, drainage systems, older buildings."
"How do schools prepare for tropical storm season?","Evacuation plans, communication systems, supply stockpiles, building maintenance."
"What should businesses do for tropical storm preparedness?","Continuity planning, employee safety protocols, property protection, insurance review."
"How do hospitals prepare for tropical storms?","Backup power, extra supplies, staff housing, patient discharge planning."
"What role do emergency managers play in tropical storms?","Coordinate response, issue warnings, manage shelters, oversee recovery."
"How accurate are tropical storm intensity forecasts?","Less accurate than track forecasts, especially for rapid changes."
"What new technology improves tropical storm forecasting?","Advanced satellites, hurricane hunter aircraft, improved computer models."
"How does climate change affect tropical storms?","May increase intensity and rainfall, sea level rise worsens impacts."
"What research is being done on tropical storms?","Better understanding of intensification, rainfall prediction, track forecasting."
"How do you stay informed about tropical storm threats?","Weather apps, NOAA Weather Radio, local emergency management alerts."
"What are reliable sources for tropical storm information?","National Hurricane Center, local National Weather Service, emergency management."
"Should you trust social media for tropical storm updates?","Only verified official sources, avoid rumors and unconfirmed reports."
"How do you prepare for tropical storm season?","Review plans, update supplies, trim trees, check insurance coverage."
"When is tropical storm season?","Atlantic: June 1-November 30, Pacific: May 15-November 30."
"What if tropical storm develops rapidly?","Monitor forecasts closely, be ready to take action quickly."
"Can tropical storms reform after dissipating?","Yes, remnants can reorganize if they move over warm water."
"What happens to tropical storms over land?","Usually weaken rapidly due to loss of warm water energy source."
"Can tropical storms cause significant economic damage?","Yes, through flooding, power outages, business disruption, agricultural losses."
"How do you protect important documents from tropical storms?","Waterproof containers, safe deposit boxes, digital copies in cloud storage."
"What if you're caring for elderly during tropical storm?","Ensure medications, backup power for medical devices, evacuation assistance."
"Should you cancel events for tropical storms?","Yes, outdoor events should be cancelled, indoor events consider safety."
"What if tropical storm hits during holiday or weekend?","Emergency services still operate, but response may be limited."
"How do you maintain tropical storm supplies?","Check expiration dates, rotate supplies, update annually."
"What's most important thing to remember about tropical storms?","Don't underestimate them - they can cause serious flooding and damage."
"How do you distinguish tropical storm from regular thunderstorm?","Tropical storms are organized systems with sustained winds and circulation."
"What if multiple tropical storms threaten at once?","Prepare for strongest threat first, monitor all systems closely."
"Can tropical storms affect areas far from landfall?","Yes, through heavy rainfall, flooding, and spawned tornadoes hundreds of miles away."
"What if you're new to area prone to tropical storms?","Learn local risks, evacuation routes, sign up for alerts, meet neighbors."
"How do you help community prepare for tropical storms?","Volunteer with emergency services, help neighbors prepare, support preparedness education."
"What lesson is most important for tropical storm safety?","Preparation and early action save lives - don't wait until last minute."
"Question","Answer"
"What happens if a tropical storm merges with another storm system?","Can intensify rainfall, winds, and flooding; follow updated forecasts closely."
"Can tropical storms spawn waterspouts?","Yes, especially over warm coastal waters; dangerous for boats and swimmers."
"What if a tropical storm interacts with mountainous terrain?","Heavy rainfall causes flash floods and landslides; evacuate valleys and lowlands."
"Can tropical storms reactivate after moving over land?","Yes, remnants can reorganize over warm water."
"What happens if a tropical storm stalls over an area?","Prolonged heavy rainfall and flooding; stay on high ground."
"Can tropical storms produce tornado outbreaks?","Yes, often in outer rainbands; seek safe interior shelter."
"Can tropical storms combine with cold fronts?","Yes, can intensify rainfall and cause severe weather inland."
"What is a subtropical storm?","A hybrid system with tropical and extratropical characteristics."
"Can tropical storms weaken and strengthen multiple times?","Yes, depending on water temperature, wind shear, and land interaction."
"Do tropical storms affect rivers far from the coast?","Yes, heavy rainfall can cause flooding hundreds of km inland."
"Can tropical storms close ports or airports?","Yes, may suspend operations until safe."
"Should cruise ships change routes for tropical storms?","Yes, ships are rerouted to avoid storm hazards."
"Can public transport operate safely during tropical storms?","Often reduced or suspended; follow official advisories."
"Are trains safe during tropical storm flooding?","Only if tracks are clear; flooding can wash out tracks and bridges."
"Should you drive near coastal areas during a tropical storm?","Avoid driving; roads can flood and winds can blow debris."
"What happens to ferry services during tropical storms?","Usually suspended for safety."
"Can flights be diverted due to tropical storms?","Yes, airlines reroute or delay flights to avoid storm impact."
"Is boating safe during tropical storms?","No, dangerous due to high waves, currents, and debris."
"Can highways be closed due to tropical storm flooding?","Yes, authorities may close low-lying roads."
"Should you use GPS during tropical storm evacuations?","Yes, but be aware some roads may be flooded; follow official updates."
"Does flood insurance cover tropical storm flooding?","Usually yes, separate from standard homeowners policy; check coverage."
"Does homeowners insurance cover wind damage from tropical storms?","Yes, typically included."
"How do you document tropical storm damage for insurance?","Photos, videos, receipts, and written notes before cleanup."
"Can you claim damages from tropical storm wind if you don’t have flood insurance?","Yes, wind damage usually covered under homeowners policy."
"What if your claim is denied for tropical storm damage?","Request re-inspection, document evidence, contact insurance regulators."
"Are business losses covered during tropical storms?","Business interruption insurance may cover lost income; check policy."
"Does renters insurance cover tropical storm damage?","Typically covers personal property, not structure; flood coverage separate."
"How soon should you file an insurance claim after tropical storm?","As soon as safely possible, document everything thoroughly."
"Can insurance premiums rise after tropical storm claims?","Yes, multiple claims or high-damage events can increase premiums."
"Are temporary housing costs covered by insurance?","Depends on policy; some include temporary accommodations for wind or flood damage."
"What diseases can spread after tropical storm flooding?","Waterborne diseases like cholera, leptospirosis, hepatitis A; avoid floodwater."
"How do you purify water after a tropical storm?","Boil for at least 1 minute, use purification tablets, or bottled water."
"Can mold form after tropical storms?","Yes, if wet areas aren’t dried within 24–48 hours; clean and ventilate thoroughly."
"What precautions prevent illness after tropical storms?","Avoid floodwater, wash hands, disinfect surfaces, handle food safely."
"Can animals carry disease during tropical storm flooding?","Yes, displaced animals may spread bacteria or parasites."
"What should you do if injured during a tropical storm?","Provide first aid if safe, call emergency services if possible."
"How do you prevent electrocution in flooded homes?","Turn off main power, avoid standing water, don’t use electrical devices."
"Should you drink tap water after tropical storms?","Only if authorities confirm it’s safe; otherwise boil or use bottled water."
"Can contaminated water cause skin infections?","Yes, avoid contact with floodwater if possible, disinfect wounds."
"What if food was submerged in floodwater?","Discard all food that contacted floodwater, including canned goods with compromised seals."
"What is marine pollution?","Contamination of ocean waters by harmful substances from human activities."
"What are the main types of marine pollution?","Oil spills, plastic waste, chemical runoff, sewage, industrial discharge, ship emissions."
"What causes oil spills?","Tanker accidents, pipeline leaks, offshore drilling, illegal dumping, ship collisions."
"What is the largest source of ocean oil pollution?","Land-based sources account for about 70% of ocean oil pollution."
"What was the largest oil spill in history?","Deepwater Horizon in Gulf of Mexico (2010) - 4.9 million barrels."
"What is crude oil?","Unrefined petroleum extracted from underground or underwater reserves."
"What are refined petroleum products?","Gasoline, diesel, heating oil, and other products processed from crude oil."
"How does oil behave in water?","Floats on surface, spreads into thin slick, weathers through evaporation and emulsification."
"What is oil weathering?","Natural processes that change oil's physical and chemical properties over time."
"What is emulsification of oil?","Oil mixing with water to form thick, mousse-like substance."
"How far can oil spills spread?","Depending on conditions, can spread hundreds of kilometers from source."
"What factors affect oil spill movement?","Wind, currents, tides, water temperature, oil type, weather conditions."
"What marine life is most affected by oil spills?","Seabirds, marine mammals, fish, shellfish, coral reefs, coastal vegetation."
"How does oil harm marine animals?","Coating feathers/fur, poisoning through ingestion, habitat destruction, reproductive damage."
"What happens to birds covered in oil?","Lose waterproofing and insulation, can't fly or feed, often die from hypothermia."
"How does oil affect fish?","Damages gills, causes liver problems, affects reproduction, contaminates food chain."
"What are the human health risks of oil spills?","Skin irritation, respiratory problems, eye irritation, potential cancer risk from long-term exposure."
"Can you swim in oil-contaminated water?","No, oil can cause skin and eye irritation and respiratory problems."
"Is it safe to eat seafood after oil spill?","Only if tested and approved by health authorities, avoid self-caught seafood."
"What are volatile organic compounds from oil?","Toxic gases that evaporate from oil, can cause headaches and respiratory problems."
"How do you recognize oil pollution?","Rainbow sheen on water, tar balls on beach, petroleum odor, dead wildlife."
"What does oil smell like?","Strong petroleum or gasoline-like odor, can be detected from distance."
"How do you identify tar balls?","Dark, sticky masses that wash ashore, feel oily, have petroleum smell."
"What should you do if you see oil spill?","Report immediately to Coast Guard (1-800-424-8802) or local authorities."
"Who do you call to report oil spill?","U.S. Coast Guard National Response Center: 1-800-424-8802."
"What information should you provide when reporting spill?","Location, size, source if known, weather conditions, wildlife impacts."
"Should you take photos of oil spill?","Yes, document extent and impacts, but don't get too close to contamination."
"Can you clean up small oil spill yourself?","Only very small spills with proper materials, report larger spills to authorities."
"What should you never use to clean oil spills?","Detergents or soaps, they make contamination worse and harm wildlife."
"Should you wash oiled birds yourself?","No, requires special training and facilities, contact wildlife rehabilitation center."
"What if you find oiled wildlife?","Don't touch, report location to wildlife authorities, keep pets away."
"How do you protect yourself near oil spill?","Avoid direct contact, wear protective clothing, stay upwind, don't inhale vapors."
"Should you evacuate during major oil spill?","Follow official evacuation orders, especially if fire risk or toxic fumes present."
"What if oil spill threatens drinking water?","Use bottled water, don't use tap water until authorities declare it safe."
"Can oil spills cause explosions?","Yes, oil vapors can ignite, creating fire and explosion hazards."
"What if you smell strong petroleum odors?","Leave area immediately, avoid ignition sources, report to authorities."
"Should you drive through oil-contaminated areas?","Avoid if possible, oil makes roads slippery and vehicle can spread contamination."
"What if oil gets on your skin?","Wash immediately with soap and water, seek medical attention if irritation persists."
"What if you inhale oil vapors?","Get fresh air immediately, seek medical attention if breathing problems develop."
"Should you enter water during oil spill cleanup?","Only trained professionals with proper protective equipment should enter contaminated water."
"What protective equipment is needed for oil spill response?","Waterproof suits, gloves, respirators, eye protection, non-slip boots."
"How long do oil spills take to clean up?","Weeks to years depending on size, location, weather, and cleanup methods."
"What are booms used for in oil spill cleanup?","Floating barriers that contain and direct oil movement on water surface."
"What are skimmers in oil spill cleanup?","Equipment that removes oil from water surface through various mechanical methods."
"What is dispersant use in oil spills?","Chemicals that break oil into smaller droplets, controversial due to toxicity."
"What is in-situ burning for oil spills?","Controlled burning of oil on water surface to reduce volume."
"What are sorbents in oil cleanup?","Materials that absorb oil, including natural materials like straw and synthetic products."
"How is beach cleanup done after oil spills?","Manual removal, pressure washing, sand replacement, vegetation restoration."
"What is bioremediation for oil spills?","Using microorganisms to break down oil naturally, enhanced with nutrients."
"How effective are different cleanup methods?","Mechanical recovery most effective, but typically only recovers 10-40% of spilled oil."
"What happens to collected oil during cleanup?","Processed for recycling, disposal at licensed facilities, or incineration."
"Who pays for oil spill cleanup?","Responsible party liable for costs, government may use Oil Spill Liability Trust Fund."
"How much do major oil spills cost?","Billions of dollars including cleanup, damages, fines, and economic losses."
"What is Natural Resource Damage Assessment?","Scientific process to determine environmental impacts and restoration needs."
"How long do oil spill environmental impacts last?","Acute effects weeks to months, chronic effects can persist for decades."
"What is oil spill trajectory modeling?","Computer predictions of where spilled oil will move based on environmental conditions."
"How do weather conditions affect oil spill response?","High winds and waves make cleanup difficult, calm conditions better for containment."
"What seasonal factors affect oil spill impacts?","Wildlife breeding seasons, fishing seasons, tourism periods increase vulnerability."
"Should fishing be banned after oil spills?","Often yes, until seafood testing confirms safety for consumption."
"How are beaches reopened after oil spill cleanup?","After testing shows contamination levels are safe for public use."
"What monitoring continues after oil spill cleanup?","Water quality, sediment contamination, wildlife health, seafood safety testing."
"How do communities recover economically from oil spills?","Tourism recovery, fishing industry restoration, compensation programs, economic diversification."
"What assistance is available for oil spill-affected businesses?","Government disaster loans, compensation from responsible parties, insurance claims."
"How do you document oil spill damage for compensation?","Photos, receipts, business records, expert assessments, legal documentation."
"What health monitoring follows oil spill exposure?","Medical screening, long-term health studies, tracking of respiratory and other symptoms."
"Should you seek medical attention after oil exposure?","Yes if experiencing symptoms like headaches, nausea, skin irritation, breathing problems."
"How do you decontaminate equipment after oil spill?","Professional cleaning with appropriate solvents, disposal of contaminated materials."
"What long-term environmental restoration follows oil spills?","Habitat restoration, species reintroduction, ecosystem monitoring, adaptive management."
"How do you prevent future oil spills?","Double-hull tankers, better navigation systems, stricter regulations, regular inspections."
"What are double-hull tankers?","Ships with two layers of steel to prevent oil release if outer hull damaged."
"What navigation systems help prevent oil spills?","GPS, radar, automatic identification systems, electronic chart systems."
"How do weather routing systems prevent spills?","Help ships avoid severe weather that could cause accidents and spills."
"What regulations govern oil transportation?","International Maritime Organization rules, national laws, port state control inspections."
"What is the Oil Pollution Act of 1990?","U.S. law requiring spill prevention, response planning, and liability for damages."
"What are vessel response plans?","Required plans detailing how ships will respond to oil spill emergencies."
"What is area contingency planning for oil spills?","Regional plans coordinating government and industry response to potential spills."
"How do ports prepare for oil spill response?","Equipment stockpiles, trained response teams, regular drills, coordination agreements."
"What role do pilots play in preventing oil spills?","Local mariners who guide large vessels safely through ports and waterways."
"How does vessel traffic management prevent spills?","Coordinated routing, speed restrictions, weather advisories, collision avoidance."
"What is the role of Coast Guard in oil spill response?","Federal on-scene coordinator, search and rescue, law enforcement, cleanup oversight."
"What are Regional Response Teams for oil spills?","Multi-agency groups that coordinate federal, state, and local spill response."
"How do states prepare for oil spill response?","Response equipment, trained personnel, wildlife rescue capabilities, public health planning."
"What is the National Response Framework for oil spills?","Coordinated federal approach to major oil spill incidents."
"How do international agreements address oil spills?","MARPOL Convention, liability conventions, mutual assistance agreements."
"What is MARPOL Convention?","International agreement preventing pollution from ships including oil discharges."
"How do you report chronic oil pollution?","Document repeated small spills or illegal discharges to environmental authorities."
"What are illegal ship discharges?","Deliberate release of oily water, tank cleaning waste, or other pollutants."
"How is ship-source pollution monitored?","Satellite surveillance, aerial patrols, port inspections, whistleblower reports."
"What penalties exist for oil pollution violations?","Fines, criminal charges, vessel detention, cleanup costs, natural resource damages."
"How do citizen groups help with oil spill response?","Volunteer beach cleanup, wildlife rescue support, damage documentation, advocacy."
"What training is needed for oil spill volunteers?","Safety training, proper cleanup techniques, wildlife handling protocols, health protection."
"Should untrained people help with oil spill cleanup?","No, improper cleanup can spread contamination and create safety hazards."
"How do you organize community response to oil spills?","Coordinate with official response, focus on safe activities, provide logistical support."
"What research helps improve oil spill response?","New cleanup technologies, environmental impact studies, wildlife treatment methods."
"How does climate change affect oil spill risks?","More severe weather increases accident risk, changing ice patterns in Arctic."
"What are emerging oil spill threats?","Arctic drilling, deepwater operations, aging pipeline infrastructure, rail transport."
"How do you prepare coastal communities for oil spills?","Response planning, equipment pre-positioning, public education, economic diversification."
"What early warning systems exist for oil spills?","Automatic ship tracking, pipeline monitoring, coastal radar, satellite surveillance."
"How do you protect sensitive areas from oil spills?","Pre-boom deployment, wildlife deterrents, rapid response capability, access restrictions."
"What is environmental sensitivity mapping?","Identifying vulnerable areas requiring priority protection during spill response."
"How do you protect coral reefs from oil spills?","Rapid containment, specialized cleanup methods, long-term monitoring, restoration efforts."
"What special considerations apply to Arctic oil spills?","Extreme weather, remote locations, ice conditions, limited cleanup season, sensitive ecosystems."
"How do you respond to oil spills in rivers?","Downstream containment, drinking water protection, rapid source control, aquatic habitat protection."
"What makes underwater oil spills different?","Harder to detect and contain, affects entire water column, complex cleanup challenges."
"How do you handle oil spill waste disposal?","Classified as hazardous waste, requires licensed disposal facilities, tracking documentation."
"What public health measures follow oil spills?","Air quality monitoring, seafood safety testing, health advisories, medical surveillance."
"How do you communicate during oil spill emergencies?","Public information officers, media briefings, community meetings, social media updates."
"What information should public receive during oil spills?","Health risks, evacuation orders, cleanup progress, safety precautions, assistance resources."
"How do you counter misinformation during oil spills?","Provide accurate official information, correct false reports, use trusted messengers."
"What role does media play in oil spill response?","Information dissemination, public education, response accountability, recovery documentation."
"How do you maintain public confidence during oil spill response?","Transparent communication, regular updates, community involvement, accountability measures."
"What lessons have major oil spills taught us?","Importance of prevention, rapid response, community preparedness, long-term monitoring."
"How has oil spill response technology improved?","Better detection systems, more effective cleanup methods, improved dispersants, satellite monitoring."
"What future technologies may improve oil spill response?","Autonomous cleanup systems, advanced materials, real-time monitoring, biotechnology applications."
"How do you evaluate oil spill response effectiveness?","Recovery rates, environmental protection, public health outcomes, cost-effectiveness measures."
"What are best practices for oil spill prevention?","Regular equipment maintenance, crew training, navigation safety, weather routing, inspection compliance."
"How do you build community resilience to oil spills?","Preparedness planning, diverse economy, environmental restoration, response capability."
"What is the most important oil spill safety message?","Report spills immediately and leave cleanup to trained professionals with proper equipment."
"How do you stay informed about oil spill risks?","Monitor shipping traffic, follow environmental agencies, know local response plans, understand evacuation routes."
"What should every coastal resident know about oil spills?","How to recognize pollution, who to call for reporting, basic safety precautions, evacuation procedures."
"What is the key to successful oil spill response?","Rapid detection, immediate response, coordinated effort, adequate resources, community cooperation."
"Question","Answer"
"What are notable historical oil spills besides Deepwater Horizon?","Exxon Valdez (Alaska, 1989) - 11 million gallons; Prestige (Spain, 2002); MV Wakashio (Mauritius, 2020)."
"What are India-specific oil spill incidents?","MV Western Pioneer (Mumbai Coast, 2011); oil tanker collisions near Kochi, Kerala; minor port-based discharges in Mumbai and Gujarat."
"Which Indian regulations govern oil spills?","The Maritime Zones of India Act, 1976; Coastal Regulation Zone Notifications; Oil Pollution Rules under the Environment Protection Act, 1986."
"Which agencies handle oil spills in India?","Indian Coast Guard, Ministry of Environment, Forest and Climate Change, local port authorities, Oil Industry Safety Directorate (OISD)."
"How do oil spills interact with tropical storms or cyclones?","Storms can disperse oil over larger areas, complicate cleanup, increase coastal flooding and marine life exposure."
"How are fisheries affected economically by oil spills?","Loss of catch, temporary fishing bans, contamination of seafood, income loss for local fishermen communities."
"How is tourism affected by oil spills?","Beach closures, damage to resorts and marine attractions, long-term reduction in visitor numbers, economic loss for coastal towns."
"What are social impacts of oil spills on coastal communities?","Health problems, disruption of livelihoods, psychological stress, increased migration, reliance on aid."
"How do oil spills affect mangroves and wetlands?","Smothering of roots, reduced oxygen, long-term habitat degradation, loss of breeding grounds for fish and birds."
"How are small-scale chronic oil discharges monitored in India?","Satellite monitoring, local port inspections, voluntary industry reporting, whistleblower reports."
"What are effective community preparedness measures for oil spills?","Local response training, awareness campaigns, stockpiling protective equipment, coordinated evacuation plans."
"How can local communities aid in monitoring and response?","Citizen science reporting, beach surveys, wildlife monitoring, assisting trained response teams safely."
"Which international bodies guide oil spill prevention and response?","IMO, UNEP, International Tanker Owners Pollution Federation (ITOPF), Regional Seas Conventions."
"How do oil spills affect coral reefs?","Oil coats coral surfaces, blocks sunlight, reduces photosynthesis, leads to bleaching and mortality."
"What rehabilitation measures exist for affected wildlife?","Oiled bird washing stations, veterinary care for marine mammals, relocation of sensitive species, habitat restoration."
"How can oil spill risks be reduced in Arctic regions?","Ice navigation protocols, seasonal drilling restrictions, specialized spill response equipment, continuous monitoring."
"How do pipelines and offshore drilling contribute to oil spill risks?","Leaks, blowouts, corrosion, equipment failure, human error, inadequate monitoring or maintenance."
"How is public health monitored after oil spills?","Health screenings, respiratory and skin assessments, long-term epidemiological studies, advisories on seafood consumption."
"How are beaches and ports reopened safely after oil spills in India?","Through chemical testing of sand and water, removal of contamination, approval by Coast Guard and environmental authorities."
"What role do local NGOs play in oil spill recovery?","Community mobilization, awareness campaigns, wildlife rescue support, documenting environmental damage, advocacy for stricter regulations."
"Question","Answer"
"What is sea level rise?","Global increase in ocean water levels due to climate change and thermal expansion."
"What causes sea level rise?","Thermal expansion of warming oceans and melting of glaciers and ice sheets."
"How much has sea level risen historically?","About 21-24 centimeters since 1880, with accelerating rates in recent decades."
"What is the current rate of sea level rise?","Approximately 3.3 millimeters per year globally, varying by region."
"How much could sea level rise by 2100?","Projections range from 0.43 to 2.84 meters depending on emission scenarios."
"What is thermal expansion of seawater?","Water expanding as it warms, contributing about half of current sea level rise."
"Which ice sheets contribute most to sea level rise?","Greenland and Antarctic ice sheets, containing enough water to raise seas by 70+ meters."
"What is coastal erosion?","Wearing away of land and removal of beach or dune sediments by wave action."
"What causes coastal erosion?","Wave action, storms, sea level rise, human activities, sediment supply changes."
"How fast does coastal erosion occur?","Varies from centimeters to meters per year depending on location and conditions."
"What are the main types of coastal erosion?","Beach erosion, bluff retreat, wetland loss, barrier island migration."
"What is shoreline retreat?","Landward movement of coastline due to erosion processes over time."
"What factors accelerate coastal erosion?","Sea level rise, increased storm intensity, reduced sediment supply, human development."
"How does sea level rise worsen coastal erosion?","Higher water levels allow waves to reach and erode areas previously protected."
"What is coastal squeeze?","Loss of intertidal habitat as sea level rises against fixed coastal defenses."
"What areas are most vulnerable to sea level rise?","Low-lying coastal plains, river deltas, small islands, areas with land subsidence."
"Which U.S. regions face highest sea level rise risk?","Gulf Coast, Mid-Atlantic, Southeast, and parts of California and Alaska."
"What infrastructure is threatened by sea level rise?","Roads, airports, ports, utilities, sewage treatment plants, coastal buildings."
"How does sea level rise affect drinking water?","Saltwater intrusion into groundwater aquifers and surface water supplies."
"What is saltwater intrusion?","Movement of saltwater into freshwater aquifers due to sea level rise."
"How does coastal erosion threaten buildings?","Undermines foundations, reduces lot sizes, eventually leads to structural collapse."
"What happens to beaches during sea level rise?","Many will be permanently submerged or migrate landward if space allows."
"How does sea level rise affect wetlands?","Can drown existing wetlands while creating new ones in previously dry areas."
"What economic impacts result from coastal erosion?","Property loss, infrastructure damage, tourism decline, relocation costs."
"How much property is at risk from sea level rise?","Trillions of dollars in coastal property worldwide threatened by 2100."
"What agricultural areas are threatened by sea level rise?","Coastal farmland subject to saltwater intrusion and permanent flooding."
"How does sea level rise affect coastal ecosystems?","Habitat migration, species displacement, ecosystem service disruption."
"What happens to coral reefs during sea level rise?","May keep pace if rise is slow, but threatened by warming and acidification."
"How do mangroves respond to sea level rise?","Can migrate landward if not blocked by development or topography."
"What is nuisance flooding from sea level rise?","Regular flooding during high tides without storms, increasingly frequent."
"How often does nuisance flooding occur?","Increasing from occasional to dozens of times per year in vulnerable areas."
"What is relative sea level rise?","Local sea level change including land subsidence and regional variations."
"What causes land subsidence?","Groundwater pumping, oil/gas extraction, natural settling, geological processes."
"How do you measure sea level rise?","Tide gauges, satellite altimetry, GPS measurements, geological indicators."
"What are tide gauges?","Instruments that measure water level changes at coastal locations over time."
"How do satellites measure sea level?","Radar altimeters measure distance from satellite to ocean surface."
"What is a sea level rise projection?","Scientific estimate of future sea level based on climate models and scenarios."
"How do you assess your property's sea level rise risk?","Check elevation, flood maps, local projections, and vulnerability assessments."
"What online tools show sea level rise projections?","NOAA Sea Level Rise Viewer, Climate Central's Surging Seas, state coastal programs."
"How do you determine your property elevation?","Survey maps, LIDAR data, professional surveys, FEMA flood maps."
"What is base flood elevation?","Water surface elevation of 100-year flood used for building and insurance requirements."
"Should you buy property in sea level rise zones?","Consider long-term risks, insurance costs, resale value, and adaptation options."
"How does sea level rise affect property values?","Properties at higher risk show declining values and longer time on market."
"What insurance covers sea level rise damage?","Flood insurance covers some impacts, but not gradual erosion or chronic flooding."
"How do you prepare your home for sea level rise?","Elevate structure, improve drainage, use flood-resistant materials, plan retreat options."
"What is wet floodproofing for sea level rise?","Allowing water to enter and exit structure freely to prevent damage."
"What is dry floodproofing for sea level rise?","Sealing structure to prevent water entry up to certain elevation."
"Should you elevate your house for sea level rise?","Consider if in vulnerable area, may be required for insurance or permits."
"How high should you elevate above sea level rise?","At least 1-3 feet above projected flood levels for useful design life."
"What building materials resist sea level rise impacts?","Flood-resistant materials like closed-cell foam, marine-grade plywood, concrete."
"How do you protect utilities from sea level rise?","Elevate HVAC, water heaters, electrical panels above projected flood levels."
"What landscaping helps with sea level rise?","Native salt-tolerant plants, rain gardens, permeable surfaces, natural drainage."
"Should you install sump pumps for sea level rise?","Can help with minor flooding but ineffective against major sea level rise."
"How do you improve property drainage for sea level rise?","Grade away from buildings, install French drains, use permeable pavement."
"What if your septic system is threatened by sea level rise?","Consider connection to sewer system or elevated/alternative treatment systems."
"How do you protect important documents from sea level rise?","Waterproof storage, digital copies, off-site storage, cloud backup."
"Should you plant trees to stop coastal erosion?","Appropriate vegetation can help, but major erosion requires professional solutions."
"What if sea level rise threatens your well water?","Monitor salinity, consider alternative water sources, install deeper wells."
"How do communities adapt to sea level rise?","Zoning changes, building codes, infrastructure upgrades, managed retreat programs."
"What is managed retreat from sea level rise?","Planned relocation of people and infrastructure away from vulnerable coastal areas."
"What is accommodation to sea level rise?","Learning to live with higher water levels through floating structures and adaptation."
"What is protection from sea level rise?","Hard and soft engineering solutions to defend against rising waters."
"What are seawalls used for against sea level rise?","Vertical barriers that protect land from wave action and flooding."
"What are the problems with seawalls for sea level rise?","Expensive, cause beach erosion, require maintenance, eventually overtopped."
"What is living shoreline approach to coastal erosion?","Using natural materials like oyster reefs and marsh grasses for protection."
"What are breakwaters used for in coastal protection?","Offshore structures that reduce wave energy reaching the shore."
"What is beach nourishment for coastal erosion?","Adding sand to eroded beaches to restore width and elevation."
"How long does beach nourishment last?","Typically 5-10 years before requiring renewal, depending on conditions."
"What are dunes used for in coastal protection?","Natural barriers that absorb wave energy and provide storm protection."
"How do you restore sand dunes?","Plant native vegetation, install sand fencing, restrict access, add sand."
"What is ecosystem-based adaptation to sea level rise?","Using natural systems like wetlands and reefs for coastal protection."
"How do wetlands protect against sea level rise?","Absorb storm surge, reduce wave energy, can build elevation with sediment."
"What role do oyster reefs play in coastal protection?","Create natural breakwaters, build reef height, support ecosystem services."
"How effective are natural solutions vs. hard engineering?","Natural solutions often more cost-effective and provide multiple benefits long-term."
"What is blue-green infrastructure for sea level rise?","Combining natural systems with built infrastructure for coastal resilience."
"How do you plan for long-term sea level rise?","Consider multiple time horizons, adaptive management, flexibility in solutions."
"What is adaptive management for sea level rise?","Adjusting strategies based on monitoring, new information, and changing conditions."
"How do you monitor sea level rise impacts?","Regular surveys, photo documentation, water level monitoring, ecosystem assessments."
"What early warning signs indicate accelerating sea level rise?","More frequent nuisance flooding, saltwater in wells, vegetation die-back."
"How do you communicate sea level rise risks to community?","Use local examples, visual tools, engage trusted messengers, focus on solutions."
"What if community denies sea level rise is happening?","Present local evidence, focus on current flooding issues, emphasize co-benefits."
"How do you build political support for sea level rise action?","Start with no-regret measures, build coalitions, use economic arguments."
"What funding is available for sea level rise adaptation?","Federal grants, state programs, local bonds, private investment, insurance discounts."
"How do you prioritize sea level rise adaptation measures?","Risk assessment, cost-benefit analysis, co-benefits, feasibility, stakeholder input."
"What is retreat vs. protect decision-making?","Economic analysis comparing long-term costs of defending vs. relocating."
"How do you plan retreat from sea level rise?","Identify receiving areas, provide relocation assistance, preserve community cohesion."
"What happens to abandoned areas after retreat?","May become wetlands, parks, or natural coastal buffers."
"How do you handle property rights during managed retreat?","Fair compensation, voluntary programs, regulatory takings, eminent domain."
"What legal issues arise with sea level rise?","Property rights, liability, insurance disputes, regulatory jurisdiction."
"How does zoning change with sea level rise?","Restrict new development, require higher standards, create buffer zones."
"What building codes address sea level rise?","Higher elevation requirements, flood-resistant construction, setback rules."
"How do you update infrastructure for sea level rise?","Elevate roads, improve drainage, relocate facilities, use flexible designs."
"What transportation adaptations help with sea level rise?","Elevate roads, improve drainage, plan alternate routes, floating bridges."
"How do ports adapt to sea level rise?","Flexible dock systems, elevated infrastructure, improved drainage, planning retreat."
"How do airports prepare for sea level rise?","Runway drainage, elevated facilities, salt-resistant materials, alternate locations."
"What utility adaptations help with sea level rise?","Underground lines, elevated equipment, salt-resistant materials, backup systems."
"How do schools prepare for sea level rise?","Elevation assessment, emergency planning, curriculum integration, facility upgrades."
"How do hospitals adapt to sea level rise?","Backup power above flood levels, emergency plans, supply chain resilience."
"What emergency planning addresses sea level rise?","Updated evacuation routes, flood response, communication systems, shelter locations."
"How do you evacuate during sea level rise flooding?","Follow emergency plans, move to higher ground, avoid flooded roads."
"What if roads flood during sea level rise events?","Use alternate routes, don't drive through water, wait for waters to recede."
"How do you communicate during sea level rise emergencies?","Emergency alerts, backup communication systems, neighborhood networks."
"What supplies do you need during sea level rise flooding?","Water, food, flashlights, radio, first aid, medications, important documents."
"Should you stay or leave during chronic flooding from sea level rise?","Follow official guidance, prioritize safety, have evacuation plan ready."
"How do you help neighbors during sea level rise events?","Check on vulnerable residents, share resources, provide transportation."
"What health risks come from sea level rise flooding?","Waterborne diseases, mold, mental health impacts, infrastructure failures."
"How do you prevent mold after sea level rise flooding?","Dry structures quickly, remove wet materials, use dehumidifiers, improve ventilation."
"What if drinking water contaminated by sea level rise?","Use bottled water, boil if advised, test private wells, report problems."
"How do you clean up after sea level rise flooding?","Wear protective gear, document damage, remove wet materials, disinfect surfaces."
"What economic assistance is available after sea level rise damage?","FEMA aid, SBA loans, insurance claims, local assistance programs."
"How do you document damage from sea level rise?","Photos before cleanup, keep receipts, contact insurance, get professional assessments."
"What if insurance doesn't cover sea level rise damage?","Appeal decision, check other policies, seek legal advice, apply for assistance."
"How do communities recover from chronic sea level rise impacts?","Economic diversification, infrastructure rebuilding, population relocation, ecosystem restoration."
"What industries are most affected by sea level rise?","Tourism, fishing, agriculture, real estate, insurance, shipping."
"How do you maintain community cohesion during sea level rise adaptation?","Inclusive planning, preserve cultural sites, support vulnerable populations."
"What research helps understand sea level rise?","Tide gauge data, satellite measurements, ice sheet studies, climate modeling."
"How do scientists predict future sea level rise?","Climate models, ice sheet dynamics, thermal expansion calculations, statistical analysis."
"What are the biggest uncertainties in sea level rise projections?","Ice sheet behavior, regional variations, tipping points, emission scenarios."
"How does climate change acceleration affect sea level rise?","Faster warming could trigger rapid ice loss and accelerated rise."
"What are sea level rise tipping points?","Thresholds beyond which ice sheet loss becomes irreversible and rapid."
"How do regional factors affect sea level rise?","Ocean currents, land movement, ice sheet gravity effects create local variations."
"What international cooperation addresses sea level rise?","Climate agreements, scientific collaboration, technology sharing, adaptation funding."
"How do small island nations cope with sea level rise?","Adaptation measures, international assistance, migration planning, sovereignty issues."
"What role do cities play in sea level rise adaptation?","Local planning, infrastructure investment, regional coordination, innovation testing."
"How do you engage youth in sea level rise solutions?","Education programs, community projects, climate action, future planning."
"What technologies help monitor sea level rise?","Satellite altimetry, GPS, tide gauges, LIDAR, underwater sensors."
"How do you use sea level rise projections for planning?","Risk assessment, infrastructure design, zoning decisions, investment priorities."
"What co-benefits come from sea level rise adaptation?","Storm protection, ecosystem services, recreation, water quality, carbon storage."
"How do you balance development with sea level rise risk?","Smart growth principles, risk disclosure, adaptive design, retreat planning."
"What is the most cost-effective sea level rise adaptation?","Prevention through emission reduction combined with no-regret local measures."
"How do you maintain hope while addressing sea level rise?","Focus on solutions, community action, adaptation success stories, co-benefits."
"What is the key message about sea level rise adaptation?","Start planning now, use flexible approaches, combine protection with retreat options."
"Question","Answer"
"What are compound coastal hazards?","Simultaneous impacts from sea level rise combined with storms, hurricanes, tsunamis, or river flooding."
"How does storm surge interact with sea level rise?","Rising sea levels increase the height and reach of storm surges, worsening flooding."
"Can tsunamis be worsened by sea level rise?","Yes, higher baseline sea levels allow tsunami waves to penetrate further inland."
"What is saltwater intrusion's long-term effect on soil?","Gradual salinization reduces fertility and affects agriculture over decades."
"How does chronic flooding affect mental health?","Repeated flooding causes stress, anxiety, depression, and community trauma."
"What happens to wetlands under slow submersion?","They can drown gradually, altering habitat, carbon storage, and biodiversity."
"How are underground utilities affected by sea level rise?","Subways, tunnels, and sewage systems can flood, disrupting services."
"What risks do industrial sites face?","Chemical spills, contamination, and infrastructure damage increase during flooding."
"How does sea level rise impact low-income populations?","They often live in vulnerable areas, have limited resources, and face higher relocation challenges."
"What are legal challenges in retreat zones?","Property disputes, eminent domain, and compensation conflicts can arise."
"Can insurance cover gradual erosion?","Most standard policies do not; special coverage or government programs may be required."
"What happens to migratory bird habitats?","Rising seas can destroy nesting grounds, forcing migration changes or population decline."
"How do invasive species respond to sea level rise?","Brackish water expansion can allow new species to colonize, altering ecosystems."
"What is biodiversity loss from sea level rise?","Species displacement, habitat fragmentation, and local extinctions in coastal zones."
"How can floating buildings help adaptation?","Structures float on rising waters, reducing flood risk in vulnerable areas."
"What are amphibious houses?","Homes that rest on the ground but can rise with floodwaters using buoyant foundations."
"How do combined heatwaves and flooding affect communities?","Stress on infrastructure, public health risks, and challenges in cooling shelters."
"What is coastal groundwater depletion?","Rising seas and extraction can lower aquifers, worsening saltwater intrusion."
"How does repeated nuisance flooding affect property value?","Continuous minor flooding can drastically reduce resale value and insurance options."
"How do coastal transportation systems adapt?","Elevated roads, floating bridges, and movable ferry terminals maintain connectivity."
"What emergency plans exist for chemical plants during flooding?","Evacuation, containment, spill response, and elevated storage for hazardous materials."
"What is the impact of sea level rise on public health infrastructure?","Hospitals, clinics, and water treatment can face operational disruption and contamination."
"How does sea level rise affect tourism?","Beach loss, flooding, and infrastructure damage reduce visitors and local income."
"What is sediment starvation and its effect?","Reduced sediment supply from rivers accelerates beach and wetland erosion."
"How do river deltas respond to sea level rise?","Deltas can submerge, sink, or migrate, affecting agriculture and settlements."
"What role does land subsidence play in flooding?","Subsiding land worsens relative sea level rise and accelerates inundation."
"How can early warning systems help compound hazards?","Alert communities to storms, floods, and rapid water rise for timely evacuation."
"What are blue carbon ecosystems?","Mangroves, marshes, and seagrasses storing carbon while protecting coasts from flooding."
"How do mangrove restoration projects help?","They reduce wave energy, trap sediments, and buffer against erosion."
"What is climate gentrification?","Wealthier populations move to higher ground, displacing vulnerable communities as sea levels rise."
"How can urban heat islands worsen flooding?","Impervious surfaces prevent drainage, intensifying water pooling during floods."
"How do floating solar panels aid coastal resilience?","Generate renewable energy while reducing evaporation and stormwater impacts."
"What are long-term groundwater salinity threats?","Saltwater intrusion can make freshwater aquifers unusable for decades."
"How can wetlands migrate naturally?","Wetlands shift inland if space and conditions allow, maintaining ecological functions."
"What are hybrid adaptation strategies?","Combining retreat, protection, and accommodation for flexible long-term planning."
"How do cultural heritage sites face risk?","Historic buildings and landmarks may flood or erode, threatening preservation."
"What is the role of citizen science in monitoring?","Community volunteers can collect water level, erosion, and habitat data for planning."
"How do repeated storm surges affect infrastructure lifespan?","Accelerated wear, corrosion, and structural fatigue reduce service life."
"What is coastal inundation modeling?","Simulations predicting flooding extent under different sea level rise scenarios."
"How do rising seas affect fisheries?","Changes in salinity and habitat can reduce fish populations and affect livelihoods."
"What is salt marsh drowning?","Marshes unable to accumulate sediment fast enough get submerged permanently."
"How do extreme tidal events combine with sea level rise?","Higher tides increase frequency and extent of flooding beyond normal predictions."
"What role do coral reefs play in coastal protection?","Reefs absorb wave energy, reduce erosion, and protect shorelines."
"How does shoreline armoring affect neighboring areas?","Seawalls can increase erosion downstream or adjacent beaches."
"What is managed realignment?","Deliberately allowing areas to flood to restore natural habitats and reduce risk elsewhere."
"How can urban drainage systems fail under chronic flooding?","Sewer backups, ponding, and infrastructure collapse can occur during repeated events."
"What is the impact of sea level rise on power plants?","Flooded plants risk outages, equipment damage, and emergency shutdowns."
"How do you monitor chronic ecosystem changes?","Regular surveys, remote sensing, and species population tracking."
"What are ecological tipping points from sea level rise?","Thresholds beyond which ecosystems collapse or irreversibly change."
"How can artificial reefs mitigate erosion?","Submerged structures reduce wave energy and encourage sediment deposition."
"What are the effects on coastal agriculture?","Salt intrusion, reduced soil fertility, and periodic flooding reduce yields."
"How does permafrost thaw interact with sea level rise?","Coastal permafrost melt can destabilize shorelines and release greenhouse gases."
"How do shipping ports adapt to extreme water level changes?","Elevated docks, flexible moorings, and redesigned storage zones."
"What are coastal blackout risks?","Flooding can cut off electricity to communities, critical facilities, and communication systems."
"How do sea level rise and river flooding combine?","High tides can back up rivers, worsening inland flooding during storms."
"What are lessons from island nations facing sea level rise?","Early adaptation, migration planning, and ecosystem-based defenses are key."
"How does chronic erosion affect cultural landscapes?","Loss of beaches, dunes, and traditional land features impacts identity and tourism."
"What is the role of insurance in extreme adaptation?","Coverage can incentivize elevation, floodproofing, and relocation measures."
"How do you integrate climate projections into urban planning?","Use probabilistic models, adaptive zoning, and infrastructure standards."
"What are the challenges for remote communities?","Limited evacuation routes, communication, and emergency resources increase vulnerability."
"How do floating wetland projects work?","Artificial wetlands absorb stormwater, filter pollutants, and provide habitat."
"What is coastal aquaculture risk?","Rising seas can flood fish farms and salinize freshwater for shellfish."
"How do flood gates and tidal barriers help?","Control water entry, protect urban areas, and reduce flood peaks."
"What is the impact of coastal erosion on shipping channels?","Sedimentation can require dredging and increase navigational hazards."
"How do public health systems prepare for compound hazards?","Stockpile medicines, maintain clean water, and develop evacuation protocols."
"What is long-term planning for chronic nuisance flooding?","Elevating infrastructure, creating buffer zones, and adopting flexible regulations."
"How does sea level rise affect groundwater recharge?","Inundation and salinity reduce freshwater infiltration and aquifer replenishment."
"What are multi-layered coastal defense strategies?","Combining hard barriers, ecosystem restoration, and policy interventions."
"How do extreme events affect social cohesion?","Displacement, unequal recovery, and resource competition can strain communities."
"What is the role of technology in adaptation?","Sensors, drones, predictive modeling, and real-time monitoring enhance resilience."
"How do emergency shelters cope with rising seas?","Elevated locations, floating facilities, and pre-stocked resources ensure safety."
"How does sea level rise affect inland areas?","Backwater flooding and higher water tables can impact areas far from the coast."
"What are secondary impacts of chronic flooding?","Mold, vector-borne diseases, mental health issues, and property devaluation."
"How do migratory patterns change with habitat loss?","Species may relocate inland or face population decline due to lost breeding grounds."
"How can communities plan for multi-decade adaptation?","Use phased retreat, infrastructure upgrades, zoning, and ecosystem-based planning."
"How do you prioritize adaptation for vulnerable populations?","Assess risk, equity, cost, and accessibility to ensure inclusive strategies."
"What role does education play in long-term adaptation?","Raising awareness, fostering resilience, and encouraging proactive community action."
"How do global supply chains respond to sea level rise?","Ports, warehouses, and transport disruptions can affect national and international trade."
"What is the role of government policy in adaptation?","Regulations, incentives, land-use planning, and funding shape mitigation efforts."
"How do rising seas affect emergency medical services?","Road closures, facility flooding, and equipment damage hinder response times."
"How do you track long-term effectiveness of adaptation measures?","Monitoring, auditing, and adjusting strategies based on data and outcomes."
"How can social media aid during flooding events?","Real-time alerts, resource sharing, and community coordination improve response."
"What are the environmental justice concerns?","Low-income, minority, and marginalized communities face disproportionate risk."
"What is the effect of microplastics during flooding?","Rising waters can mobilize plastics into ecosystems, impacting wildlife and health."
"How do multi-hazard simulations help planning?","Predict interactions of storms, sea level rise, and human activities for better decisions."
"How can coastal forests reduce erosion?","Roots stabilize soil, absorb wave energy, and trap sediments."
"What is the role of international aid in extreme events?","Funding, expertise, and disaster relief help communities recover and adapt."
"What are emerging technologies for sea level rise adaptation?","Smart barriers, floating infrastructure, AI-based monitoring, and resilient construction."
"What is a submarine earthquake?","Earthquake occurring under the ocean floor that can generate tsunamis."
"How deep do tsunami-generating earthquakes occur?","Usually less than 70 kilometers deep in the ocean floor."
"What magnitude earthquake can generate tsunamis?","Generally magnitude 7.0 or greater, though smaller ones can in rare cases."
"What type of fault movement creates tsunamis?","Vertical displacement of seafloor, not horizontal sliding motion."
"What is a megathrust earthquake?","Large earthquake along subduction zone boundaries, most likely to generate tsunamis."
"Where do most tsunami-generating earthquakes occur?","Around Pacific Ring of Fire, especially subduction zones."
"What is the difference between tectonic and submarine earthquakes?","Location - submarine occurs under ocean, can displace water and cause tsunamis."
"How long do submarine earthquakes typically last?","Usually 30 seconds to 2 minutes for major events."
"What is earthquake magnitude vs intensity?","Magnitude measures energy released, intensity measures shaking effects at location."
"What is the Richter Scale for earthquakes?","Logarithmic scale measuring earthquake magnitude, each number is 10x stronger."
"What is the moment magnitude scale?","More accurate modern scale for measuring large earthquake energy release."
"How are submarine earthquakes detected?","Global seismic networks, ocean bottom seismometers, hydrophone arrays."
"How quickly can submarine earthquakes be detected?","Within minutes using automated global seismic monitoring systems."
"What is P-wave vs S-wave in earthquakes?","P-waves arrive first (primary), S-waves follow (secondary), difference helps locate epicenter."
"How do seismologists locate earthquake epicenter?","Triangulation using arrival time differences from multiple monitoring stations."
"What information do earthquake alerts provide?","Location, magnitude, depth, time, potential for tsunami generation."
"Who issues tsunami warnings after submarine earthquakes?","National tsunami warning centers and Pacific Tsunami Warning Center."
"How quickly are tsunami warnings issued after submarine earthquakes?","Usually within 5-15 minutes of earthquake detection."
"What triggers automatic tsunami warnings?","Submarine earthquakes above magnitude 7.0 in tsunami-prone areas."
"Can small submarine earthquakes generate tsunamis?","Rarely, but underwater landslides triggered by small quakes can cause local tsunamis."
"What is earthquake swarm activity?","Series of earthquakes in local area over short time period."
"Can earthquake swarms indicate coming tsunami risk?","May indicate unstable conditions, but individual events must be assessed."
"What is foreshock vs mainshock vs aftershock?","Smaller quakes before main event, largest quake, smaller quakes following main event."
"Do foreshocks always precede submarine earthquakes?","No, only about half of major earthquakes have identifiable foreshocks."
"How long do aftershocks continue after submarine earthquakes?","Can continue for days to months, gradually decreasing in frequency and magnitude."
"Can aftershocks also generate tsunamis?","Yes, if large enough and cause vertical seafloor displacement."
"What is the most dangerous aspect of submarine earthquakes?","Their potential to generate destructive tsunamis with little warning time."
"How far can submarine earthquake effects travel?","Earthquake shaking felt hundreds of kilometers away, tsunamis can cross oceans."
"What coastal areas feel submarine earthquakes?","Areas within 100-200 kilometers may feel shaking before tsunami arrives."
"Should you evacuate immediately after feeling strong coastal earthquake?","Yes, don't wait for official warnings - move to high ground immediately."
"What if you feel long earthquake shaking at coast?","Evacuate immediately to high ground, strong long shaking indicates tsunami risk."
"What if earthquake shaking lasts more than 20 seconds at coast?","Immediate evacuation required, this duration suggests tsunami potential."
"Should you wait for official warnings after coastal earthquake?","No, natural warning signs require immediate self-evacuation."
"What if earthquake is too weak to feel but tsunami warning issued?","Still evacuate, distant earthquakes can generate tsunamis hours later."
"How do you prepare for submarine earthquake tsunamis?","Know evacuation routes, have emergency kit, practice drills, learn warning signs."
"What should be in earthquake-tsunami emergency kit?","Water, food, flashlight, radio, first aid, sturdy shoes, important documents."
"How do you earthquake-proof your home in tsunami zones?","Secure heavy objects, know gas shutoff, have emergency supplies, practice drop-cover-hold."
"What is drop, cover, and hold during earthquakes?","Drop to knees, take cover under desk, hold on and protect head."
"Should you run outside during earthquake?","No, drop-cover-hold where you are, most injuries occur from falling objects."
"What if you're in bed during earthquake?","Stay in bed, cover head with pillow, don't run in dark."
"What if you're driving during earthquake?","Pull over safely, stay in vehicle, avoid bridges and overpasses."
"What if you're at beach during submarine earthquake?","Drop-cover-hold during shaking, then immediately evacuate to high ground."
"Should you use elevators after earthquake?","No, use stairs in case of structural damage or aftershocks."
"What if you're in high-rise during submarine earthquake?","Stay inside, drop-cover-hold, don't use elevators, be prepared for evacuation."
"How do you protect children during earthquakes?","Teach drop-cover-hold, practice regularly, keep shoes and flashlights by beds."
"What if you're caring for elderly during earthquake?","Help them drop-cover-hold, assist with evacuation if tsunami risk."
"Should you turn off gas after earthquake?","Only if you smell gas or see damage, don't turn off as precaution."
"What if lights go out during earthquake?","Use flashlight, not candles, check for injuries and hazards."
"Should you check on neighbors after earthquake?","Yes, but only after ensuring your own safety and completing evacuation if needed."
"What if building is damaged after earthquake?","Evacuate if structural damage, don't re-enter until inspected."
"How do you communicate after earthquake?","Text messages often work when calls don't, use social media, have battery radio."
"What if cell towers damaged in earthquake?","Use landlines if available, have battery-powered radio for information."
"What if you're trapped after earthquake?","Don't shout unless you hear rescuers, tap on pipes, cover mouth from dust."
"How long should you expect aftershocks?","Major aftershocks possible for days to weeks, smaller ones for months."
"What if aftershock occurs during tsunami evacuation?","Continue evacuation, don't stop for aftershock unless in immediate danger."
"When is it safe to return after earthquake-tsunami?","Only when authorities give all-clear and tsunami threat has passed."
"What should you check first after returning from evacuation?","Gas leaks, structural damage, electrical hazards, water contamination."
"How do you inspect for earthquake damage?","Look for cracks, shifts, water/gas leaks, electrical damage, don't enter if unsafe."
"What if chimney damaged in earthquake?","Don't use fireplace, have professionally inspected before use."
"Should you clean up immediately after earthquake?","Photograph damage first for insurance, clean up hazards, wear protective gear."
"How do you document earthquake damage?","Photos/videos before cleanup, keep receipts, contact insurance immediately."
"What if utilities damaged in earthquake?","Don't use until professionally inspected, report outages to utility companies."
"How do you deal with earthquake trauma?","Expect emotional reactions, seek support, maintain routines, get professional help if needed."
"What emotional reactions are normal after earthquakes?","Fear of aftershocks, anxiety, sleep problems, difficulty concentrating."
"How do you help children cope with earthquake trauma?","Provide comfort, maintain routines, limit media exposure, answer questions honestly."
"What if you're afraid to go back inside after earthquake?","Normal reaction, stay in safe outdoor area, seek counseling support."
"How long does earthquake recovery take?","Days for utilities, weeks to months for repairs, years for major damage."
"What assistance is available after earthquake damage?","Insurance claims, FEMA disaster aid, SBA loans, local relief organizations."
"How do you make your home more earthquake resistant?","Bolt to foundation, secure water heater, install flexible gas connections, brace chimneys."
"What building materials are earthquake resistant?","Reinforced concrete, steel frame, engineered wood, flexible connections."
"Should you retrofit older homes for earthquakes?","Yes, especially in seismic zones, may qualify for grants or tax credits."
"What is base isolation for earthquake protection?","Building technique that allows structure to move independently of ground motion."
"How do you secure furniture for earthquakes?","Anchor tall furniture to walls, use safety latches on cabinets, secure electronics."
"What items should you secure in earthquake zones?","Water heater, bookcases, televisions, computers, artwork, mirrors."
"How do you earthquake-proof your water heater?","Strap to wall studs, install flexible gas and water connections."
"Should you have earthquake insurance?","Consider in seismic areas, standard homeowners insurance doesn't cover earthquake damage."
"What does earthquake insurance typically cover?","Structure repair, personal property replacement, additional living expenses."
"How do communities prepare for submarine earthquakes?","Building codes, emergency plans, public education, tsunami evacuation routes."
"What building codes address earthquake risk?","Seismic design standards, foundation requirements, structural connections, material specifications."
"How do schools prepare for earthquakes?","Practice drop-cover-hold drills, secure heavy objects, have emergency supplies, communication plans."
"What should workplaces do for earthquake preparedness?","Emergency plans, supply kits, secure equipment, designate safety coordinators, practice drills."
"How do hospitals prepare for earthquakes?","Seismic retrofits, backup power, medical supplies, patient evacuation plans, staff training."
"What role do building inspectors play after earthquakes?","Assess structural safety, issue red/yellow/green tags, determine occupancy safety."
"What are post-earthquake building tags?","Green (safe), yellow (limited entry), red (unsafe) placards indicating building condition."
"How do utilities prepare for earthquakes?","Automatic shutoff valves, flexible connections, backup systems, rapid repair capabilities."
"What is early earthquake warning system?","Network that detects P-waves and provides seconds of warning before strong shaking."
"How much warning does earthquake early warning provide?","Usually 10-60 seconds depending on distance from epicenter."
"What should you do when earthquake early warning received?","Immediately drop-cover-hold, stop elevators, pull over if driving."
"Can earthquake early warning prevent tsunami damage?","Helps with immediate earthquake response, but tsunami evacuation still required."
"What technology monitors submarine seismic activity?","Ocean bottom seismometers, hydrophone arrays, GPS buoys, satellite monitoring."
"What is DART system for tsunami detection?","Deep-ocean Assessment and Reporting of Tsunamis - buoys that detect pressure changes."
"How do scientists study submarine earthquake patterns?","Historical records, geological evidence, seafloor mapping, continuous monitoring."
"What is paleoseismology?","Study of prehistoric earthquakes using geological and archaeological evidence."
"How do submarine fault systems work?","Tectonic plates moving past, over, or under each other, storing and releasing energy."
"What are subduction zones?","Areas where ocean plate slides under continental plate, creating major earthquake risk."
"Why are subduction zone earthquakes dangerous for tsunamis?","Large vertical seafloor displacement pushes massive amounts of water upward."
"What is a tsunami earthquake?","Earthquake that generates disproportionately large tsunami for its magnitude."
"How do slow-slip earthquakes relate to tsunamis?","Usually don't generate tsunamis but may increase stress for larger events."
"What is earthquake clustering in time and space?","Tendency for earthquakes to occur in groups rather than randomly."
"Can human activities trigger submarine earthquakes?","Rarely, but offshore drilling, mining, or fluid injection might influence small events."
"How does climate change affect earthquake-tsunami risk?","May influence earthquake patterns through ice loading changes and sea level effects."
"What international cooperation exists for earthquake-tsunami warning?","Global seismic networks, data sharing agreements, coordinated warning systems."
"How do different countries coordinate tsunami warnings?","Regional warning centers, standardized alert systems, communication protocols."
"What research improves earthquake-tsunami science?","Better understanding of fault behavior, improved modeling, enhanced monitoring technology."
"How do you stay informed about earthquake-tsunami risks?","Local emergency management, geological surveys, news sources, warning apps."
"What apps provide earthquake information?","USGS Earthquake Hazards, emergency alert apps, local warning systems."
"Should you trust social media for earthquake information?","Only verified official sources, ignore rumors and unconfirmed reports."
"How do you teach earthquake safety to others?","Practice drills, share official information, demonstrate proper techniques, emphasize preparedness."
"What myths about earthquakes should you ignore?","Standing in doorways, earthquake weather, animal prediction, small quakes preventing big ones."
"Can animals predict earthquakes?","No reliable evidence, don't depend on animal behavior for earthquake warning."
"Is there such thing as earthquake weather?","No, weather conditions don't influence earthquake occurrence."
"Do small earthquakes prevent larger ones?","No, small earthquakes release insignificant energy compared to major events."
"What is the triangle of life earthquake myth?","Debunked theory, drop-cover-hold is the proven safe response."
"How do you prepare visitors for earthquake risk?","Inform about procedures, show evacuation routes, ensure they have emergency information."
"What if earthquake occurs during large gathering?","Follow venue emergency procedures, help others drop-cover-hold, evacuate if directed."
"Should you stockpile supplies for earthquake season?","Earthquakes unpredictable, maintain year-round emergency supplies and preparedness."
"How do you maintain earthquake preparedness long-term?","Regular drills, supply rotation, plan updates, continued education, staying informed."
"What is most important earthquake safety rule?","Drop-cover-hold during shaking, then evacuate immediately if at coast."
"What should everyone in earthquake zones know?","Drop-cover-hold technique, evacuation routes, emergency kit location, family communication plan."
"How do you remember earthquake response basics?","Practice makes permanent - regular drills make correct response automatic."
"What is key message about earthquake-tsunami preparedness?","Seconds matter - know what to do immediately for both earthquake and tsunami response."
"Question","Answer"
"What is a deep-focus earthquake?","An earthquake occurring at depths greater than 300 km, usually within subducting slabs."
"Can deep-focus earthquakes generate tsunamis?","Rarely, because vertical seafloor displacement is usually minimal."
"What is a slow-slip or silent earthquake?","A gradual movement along a fault that releases energy over days or weeks without strong shaking."
"Can slow-slip earthquakes trigger tsunamis?","Indirectly, by increasing stress on nearby faults that may produce a tsunamigenic quake."
"What is a multi-segment rupture earthquake?","When multiple fault segments rupture in a single event, potentially increasing tsunami magnitude."
"Can strike-slip earthquakes generate tsunamis?","Rarely, unless accompanied by vertical displacement or underwater landslides."
"What is submarine landslide-induced tsunami?","A tsunami triggered by sudden underwater sediment movement rather than fault displacement."
"How does bathymetry affect tsunami waves?","Ocean floor topography can amplify or focus waves, increasing local inundation risk."
"What are wave trains in tsunamis?","Series of tsunami waves following initial wave, sometimes more destructive than the first wave."
"Can tsunamis enter enclosed bays or harbors?","Yes, wave resonance can amplify heights and increase flooding in confined areas."
"What is a seiche in relation to tsunamis?","Standing wave in enclosed water bodies triggered by seismic activity or distant tsunamis."
"How do tsunami waves change as they approach shallow water?","Wavelength shortens, amplitude increases, and wave speed decreases."
"What is inundation mapping?","Mapping predicted flood zones to determine potential tsunami impact and evacuation routes."
"How accurate are tsunami travel time predictions?","Usually accurate within minutes to tens of minutes depending on modeling and data quality."
"What is the limitation of tsunami early-warning systems?","Cannot predict exact local wave height, timing, or secondary hazards like landslides."
"Can false alarms affect tsunami response?","Yes, repeated false alarms may reduce public compliance during actual events."
"How do international warning centers coordinate?","Through global seismic networks, regional alerts, and standardized communication protocols."
"What role do local authorities play in tsunami warnings?","They issue evacuation orders, manage shelters, and coordinate first responders."
"How should people with disabilities evacuate during a tsunami?","Use personalized evacuation plans, accessible routes, and seek assistance from trained helpers."
"What is multi-hazard preparedness?","Planning for simultaneous hazards, e.g., earthquake followed by tsunami or storm surge."
"How should coastal schools prepare for tsunamis?","Conduct regular drills, establish safe zones, and educate students on warning signs."
"What is crowd management during tsunami evacuation?","Organizing large groups to move efficiently to high ground without panic or bottlenecks."
"How do urban and rural evacuation strategies differ?","Urban areas require vertical evacuation and traffic control; rural areas focus on distance to high ground."
"What is vertical evacuation?","Moving to higher floors of reinforced buildings when high ground is unavailable."
"How should temporary shelters be managed post-tsunami?","Provide food, water, medical care, sanitation, and psychological support."
"Which port facilities are most vulnerable to tsunamis?","Low-lying docks, container terminals, marinas, and ferry terminals."
"How can port infrastructure be made tsunami-resistant?","Elevated docks, breakwaters, flexible mooring systems, and emergency shutdown plans."
"What materials are suitable for tsunami-resistant construction?","Reinforced concrete, steel frames, and flexible foundations designed to withstand water force."
"Should coastal houses be retrofitted for tsunamis?","Yes, using elevated floors, strong anchoring, and breakaway walls for flooding zones."
"How does tsunami modeling help scientists?","Predicts wave propagation, arrival times, and inundation areas for early warning and planning."
"What is paleotsunami evidence?","Sediment layers, fossil deposits, and historical records indicating past tsunami events."
"How is GPS monitoring used in tsunami prediction?","Measures subtle land deformation and ocean surface displacement to assess tsunami risk."
"What is InSAR monitoring?","Satellite-based radar to detect ground movement along faults, aiding earthquake and tsunami assessment."
"How do submarine fault systems interact to trigger tsunamis?","Stress transfer between faults can cause cascading ruptures and larger tsunamis."
"Can underwater volcanic eruptions generate tsunamis?","Yes, sudden displacement of water from eruptions or collapse of volcanic slopes."
"How do meteorite impacts in oceans relate to tsunamis?","They can displace large volumes of water, creating waves similar to tsunamis."
"What is the most dangerous tsunami wave for coastal areas?","The first wave may be small, but subsequent waves can be higher and more destructive."
"How are tsunami wave heights measured?","Using tide gauges, DART buoys, and satellite altimetry."
"What is a tsunami travel-time chart?","Map showing predicted arrival times of tsunami waves at various coastal locations."
"Why is local knowledge important for tsunami preparedness?","Residents familiar with signs like sudden sea withdrawal can evacuate before warnings arrive."
"What early signs of tsunami should people watch for?","Strong earthquake, unusual sea withdrawal, loud ocean roar, unusual animal behavior."
"Can animals predict tsunamis?","No reliable scientific evidence, though some may react to vibrations."
"How do coastal forests protect against tsunamis?","Mangroves and trees dissipate wave energy and reduce inland flooding."
"What are breakwaters used for in tsunami mitigation?","Offshore structures reduce wave energy before reaching the shore."
"What is beach nourishment for tsunami risk?","Adding sand to beaches to buffer waves and reduce coastal flooding."
"How do dunes help mitigate tsunami impact?","Absorb wave energy and prevent inland penetration."
"What are living shorelines?","Using natural materials like oyster reefs and vegetation to reduce erosion and wave impact."
"How does sediment supply affect tsunami damage?","Adequate sediment buffers reduce erosion and wave energy inland."
"Can underwater landslides be triggered by earthquakes?","Yes, shaking can destabilize sediments and generate secondary tsunamis."
"How do tsunami wave speeds vary with water depth?","Faster in deep water, slower in shallow coastal zones."
"What is tsunami run-up?","Maximum vertical height a tsunami reaches onshore."
"What is tsunami inundation distance?","Maximum horizontal distance a tsunami travels inland."
"How do tsunami-resistant roads help evacuations?","Elevated or reinforced roads allow safe and rapid evacuation during flooding."
"How should emergency communication systems be designed for tsunamis?","Redundant, multi-channel (sirens, SMS, apps), and battery-backed."
"What role does social media play in tsunami preparedness?","Disseminates verified alerts quickly, educates public, coordinates volunteers."
"How do you validate tsunami warnings from apps or social media?","Check official sources like NOAA, PTWC, or local authorities before acting."
"What is the importance of community drills for tsunami preparedness?","Familiarizes residents with routes, reduces panic, and improves response times."
"How are tsunami inundation maps created?","Using bathymetry, topography, historical data, and computer simulations."
"How does urban planning reduce tsunami risk?","Setbacks, land-use zoning, evacuation infrastructure, and vertical evacuation structures."
"Can climate change affect tsunami risk?","Indirectly, by increasing storm surges, sea-level rise, and coastal instability."
"What is a tsunami evacuation vertical zone?","Designated floors in buildings safe from flooding when high ground is unavailable."
"What are tsunami hazard zones?","Areas prone to tsunami inundation, usually identified by historical events and modeling."
"How should disabled individuals be assisted during tsunamis?","Personal evacuation plans, buddy systems, accessible routes, trained responders."
"What is a tsunami ready community?","Community meeting FEMA criteria for preparedness, drills, education, and communication."
"How should schools conduct tsunami evacuation drills?","Practice routes, designate safe zones, educate staff/students, and evaluate procedures."
"What is the difference between local and distant tsunamis?","Local tsunamis arrive within minutes, distant tsunamis take hours to reach coastlines."
"How do you calculate tsunami travel time?","Based on wave speed (sqrt of gravity × depth) and distance to shore."
"What is the role of DART buoys?","Measure pressure changes in ocean to detect tsunamis early and relay data to warning centers."
"How do underwater earthquakes differ from coastal earthquakes?","Location under ocean, potential to generate tsunamis, and less direct shaking on land."
"What is a tsunami earthquake?","An earthquake that generates disproportionately large tsunami relative to its magnitude."
"How are tsunami evacuation routes determined?","Based on topography, population density, hazard zones, and access to high ground."
"What should tourists know about tsunamis in coastal areas?","Recognize natural warnings, know evacuation routes, and follow local authority instructions."
"How does public education reduce tsunami casualties?","Increases awareness, improves evacuation compliance, and teaches hazard recognition."
"How do tsunami simulations help authorities?","Predict wave heights, inundation areas, and plan emergency response and infrastructure."
"What is the importance of redundant evacuation paths?","Ensures safe escape if primary routes are blocked or congested."
"What should be included in community tsunami preparedness plans?","Early warning, evacuation, shelters, first aid, public education, and recovery strategy."
"What are the psychological impacts of tsunamis?","Trauma, anxiety, depression, and stress, requiring mental health support."
"How should communities address post-tsunami trauma?","Counseling, community support programs, and continued education on preparedness."
"Can repeated tsunamis affect long-term settlement patterns?","Yes, communities may relocate, alter infrastructure, or change land use planning."
"How can technology improve tsunami resilience?","Real-time monitoring, predictive modeling, mobile alerts, GIS mapping, and smart evacuation systems."
"What is tsunami inundation modeling for urban areas?","Simulating wave penetration, flooding depth, and critical infrastructure impact in cities."
"How do international tsunami drills improve preparedness?","Coordinate cross-border responses, test early warning systems, and educate the public."
"What research is ongoing in tsunami science?","Fault behavior studies, sediment transport, wave modeling, early warning tech, and risk assessment."
"What is the role of citizen science in tsunami monitoring?","Reporting unusual ocean activity, assisting in drills, and contributing local observations."
"What should you do during multiple simultaneous hazards?","Assess all threats, prioritize life safety, follow official guidance, and adapt evacuation plans accordingly."
"How do you prepare for compound disasters like earthquake and flood together?","Have layered emergency plans, multiple evacuation routes, waterproof storage for essentials, and stay informed via multiple alert sources."
"What legal considerations exist during disaster evacuations?","Follow official evacuation orders, understand local emergency powers, and comply with curfews or road closures."
"How do international or cross-border communities coordinate disaster response?","Coordinate with neighboring countries' agencies, share alerts, participate in joint drills, and follow standardized warning protocols."
"How should workplaces plan for temporary or migrant staff during disasters?","Include all personnel in emergency plans, provide multilingual instructions, assign safety buddies, and ensure evacuation assistance for visitors."
"How can cyberattacks affect emergency warning systems?","Alerts may be delayed or disabled; have backup communication methods like radio, ham radio, or community runners."
"How do you prepare for seasonal hazards during disasters?","Adjust emergency kits and shelters for heat, cold, or storms; plan hydration, heating, cooling, and clothing accordingly."
"How do you ensure disaster warnings reach non-English speakers?","Translate alerts into local languages, use pictograms, community volunteers, and multilingual apps."
"What if community members depend on public transportation during evacuation?","Identify accessible evacuation options, arrange buses or shuttles, and communicate pickup points in advance."
"How do you plan for isolated or transportation-limited households?","Coordinate with neighbors, local agencies, or volunteer networks to ensure assistance during evacuation."
"What unique precautions exist for hospitals during compound hazards?","Surge capacity planning, backup power for life-support, multiple evacuation routes, and coordination with other medical facilities."
"How can disaster alerts reach people with hearing impairments during simultaneous hazards?","Use vibrating devices, visual alerts, captioned TV, and community notification networks."
"What considerations exist for temporary shelters during extreme seasonal events?","Ensure adequate heating/cooling, sufficient water, and backup power for lighting and medical devices."
"How should financial preparedness adapt for compound disasters?","Keep multiple forms of cash, backup digital records, and insurance covering multiple hazard types."
"How do you maintain social media reliability during overlapping disasters?","Follow official accounts, cross-check information, and report misinformation promptly."
"How should schools prepare for students during compound disasters?","Have layered evacuation plans, backup communication with parents, and adequate shelter supplies for extended periods."
"How do emergency operations centers handle simultaneous hazards?","Activate multi-hazard protocols, coordinate with multiple agencies, prioritize critical services, and maintain real-time situational awareness."
"How can communities coordinate with vulnerable populations during compound hazards?","Maintain updated registries, pre-arrange transportation, and communicate through multiple accessible channels."
"How should pet owners prepare for simultaneous disasters?","Have extra food, water, medications, carriers, and identify pet-friendly shelters for prolonged emergencies."
"How can backup power systems handle compound hazards?","Ensure generators can run essential devices for extended periods, have fuel stored safely, and maintain regular testing."
"How do disaster kits change for extreme seasonal conditions?","Include extra blankets for cold, hydration packs for heat, waterproof storage for flooding, and layered clothing."
"How should emergency communications adapt during multiple hazards?","Use redundant systems like text, radio, sirens, social media, and in-person messengers to ensure everyone is reached."
"What training should volunteers receive for multi-hazard scenarios?","Scenario-based drills covering simultaneous hazards, priority triage, communication under stress, and evacuation logistics."
"How do authorities manage traffic during simultaneous evacuations?","Coordinate alternate routes, prioritize emergency vehicles, and communicate real-time updates via multiple channels."
"How do insurance policies address compound disasters?","Check coverage for multiple hazards, understand exclusions, and maintain documentation for claims."
"What steps ensure community credibility in warnings during overlapping disasters?","Provide clear instructions, transparent reasoning, frequent updates, and multilingual accessible information."
"How can mental health support be provided during compound disasters?","Deploy counselors to shelters, provide hotline numbers, and maintain support for first responders and community members."
"How do rural communities handle multi-hazard events?","Pre-position emergency supplies, establish local communication networks, and plan for longer response times."
"How should businesses adjust continuity plans for simultaneous hazards?","Diversify suppliers, backup critical data off-site, and ensure staff safety plans include compound disaster scenarios."
"What is the first step when coordinating a marine rescue operation?","Establish communication with coast guard, confirm victim location using GPS coordinates, and assess weather and sea conditions."
"How do you report a vessel in distress to maritime authorities?","Use VHF radio channel 16, provide vessel name, location, nature of emergency, number of people aboard, and any immediate dangers."
"What information is critical when establishing a coastal emergency shelter?","Location accessibility, capacity limits, proximity to medical facilities, structural integrity against ocean storms, and evacuation routes."
"How should rescue teams prioritize multiple ocean emergency calls?","Assess immediate life threat level, number of people involved, proximity to rescue resources, and weather window availability."
"What are the key elements of a marine search and rescue coordination center?","24/7 communication capability, weather monitoring, vessel tracking systems, resource deployment coordination, and inter-agency liaison."
"How do you establish effective communication during ocean rescue operations?","Use multiple radio frequencies, satellite communication backup, establish relay stations, and maintain contact with all rescue units."
"What should be included in a coastal evacuation shelter supply inventory?","First aid supplies, emergency food and water, blankets, battery-powered radios, flashlights, and backup power systems."
"How do rescue coordinators manage resources during large-scale ocean emergencies?","Create resource tracking systems, establish staging areas, coordinate with multiple agencies, and maintain equipment readiness logs."
"What is the protocol for reporting hazardous ocean conditions to authorities?","Contact coast guard with specific location, type of hazard, severity level, affected area size, and potential impact on maritime traffic."
"How do you coordinate between air and sea rescue units?","Establish common communication frequencies, define search sectors, coordinate timing to avoid conflicts, and share real-time position data."
"What are the essential components of a maritime emergency response plan?","Command structure, communication protocols, resource allocation, evacuation procedures, and inter-agency coordination guidelines."
"How should emergency shelters near coastlines be positioned for maximum safety?","Above flood zones, away from cliff edges, accessible by multiple routes, with structural reinforcement against high winds."
"What information must be gathered when receiving a marine distress call?","Caller identity, vessel details, exact location, nature of emergency, number of persons, available safety equipment, and immediate hazards."
"How do you coordinate medical evacuation from vessels at sea?","Assess patient condition, determine helicopter landing capability, coordinate with medical facilities, and prepare transfer equipment."
"What are the key factors in establishing an effective ocean rescue staging area?","Proximity to incident, equipment access, communication capability, helicopter landing zone, and protected from weather."
"How should rescue teams document ocean emergency responses?","Record timeline of events, resources deployed, personnel involved, actions taken, outcomes achieved, and lessons learned."
"What is the process for coordinating international waters rescue operations?","Contact appropriate maritime rescue coordination centers, follow international SAR conventions, coordinate jurisdictional responsibilities."
"How do you manage volunteer resources during coastal emergency operations?","Screen volunteers, provide basic training, assign specific roles, maintain supervision, and ensure safety protocols compliance."
"What communication systems are essential for ocean rescue coordination?","VHF marine radio, satellite phones, emergency position beacons, cellular networks, and amateur radio backup systems."
"How should emergency responders assess ocean rescue scene safety?","Evaluate weather conditions, sea state, visibility, hazardous materials presence, and structural stability of vessels or platforms."
"What are the protocols for coordinating with commercial vessels during rescue operations?","Broadcast assistance requests, coordinate approach vectors, establish communication protocols, and define specific assistance roles."
"How do you establish effective command and control during ocean emergencies?","Designate incident commander, establish command post, create communication hierarchy, and implement unified command structure."
"What supplies should be pre-positioned for ocean rescue operations?","Life rafts, rescue boats, medical equipment, communication devices, survival gear, and helicopter landing equipment."
"How do you coordinate shore-based support for ocean rescue missions?","Establish shore command post, coordinate logistics, manage family notifications, prepare medical facilities, and organize media relations."
"What are the key considerations for ocean rescue in severe weather?","Wind speed limits, wave height restrictions, visibility requirements, hypothermia risk, and available weather windows."
"How should rescue coordinators handle multiple simultaneous ocean emergencies?","Prioritize by life safety threat, allocate resources efficiently, establish multiple command posts if needed, and coordinate mutual aid."
"What information should be included in ocean hazard reporting systems?","Location coordinates, hazard type and severity, time observed, reporting source, affected area, and recommended actions."
"How do you coordinate helicopter rescue operations over water?","Establish flight corridors, coordinate with marine units below, manage fuel requirements, and prepare alternate landing sites."
"What are the essential elements of inter-agency coordination during ocean rescues?","Common communication protocols, unified command structure, resource sharing agreements, and jurisdictional clarity."
"How should emergency shelters accommodate people rescued from ocean incidents?","Provide hypothermia treatment, psychological support, contact with families, temporary clothing, and medical evaluation."
"What are the protocols for coordinating with military assets during ocean rescues?","Request through proper channels, define mission parameters, establish communication procedures, and coordinate operational control."
"How do you manage information flow during large-scale ocean emergency responses?","Establish information officer, create regular briefing schedules, maintain accurate logs, and coordinate public information release."
"What safety measures should be implemented for rescue personnel during ocean operations?","Personal flotation devices, safety lines, hypothermia protection, communication devices, and buddy system protocols."
"How do you coordinate evacuation of coastal areas during ocean-related emergencies?","Establish evacuation zones, coordinate transportation, manage traffic flow, open emergency shelters, and maintain communication."
"What are the key components of a marine casualty investigation following rescue operations?","Document scene conditions, interview survivors and witnesses, collect physical evidence, and analyze response effectiveness."
"How should rescue teams prepare for extended ocean search operations?","Plan crew rotation schedules, ensure adequate supplies, establish rest areas, maintain equipment readiness, and coordinate weather monitoring."
"What protocols exist for requesting international assistance during ocean emergencies?","Contact national maritime authority, follow diplomatic channels, specify assistance needed, and coordinate operational integration."
"How do you establish effective liaison with port authorities during ocean rescues?","Designate liaison officers, establish communication protocols, coordinate vessel traffic management, and arrange port facilities access."
"What are the essential elements of ocean rescue training programs?","Water rescue techniques, communication procedures, equipment operation, safety protocols, and inter-agency coordination."
"How should emergency coordinators manage public information during ocean rescue operations?","Designate information officer, establish regular briefings, coordinate with media, protect victim privacy, and maintain accuracy."
"What factors determine the selection of rescue methods for ocean emergencies?","Victim condition, sea conditions, available resources, time constraints, and environmental hazards."
"How do you coordinate medical support for ocean rescue operations?","Pre-position medical teams, establish treatment areas, coordinate helicopter medical evacuation, and prepare hospitals."
"What are the protocols for handling hazardous materials during ocean rescue operations?","Identify materials, establish safety zones, coordinate specialist teams, implement decontamination procedures, and protect rescue personnel."
"How should rescue coordinators manage fatigue during extended ocean operations?","Implement crew rotation, monitor personnel condition, provide rest facilities, maintain nutrition, and enforce safety limits."
"What communication procedures should be followed when rescue operations cross jurisdictional boundaries?","Notify all affected authorities, establish unified command, coordinate communication protocols, and clarify operational responsibilities."
"How do you establish effective coordination with fishing vessels during rescue operations?","Broadcast requests on fishing frequencies, coordinate approach procedures, provide specific instructions, and maintain safety protocols."
"What are the key elements of post-rescue medical triage for ocean incident victims?","Assess hypothermia, evaluate injuries, check for near-drowning, monitor vital signs, and prioritize treatment needs."
"How should emergency managers coordinate supplies for extended ocean rescue operations?","Establish supply chains, coordinate transportation, manage inventory, arrange resupply schedules, and maintain equipment readiness."
"What protocols exist for coordinating ocean rescue operations during severe weather?","Monitor weather windows, adjust operational tempo, prioritize highest-risk cases, and coordinate alternative response methods."
"How do you manage coordination between different rescue agency communication systems?","Establish common frequencies, use liaison personnel, implement communication protocols, and ensure interoperability."
"What are the essential elements of victim tracking during ocean rescue operations?","Assign unique identifiers, maintain location logs, coordinate transportation, update status regularly, and notify families."
"How should rescue teams coordinate with oil platform operators during emergencies?","Establish direct communication, coordinate evacuation procedures, utilize platform resources, and ensure personnel safety."
"What factors should be considered when establishing ocean rescue helicopter operations?","Landing zone safety, fuel requirements, weather limits, coordination with surface units, and medical evacuation capability."
"How do you coordinate salvage operations with active rescue missions?","Prioritize life safety, coordinate operational areas, manage resource conflicts, and sequence operations appropriately."
"What are the protocols for coordinating with cruise ship operators during emergencies?","Establish communication, coordinate passenger evacuation, utilize ship resources, and manage large-scale rescue logistics."
"How should emergency coordinators manage family information during ocean rescue operations?","Establish family assistance center, provide regular updates, coordinate with social services, and maintain privacy protection."
"What are the key elements of ocean rescue equipment maintenance programs?","Regular inspection schedules, replacement protocols, training requirements, storage procedures, and readiness verification."
"How do you coordinate night operations during ocean rescue missions?","Use proper lighting, coordinate position marking, maintain communication, implement enhanced safety measures, and manage visibility challenges."
"What protocols should be followed for ocean rescue operations in protected marine areas?","Coordinate with environmental agencies, minimize ecological impact, follow access procedures, and document environmental considerations."
"How do you establish effective coordination during ocean rescue operations involving multiple nations?","Follow international agreements, establish communication protocols, coordinate jurisdictional issues, and share resources appropriately."
"What are the essential elements of ocean rescue operation debriefing procedures?","Document response timeline, evaluate effectiveness, identify improvement areas, recognize successful actions, and update procedures."
"How should rescue coordinators handle media relations during ongoing ocean emergencies?","Designate spokesperson, schedule regular briefings, protect operational security, maintain victim privacy, and provide accurate information."
"What factors determine resource allocation priorities during multiple ocean rescue operations?","Life safety threat level, number of victims, rescue probability, available resources, and operational time windows."
"How do you coordinate with marine traffic control during rescue operations?","Establish safety zones, coordinate vessel movement, manage traffic flow, provide navigation warnings, and ensure rescue area security."
"What are the protocols for coordinating ocean rescue operations near offshore installations?","Contact installation operators, coordinate safety procedures, utilize available resources, and manage operational conflicts."
"How should emergency managers establish coordination with recreational boating communities?","Use marina networks, coordinate with boating associations, provide emergency procedures, and establish volunteer programs."
"What are the key elements of ocean rescue communication redundancy planning?","Multiple communication methods, backup power systems, alternate frequencies, satellite capability, and equipment duplication."
"How do you coordinate psychological support services for ocean rescue victims and families?","Deploy counseling teams, establish support areas, coordinate with social services, provide crisis intervention, and arrange follow-up care."
"What protocols exist for coordinating ocean rescue operations during holiday periods?","Increase staffing levels, coordinate with tourism agencies, prepare for higher incident rates, and ensure resource availability."
"How should rescue teams coordinate with port security during emergency operations?","Establish liaison, coordinate access procedures, manage security protocols, and ensure operational integration."
"What are the essential elements of ocean rescue operations quality assurance programs?","Performance metrics, response time analysis, outcome evaluation, training effectiveness, and continuous improvement processes."
"How do you establish effective coordination with maritime insurance investigators during rescue operations?","Maintain operational security, coordinate evidence preservation, provide appropriate access, and protect investigation integrity."
"What factors should be considered when coordinating ocean rescue operations in remote areas?","Communication challenges, resource distance, weather impact, fuel requirements, and logistical support needs."
"How should emergency coordinators manage volunteer boat operators during rescue missions?","Screen qualifications, provide briefings, assign specific roles, maintain supervision, and ensure safety compliance."
"What are the protocols for coordinating ocean rescue operations with environmental monitoring agencies?","Share hazard information, coordinate response procedures, monitor environmental impact, and implement protection measures."
"How do you coordinate medical helicopter operations with surface rescue units?","Establish flight corridors, coordinate timing, manage patient transfer, ensure landing zone safety, and maintain communication."
"What are the key elements of ocean rescue operation cost tracking and documentation?","Resource utilization logs, personnel time records, equipment usage, operational expenses, and recovery billing procedures."
"How should rescue coordinators handle coordination with foreign-flagged vessels during emergencies?","Follow international protocols, coordinate with flag state authorities, establish communication, and provide assistance guidance."
"What protocols exist for coordinating ocean rescue operations during adverse visibility conditions?","Use radar and GPS navigation, implement enhanced safety procedures, coordinate positioning carefully, and maintain communication."
"How do you establish effective coordination with marine research vessels during rescue operations?","Contact research institutions, coordinate operational areas, utilize available resources, and manage scientific mission impacts."
"What are the essential elements of ocean rescue training coordination between agencies?","Common training standards, joint exercises, certification requirements, resource sharing, and performance evaluation."
"How should emergency managers coordinate with coastal community leaders during ocean rescue operations?","Establish liaison, coordinate local resources, manage community concerns, provide information updates, and utilize local knowledge."
"What factors determine the establishment of forward operating bases during ocean rescue missions?","Proximity to incident, resource accessibility, communication capability, safety considerations, and logistical support requirements."
"How do you coordinate ocean rescue operations with marine sanctuary management?","Follow access protocols, coordinate with sanctuary staff, minimize environmental impact, and document activities appropriately."
"What are the protocols for managing ocean rescue operations during severe weather advisories?","Monitor weather updates, adjust operational procedures, prioritize safety, coordinate alternative methods, and maintain readiness."
"How should rescue teams coordinate with commercial shipping companies during emergency operations?","Establish communication protocols, coordinate vessel assistance, manage operational areas, and ensure safety procedures."
"What are the key elements of ocean rescue equipment standardization between agencies?","Common specifications, interoperability requirements, maintenance standards, training compatibility, and procurement coordination."
"How do you establish effective coordination with marine patrol units during rescue operations?","Define operational boundaries, coordinate patrol activities, share information, utilize patrol resources, and maintain communication."
"What protocols exist for coordinating ocean rescue operations involving hazardous weather phenomena?","Monitor conditions continuously, establish safety parameters, coordinate timing, prioritize victim safety, and maintain flexibility."
"How should emergency coordinators manage public safety during visible ocean rescue operations?","Establish safety perimeters, manage spectator crowds, coordinate with law enforcement, provide public information, and ensure operational security."
"What are the essential elements of inter-agency resource sharing agreements for ocean rescue?","Resource availability commitments, activation procedures, cost sharing arrangements, operational control protocols, and performance standards."
"How do you coordinate ocean rescue operations with marine construction projects?","Contact project managers, coordinate operational areas, utilize available resources, manage construction activity, and ensure safety."
"What factors should be considered when establishing ocean rescue communication networks?","Coverage requirements, equipment compatibility, power systems, maintenance needs, and operational redundancy."
"How should rescue teams coordinate with marine biology research during emergency operations?","Coordinate with research teams, utilize scientific resources, minimize research impact, and share relevant information."
"What are the protocols for coordinating ocean rescue operations during marine events and festivals?","Increase preparation levels, coordinate with event organizers, position resources strategically, and maintain enhanced readiness."
"How do you establish effective coordination with tugboat operators during rescue missions?","Contact marine services, coordinate assistance capabilities, manage operational areas, and utilize specialized equipment."
"What are the key elements of ocean rescue operation environmental impact assessment?","Document activities, assess ecological effects, implement mitigation measures, coordinate with environmental agencies, and maintain compliance."
"How should emergency managers coordinate with maritime labor unions during rescue operations?","Establish liaison, coordinate worker safety, utilize available resources, and manage labor relations considerations."
"What protocols exist for coordinating ocean rescue operations with naval training exercises?","Contact naval authorities, coordinate operational areas, manage training impacts, and ensure safety procedures."
"How do you coordinate ocean rescue documentation with legal requirements?","Maintain detailed records, follow evidence procedures, coordinate with legal authorities, and ensure documentation completeness."
"What are the essential elements of ocean rescue operation security protocols?","Access control, information security, operational security, personnel verification, and threat assessment procedures."
"How should rescue coordinators handle coordination with maritime academies during emergency operations?","Contact academy officials, coordinate training vessel assistance, utilize student resources appropriately, and ensure safety."
"What factors determine the coordination of ocean rescue operations with tide and current conditions?","Timing considerations, drift calculations, operational windows, safety factors, and resource positioning requirements."
"How do you establish effective coordination with marine fuel suppliers during extended rescue operations?","Contact suppliers, coordinate delivery procedures, manage fuel logistics, ensure safety protocols, and maintain supply chains."
"What are the protocols for coordinating ocean rescue operations with marine weather services?","Establish communication, coordinate forecast updates, share operational information, and utilize weather expertise."
"How should emergency teams coordinate with marine electronics specialists during rescue operations?","Contact technical support, coordinate equipment repair, utilize specialized knowledge, and maintain communication systems."
"What are the key elements of ocean rescue operation performance measurement systems?","Response time metrics, success rates, resource utilization, cost effectiveness, and quality indicators."
"How do you coordinate ocean rescue operations with marine archaeological sites?","Contact archaeological authorities, coordinate site protection, minimize impact, and follow preservation procedures."
"What protocols exist for managing ocean rescue operations during marine pollution incidents?","Coordinate with environmental agencies, implement safety procedures, manage contamination risks, and protect rescue personnel."
"How should rescue coordinators establish coordination with marine insurance companies?","Maintain operational independence, coordinate information sharing, manage investigation access, and protect operational security."
"What are the essential elements of ocean rescue volunteer management programs?","Recruitment procedures, training requirements, certification standards, deployment protocols, and recognition systems."
"How do you coordinate ocean rescue operations with marine traffic monitoring systems?","Utilize tracking data, coordinate with traffic centers, share operational information, and manage vessel movement."
"What factors should be considered when establishing ocean rescue mutual aid agreements?","Resource capabilities, response distances, activation procedures, cost sharing, and operational compatibility."
"How should emergency managers coordinate with coastal engineering projects during rescue operations?","Contact project managers, coordinate operational access, utilize available resources, and manage project impacts."
"What are the protocols for coordinating ocean rescue operations with marine radio networks?","Establish communication procedures, coordinate frequency usage, utilize network resources, and maintain radio protocols."
"How do you establish effective coordination with marine emergency medical services?","Define response protocols, coordinate medical capabilities, establish treatment procedures, and maintain medical readiness."
"What are the key elements of ocean rescue operation technology integration?","System compatibility, data sharing, communication integration, equipment standardization, and technological redundancy."
"How should rescue teams coordinate with marine pilot services during emergency operations?","Contact pilot associations, coordinate local knowledge, utilize navigation expertise, and manage operational areas."
"What protocols exist for coordinating ocean rescue operations during marine research activities?","Contact research coordinators, coordinate operational areas, minimize research impact, and share relevant information."
"How do you coordinate ocean rescue equipment procurement with multiple agencies?","Establish common specifications, coordinate purchasing power, manage inventory sharing, and standardize equipment."
"What are the essential elements of ocean rescue operation budget management?","Cost tracking systems, resource allocation, expense documentation, recovery procedures, and budget reporting."
"How should emergency coordinators establish coordination with marine environmental groups?","Build relationships, coordinate information sharing, utilize local knowledge, and manage environmental concerns."
"What factors determine the coordination of ocean rescue operations with commercial fishing activities?","Seasonal patterns, fishing grounds, vessel availability, communication protocols, and safety procedures."
"How do you coordinate ocean rescue operations with marine maintenance and repair services?","Contact service providers, coordinate technical support, utilize specialized equipment, and manage repair priorities."
"What are the protocols for managing ocean rescue operations during marine construction activities?","Coordinate with contractors, manage operational areas, utilize available resources, and ensure construction safety."
"How should rescue teams establish coordination with marine fuel delivery services?","Contact suppliers, coordinate delivery schedules, manage fuel logistics, ensure safety protocols, and maintain supply security."
"What are the key elements of ocean rescue operation data management systems?","Information collection, data storage, analysis capabilities, reporting functions, and data security measures."
"How do you coordinate ocean rescue operations with marine telecommunications providers?","Establish communication priorities, coordinate service restoration, manage communication requirements, and ensure connectivity."
"What protocols exist for coordinating ocean rescue operations with marine transportation systems?","Coordinate vessel scheduling, manage passenger impacts, utilize transportation resources, and ensure operational continuity."
"How should emergency managers coordinate with marine education institutions during rescue operations?","Contact institutional authorities, coordinate student involvement, utilize educational resources, and ensure safety protocols."
"What are the essential elements of ocean rescue operation legal compliance programs?","Regulatory requirements, legal documentation, compliance monitoring, violation procedures, and legal consultation."
"How do you establish effective coordination with marine cargo handling facilities during rescue operations?","Contact facility managers, coordinate operational access, utilize available resources, and manage cargo operations."
"What factors should be considered when coordinating ocean rescue operations with marine tourism activities?","Tourist safety, evacuation procedures, communication protocols, resource allocation, and operational impacts."
"How should rescue coordinators handle coordination with marine historical preservation during emergency operations?","Contact preservation authorities, coordinate site protection, minimize historical impact, and follow preservation procedures."
"What are the protocols for coordinating ocean rescue operations with marine communication systems?","Establish communication priorities, coordinate system usage, manage frequency allocation, and ensure communication security."
"How do you coordinate ocean rescue training programs with marine industry partnerships?","Establish training agreements, coordinate resource sharing, develop joint programs, and maintain industry relationships."
"What are the key elements of ocean rescue operation public information management?","Information accuracy, release timing, media coordination, public safety messaging, and transparency requirements."
"How should emergency teams coordinate with marine logistics providers during extended rescue operations?","Contact logistics companies, coordinate supply chains, manage delivery schedules, and ensure operational continuity."
"What protocols exist for managing ocean rescue operations during marine technology demonstrations?","Coordinate with technology providers, manage demonstration areas, utilize available resources, and ensure operational safety."
"How do you establish effective coordination with marine safety equipment manufacturers during rescue operations?","Contact manufacturers, coordinate technical support, utilize product expertise, and manage equipment requirements."
"What are the essential elements of ocean rescue operation community outreach programs?","Public education, community partnerships, volunteer recruitment, awareness campaigns, and feedback mechanisms."
"How should rescue coordinators coordinate with marine survey operations during emergency missions?","Contact survey companies, coordinate operational areas, utilize available resources, and manage survey impacts."
"What factors determine the establishment of ocean rescue operation staging areas?","Location accessibility, resource requirements, communication needs, safety considerations, and operational efficiency."
"How do you coordinate ocean rescue operations with marine renewable energy projects?","Contact project operators, coordinate operational areas, utilize available resources, and manage energy system impacts."
"What are the protocols for coordinating ocean rescue operations with marine environmental monitoring?","Share monitoring data, coordinate response procedures, implement environmental protection, and maintain monitoring continuity."
"How should emergency managers establish coordination with marine emergency response contractors?","Develop contractor agreements, coordinate response procedures, maintain contractor readiness, and ensure performance standards."
"What are the key elements of ocean rescue operation quality control systems?","Performance standards, monitoring procedures, evaluation methods, corrective actions, and continuous improvement."
"How do you coordinate ocean rescue operations with marine scientific research vessels?","Contact research coordinators, coordinate operational areas, utilize scientific resources, and minimize research disruption."
"What protocols exist for managing ocean rescue operations during marine protected area activities?","Follow protection protocols, coordinate with area managers, minimize environmental impact, and maintain area integrity."
"How should rescue teams coordinate with marine meteorological services during operations?","Establish weather communication, coordinate forecast updates, share operational data, and utilize meteorological expertise."
"What are the essential elements of ocean rescue operation international cooperation agreements?","Cooperation frameworks, resource sharing, communication protocols, operational procedures, and diplomatic coordination."
"How do you establish effective coordination with marine emergency shelter providers?","Identify shelter locations, coordinate capacity management, establish supply procedures, and maintain readiness standards."
"What factors should be considered when coordinating ocean rescue operations with marine patrol aircraft?","Flight coordination, communication procedures, search patterns, safety protocols, and operational integration."
"How should emergency coordinators manage coordination with marine emergency food services during rescue operations?","Contact food service providers, coordinate supply delivery, manage distribution logistics, and ensure food safety."
"What are the protocols for coordinating ocean rescue operations with marine communication relay systems?","Establish relay procedures, coordinate communication paths, manage system capacity, and ensure communication reliability."
"How do you coordinate ocean rescue documentation requirements with regulatory agencies?","Understand documentation standards, maintain required records, coordinate agency reporting, and ensure compliance."
"What are the key elements of ocean rescue operation equipment testing and evaluation programs?","Testing protocols, performance standards, evaluation criteria, documentation requirements, and improvement recommendations."
"How should rescue teams establish coordination with marine emergency transportation services?","Contact transport providers, coordinate evacuation procedures, manage passenger logistics, and ensure transportation safety."
"What protocols exist for managing ocean rescue operations during marine hazardous material incidents?","Implement safety procedures, coordinate specialist response, manage contamination risks, and protect personnel safety."
"How do you coordinate ocean rescue operations with marine emergency power systems?","Contact power providers, coordinate system deployment, manage power requirements, and ensure system reliability."
"What are the essential elements of ocean rescue operation personnel safety management systems?","Safety protocols, risk assessment, protective equipment, training requirements, and incident reporting procedures."
"How should emergency managers coordinate with marine emergency medical transport during rescue operations?","Coordinate medical evacuation, manage patient transport, ensure medical equipment availability, and maintain medical protocols."
"What factors determine the coordination of ocean rescue operations with marine salvage companies?","Operational priorities, resource requirements, safety protocols, cost considerations, and environmental protection."
"How do you establish effective coordination with marine emergency shelter management during rescue operations?","Contact shelter managers, coordinate capacity planning, manage resource allocation, and ensure shelter readiness."
"What are the protocols for coordinating ocean rescue operations with marine emergency fuel suppliers?","Establish fuel priorities, coordinate delivery procedures, manage fuel logistics, and ensure fuel safety."
"How should rescue coordinators handle coordination with marine emergency equipment rental services?","Contact rental companies, coordinate equipment availability, manage deployment logistics, and ensure equipment readiness."
"What are the key elements of ocean rescue operation environmental protection procedures?","Environmental assessment, protection measures, impact mitigation, regulatory compliance, and restoration planning."
"How do you coordinate ocean rescue operations with marine emergency communication backup systems?","Establish backup procedures, coordinate system activation, manage communication priorities, and ensure system reliability."
"What protocols exist for managing ocean rescue operations coordination with marine emergency supply chains?","Establish supply priorities, coordinate delivery schedules, manage inventory levels, and ensure supply continuity."
"How should emergency teams coordinate with marine emergency waste management during rescue operations?","Contact waste management services, coordinate disposal procedures, manage waste logistics, and ensure environmental compliance."
"What are the essential elements of ocean rescue operation coordination with marine emergency security services?","Establish security protocols, coordinate access control, manage security threats, and ensure operational security."
"How do you establish effective coordination with marine emergency maintenance services during rescue operations?","Contact maintenance providers, coordinate repair priorities, manage maintenance logistics, and ensure operational continuity."
"What factors should be considered when coordinating ocean rescue operations with marine emergency transportation networks?","Network capacity, transportation priorities, coordination procedures, safety protocols, and operational integration."
"How should rescue coordinators manage coordination with marine emergency information systems during operations?","Establish information protocols, coordinate data sharing, manage information security, and ensure system reliability."
"What are the protocols for coordinating ocean rescue operations with marine emergency training facilities?","Utilize training resources, coordinate facility access, manage training schedules, and maintain training readiness."
"How do you coordinate ocean rescue equipment maintenance with marine emergency repair services?","Establish maintenance schedules, coordinate repair procedures, manage equipment availability, and ensure maintenance quality."
"What are the key elements of ocean rescue operation coordination with marine emergency logistics management?","Logistics planning, resource coordination, supply chain management, distribution procedures, and operational efficiency."
"How should emergency managers establish coordination with marine emergency public health services during rescue operations?","Contact health authorities, coordinate health assessments, manage health risks, and ensure public health protection."
"What protocols exist for managing ocean rescue operations coordination with marine emergency social services?","Coordinate victim services, manage family assistance, provide social support, and ensure service continuity."
"How do you coordinate ocean rescue operations with marine emergency environmental services?","Coordinate environmental assessment, manage environmental risks, implement protection measures, and ensure environmental compliance."
"What are the essential elements of ocean rescue operation coordination with marine emergency legal services?","Legal compliance, documentation requirements, liability management, regulatory coordination, and legal consultation."
"How should rescue teams establish coordination with marine emergency financial services during operations?","Coordinate funding sources, manage operational costs, establish billing procedures, and ensure financial accountability."
"What factors determine the coordination of ocean rescue operations with marine emergency technology support?","Technology requirements, support availability, deployment procedures, maintenance needs, and operational integration."
"How do you establish effective coordination with marine emergency volunteer organizations during rescue operations?","Coordinate volunteer deployment, manage volunteer activities, provide volunteer support, and ensure volunteer safety."
"What are the protocols for coordinating ocean rescue operations with marine emergency research and development services?","Coordinate technology deployment, manage research activities, utilize research resources, and support innovation development."
"How should emergency coordinators manage coordination with marine emergency international aid organizations during rescue operations?","Coordinate international assistance, manage aid distribution, ensure operational coordination, and maintain diplomatic protocols."
"How does ocean warming contribute to more intense tropical storms?","Warmer ocean temperatures provide more energy for storm formation, leading to stronger winds, heavier rainfall, and more rapid intensification."
"What is rapid intensification in storms and how is climate change affecting it?","Rapid intensification occurs when storm winds increase by 35 mph or more in 24 hours, becoming more common due to warmer ocean temperatures and atmospheric conditions."
"How are marine heatwaves becoming more frequent due to climate change?","Rising ocean temperatures create prolonged periods of unusually warm water that can last weeks or months, disrupting marine ecosystems and weather patterns."
"What unusual ocean phenomena are emerging due to climate change?","Unprecedented algal blooms, extreme marine heatwaves, abnormal current patterns, unexpected storm tracks, and novel ecosystem disruptions."
"How does ocean acidification affect coastal hazard preparedness?","Ocean acidification weakens coral reefs and shellfish beds that naturally protect coastlines, increasing vulnerability to wave damage and storm surge."
"What role does Arctic ice loss play in global ocean hazard patterns?","Arctic ice loss disrupts global ocean circulation, potentially altering storm tracks, intensifying weather patterns, and affecting coastal currents worldwide."
"How are storm seasons changing due to climate change effects?","Storm seasons are becoming longer, starting earlier, ending later, and producing more intense storms outside traditional peak periods."
"What is the relationship between climate change and rogue wave formation?","Changing wind patterns and ocean temperatures may increase the likelihood of extreme wave conditions that generate dangerous rogue waves."
"How do changing ocean currents affect regional hazard risks?","Altered currents can shift storm paths, change coastal erosion patterns, affect local climate conditions, and redistribute marine hazards geographically."
"What adaptation strategies help coastal communities prepare for intensified ocean hazards?","Improved early warning systems, resilient infrastructure design, ecosystem-based protection, flexible evacuation plans, and community education programs."
"How does the Atlantic Meridional Overturning Circulation weakening affect ocean hazards?","AMOC weakening can intensify regional storms, alter precipitation patterns, affect coastal temperatures, and change storm development areas."
"What are compound climate events and how do they increase ocean hazard risks?","Compound events combine multiple hazards like high tides, storms, and heavy rainfall simultaneously, creating more severe impacts than individual events."
"How is climate change affecting the intensity of ocean upwelling events?","Changing wind patterns and ocean temperatures alter upwelling strength, affecting marine ecosystems and potentially creating new hazardous conditions."
"What long-term infrastructure adaptations are needed for changing ocean hazards?","Elevated structures, improved drainage systems, flexible seawalls, nature-based barriers, and infrastructure designed for multiple hazard scenarios."
"How do temperature anomalies in ocean waters create new hazard patterns?","Unusual temperature distributions can spawn storms in unexpected locations, alter their paths, and create unprecedented marine conditions."
"What role does ocean stratification play in storm intensification?","Increased ocean stratification due to warming can concentrate heat near the surface, providing more energy for storm development and intensification."
"How are precipitation patterns changing over oceans due to climate effects?","Climate change is creating more extreme precipitation events, longer dry periods, and shifting rainfall patterns that affect ocean-atmosphere interactions."
"What adaptation measures can ports implement for changing ocean hazards?","Flexible port designs, improved drainage, elevated infrastructure, enhanced weather monitoring, and diversified supply chain routes."
"How does climate change affect the predictability of ocean hazards?","Changing baseline conditions make historical patterns less reliable, requiring updated forecasting models and adaptive prediction systems."
"What are the implications of changing storm tracks for coastal planning?","Communities may face hazards they haven't experienced before, requiring updated risk assessments, new preparation strategies, and expanded warning systems."
"How do marine ecosystem changes influence ocean hazard development?","Ecosystem disruptions can alter local weather patterns, affect natural coastal protection, and create new sources of marine hazards."
"What role does atmospheric river intensification play in coastal hazards?","Climate change is making atmospheric rivers more intense, bringing extreme precipitation and flooding to coastal areas previously less affected."
"How can early warning systems adapt to evolving ocean hazard patterns?","Incorporate climate projections, use machine learning for pattern recognition, expand monitoring networks, and develop scenario-based alert systems."
"What is the connection between global temperature rise and extreme wave heights?","Higher temperatures create more energetic weather systems that can generate larger waves and more extreme sea states."
"How are thermocline changes affecting ocean hazard formation?","Deeper, more stable thermoclines concentrate surface heat, providing more energy for storm development and potentially altering storm characteristics."
"What adaptation strategies address the uncertainty of future ocean hazard patterns?","Flexible infrastructure design, adaptive management approaches, scenario planning, resilient ecosystems, and robust early warning systems."
"How does climate change affect the frequency of extreme high tide events?","Rising baseline sea levels combined with changing storm patterns increase the frequency and severity of extreme high tide flooding."
"What are the implications of changing ocean pH levels for coastal hazards?","Ocean acidification weakens natural coastal defenses like coral reefs and shellfish beds, increasing vulnerability to wave action and storms."
"How can coastal communities build resilience to unprecedented ocean events?","Develop adaptive capacity, maintain ecosystem health, create flexible infrastructure, enhance monitoring systems, and build community preparedness."
"What role does changing salinity play in ocean hazard development?","Altered salinity patterns affect ocean density and circulation, potentially changing storm formation areas and intensity patterns."
"How are extreme weather events over oceans becoming more frequent?","Warmer conditions provide more energy for extreme events, leading to increased frequency of intense storms, heatwaves, and unusual weather patterns."
"What long-term monitoring systems are needed for evolving ocean hazards?","Expanded buoy networks, satellite monitoring, autonomous underwater vehicles, coastal radar systems, and integrated data platforms."
"How does ice sheet melting contribute to changing ocean hazard patterns?","Freshwater from melting ice affects ocean circulation, potentially altering storm tracks, intensifying regional weather, and creating new hazard zones."
"What are the challenges of adapting building codes for changing ocean hazards?","Updating standards for uncertain future conditions, balancing costs with benefits, addressing regional variations, and ensuring regulatory compliance."
"How do changing wind patterns over oceans affect hazard development?","Altered wind patterns can shift storm formation areas, change storm tracks, affect wave generation, and create new areas of marine hazards."
"What role does ocean deoxygenation play in creating new marine hazards?","Oxygen-depleted zones can kill marine life, create toxic conditions, and potentially affect local weather patterns and coastal conditions."
"How can ecosystem-based adaptation help address changing ocean hazards?","Healthy ecosystems provide natural protection, adapt to changing conditions, offer flexible defense systems, and support community resilience."
"What are the economic implications of adapting to intensified ocean hazards?","Higher infrastructure costs, increased insurance rates, economic disruption, but also opportunities for resilient development and green technologies."
"How does climate change affect the timing of seasonal ocean hazards?","Traditional seasonal patterns are shifting, with hazards occurring earlier, later, or outside normal seasons, requiring adaptive planning approaches."
"What role do feedback loops play in accelerating ocean hazard changes?","Positive feedback loops can accelerate warming, intensify storms, and create cascading effects that amplify ocean hazard risks."
"How can coastal wetlands be managed to address changing ocean hazards?","Protect existing wetlands, restore degraded areas, allow natural migration, manage sediment flow, and integrate with coastal defense systems."
"What are the implications of changing storm surge patterns for coastal design?","New surge heights and directions require updated flood maps, revised building standards, and modified coastal protection systems."
"How does climate change affect the formation of oceanic dead zones?","Warming and changing nutrient flows expand oxygen-depleted areas, potentially creating new marine hazards and affecting coastal conditions."
"What adaptation strategies help fishing communities cope with changing ocean hazards?","Diversified livelihoods, flexible fishing practices, improved weather information, alternative income sources, and community support systems."
"How are climate models being improved to predict evolving ocean hazards?","Incorporating more data sources, improving resolution, adding feedback mechanisms, and using artificial intelligence for better predictions."
"What role does ocean-atmosphere coupling play in hazard intensification?","Stronger coupling between warming oceans and atmosphere can create more intense weather systems and feedback loops that amplify hazards."
"How can insurance systems adapt to changing ocean hazard risks?","Dynamic risk assessment, updated actuarial models, climate-informed pricing, incentives for adaptation, and innovative risk transfer mechanisms."
"What are the challenges of international cooperation on evolving ocean hazards?","Coordinating different national interests, sharing data and resources, addressing transboundary impacts, and developing common standards."
"How does climate change affect the speed of storm movement?","Some studies suggest storms may be moving more slowly, leading to prolonged impacts, increased rainfall totals, and extended hazard exposure."
"What role do natural climate cycles play in ocean hazard changes?","Climate change interacts with natural cycles like El Niño, potentially amplifying or modifying their effects on ocean hazard patterns."
"How can coastal tourism adapt to changing ocean hazard patterns?","Flexible seasonal planning, improved weather monitoring, resilient infrastructure, alternative activities, and visitor education programs."
"What are the implications of changing deep ocean currents for surface hazards?","Deep current changes can affect surface temperatures, storm formation, and regional climate patterns, creating new hazard distributions."
"How does climate change affect the relationship between tides and storm impacts?","Higher baseline sea levels amplify tidal effects, making high tide flooding more common and storm surge impacts more severe."
"What adaptation measures help shipping industries cope with changing ocean hazards?","Route flexibility, improved weather forecasting, resilient vessel design, alternative ports, and enhanced communication systems."
"How are scientists studying unprecedented ocean events caused by climate change?","Using advanced monitoring systems, computer modeling, historical analysis, real-time data collection, and international research collaboration."
"What role does permafrost thaw play in ocean hazard changes?","Thawing permafrost releases carbon and freshwater, potentially affecting ocean circulation, storm patterns, and coastal stability."
"How can coastal agriculture adapt to changing ocean-influenced hazards?","Salt-tolerant crops, improved drainage, protective barriers, diversified farming, and climate-resilient agricultural practices."
"What are the implications of changing ocean color due to climate effects?","Ocean color changes indicate ecosystem shifts that can affect local weather, marine productivity, and potentially hazard patterns."
"How does climate change affect the formation of waterspouts and ocean tornadoes?","Changing temperature gradients and atmospheric conditions may alter the frequency and intensity of these marine weather phenomena."
"What role do microplastics play in ocean hazard development?","While primarily an environmental issue, microplastics may affect ocean physics and potentially influence small-scale weather patterns."
"How can emergency management systems adapt to evolving ocean hazard patterns?","Flexible response plans, updated risk assessments, improved forecasting, community education, and adaptive resource allocation."
"What are the challenges of protecting cultural heritage sites from changing ocean hazards?","Balancing preservation with adaptation, limited resources, complex decision-making, and uncertainty about future conditions."
"How does climate change affect the interaction between rivers and coastal hazards?","Changing precipitation patterns affect river flow, potentially creating compound flooding events when combined with coastal storms."
"What role does cloud seeding play in managing changing ocean-related weather?","While experimental, cloud seeding might help manage precipitation patterns and potentially influence storm development over oceans."
"How can coastal transportation systems adapt to changing ocean hazards?","Elevated infrastructure, alternative routes, improved materials, flexible scheduling, and enhanced monitoring systems."
"What are the implications of changing ocean wave energy for coastal protection?","Higher wave energy requires stronger coastal defenses, but also creates opportunities for wave energy generation and natural protection."
"How does climate change affect the formation of fog and visibility hazards over oceans?","Changing temperature gradients may alter fog formation patterns, creating new navigation hazards and affecting coastal conditions."
"What adaptation strategies help coastal energy infrastructure cope with changing hazards?","Resilient design standards, elevated installations, diversified energy sources, improved cooling systems, and flexible operations."
"How are marine protected areas being managed for changing ocean hazards?","Adaptive management approaches, climate-resilient design, ecosystem connectivity, and integration with hazard mitigation planning."
"What role does geoengineering play in managing ocean hazard changes?","Proposed techniques include ocean alkalinization and marine cloud brightening, but these remain experimental with uncertain effects."
"How can coastal water treatment systems adapt to changing ocean hazards?","Elevated facilities, improved storm resistance, alternative water sources, enhanced treatment processes, and emergency backup systems."
"What are the implications of changing ocean noise levels for hazard detection?","Increased shipping and industrial activity may interfere with acoustic monitoring systems used for hazard detection and marine research."
"How does climate change affect the formation of ice storms in coastal areas?","Changing temperature patterns may alter the frequency and intensity of coastal ice storms in northern regions."
"What role do urban heat islands play in coastal ocean hazard development?","Coastal cities create temperature anomalies that may influence local weather patterns, storm development, and marine conditions."
"How can coastal waste management adapt to changing ocean hazards?","Storm-resistant facilities, elevated infrastructure, improved emergency procedures, and alternative waste processing methods."
"What are the challenges of maintaining coastal navigation aids during changing hazards?","More frequent storm damage, changing water levels, shifting channels, and increased maintenance requirements."
"How does climate change affect the timing of ice breakup and coastal hazards?","Earlier ice breakup in polar regions may create new hazard patterns, affect navigation, and alter coastal protection."
"What adaptation strategies help coastal communities maintain access during extreme events?","Multiple transportation routes, amphibious vehicles, improved communication, emergency supplies, and flexible evacuation plans."
"How are coastal groundwater systems affected by changing ocean hazards?","Saltwater intrusion increases with higher sea levels and storms, requiring adapted water management and treatment systems."
"What role does artificial intelligence play in predicting evolving ocean hazards?","AI helps analyze complex patterns, process large datasets, identify emerging trends, and improve forecasting accuracy for changing conditions."
"How can coastal recreation areas adapt to changing ocean hazard patterns?","Flexible facility design, improved warning systems, alternative activities, seasonal adjustments, and visitor education programs."
"What are the implications of changing ocean currents for marine debris patterns?","Altered currents may change where debris accumulates, creating new coastal hazards and affecting cleanup strategies."
"How does climate change affect the formation of coastal upwelling and downwelling?","Changing wind patterns may alter upwelling locations and intensity, affecting local marine conditions and weather patterns."
"What adaptation measures help coastal hospitals prepare for changing ocean hazards?","Emergency backup systems, elevated critical facilities, improved communication, alternative access routes, and enhanced surge capacity."
"How are coastal forests being managed for changing ocean hazard resistance?","Species selection for salt tolerance, strategic planting for wind protection, ecosystem connectivity, and adaptive forest management."
"What role do tide gauges play in monitoring changing ocean hazard patterns?","Modern tide gauge networks provide real-time data on sea level changes, storm surge heights, and long-term trends."
"How can coastal mining operations adapt to changing ocean hazards?","Flexible operations schedules, improved storm protection, alternative transportation, enhanced monitoring, and emergency response plans."
"What are the challenges of coordinating regional responses to changing ocean hazards?","Different national policies, varying adaptation capacities, shared resources, communication barriers, and conflicting priorities."
"How does climate change affect the formation of coastal low-pressure systems?","Changing temperature gradients may alter where and how coastal storms develop, potentially creating new hazard patterns."
"What adaptation strategies help coastal schools prepare for evolving ocean hazards?","Resilient building design, flexible academic calendars, emergency communication systems, alternative locations, and student safety protocols."
"How are coastal bird migration patterns indicating changes in ocean hazards?","Shifting migration routes and timing can indicate changing wind patterns, storm frequencies, and oceanic conditions."
"What role do coastal dunes play in adapting to changing ocean hazards?","Dunes provide natural protection that can adapt to changing conditions, but require management for sea level rise and increased storms."
"How can coastal manufacturing adapt to changing ocean hazard patterns?","Resilient facility design, flexible supply chains, alternative transportation, improved forecasting, and emergency response capabilities."
"What are the implications of changing ocean chemistry for coastal infrastructure?","Ocean acidification and changing chemistry may accelerate corrosion of coastal infrastructure, requiring new materials and designs."
"How does climate change affect the formation of coastal boundary layer phenomena?","Changes in temperature gradients affect atmospheric conditions that influence local weather, wind patterns, and hazard development."
"What adaptation measures help coastal elderly care facilities prepare for changing hazards?","Enhanced evacuation procedures, backup power systems, medical supply management, communication systems, and staff training programs."
"How are coastal sand patterns changing due to evolving ocean hazards?","Stronger storms and changing wave patterns alter sediment transport, affecting beach profiles and coastal protection."
"What role do coastal vegetation changes play in hazard adaptation?","Vegetation shifts can indicate climate impacts and affect natural coastal protection, requiring adaptive landscape management."
"How can coastal religious and cultural sites adapt to changing ocean hazards?","Respectful protection measures, community involvement, flexible ceremonies, alternative locations, and cultural continuity planning."
"What are the challenges of maintaining coastal communication systems during evolving hazards?","More frequent storm damage, saltwater corrosion, power outages, and need for redundant systems and enhanced protection."
"How does climate change affect the formation of coastal wind patterns?","Changing temperature gradients alter local wind systems, potentially affecting storm development, wave generation, and hazard patterns."
"What adaptation strategies help coastal emergency services cope with changing hazard patterns?","Enhanced equipment, improved training, flexible deployment, alternative facilities, and inter-agency cooperation agreements."
"How are coastal property values being affected by changing ocean hazard awareness?","Increased awareness of climate risks affects real estate markets, insurance costs, and development patterns in hazard-prone areas."
"What role do coastal monitoring stations play in tracking hazard evolution?","Automated stations provide continuous data on changing conditions, helping track long-term trends and improve hazard prediction."
"How can coastal research facilities adapt to changing ocean hazard patterns?","Resilient infrastructure, flexible research programs, alternative data collection, enhanced protection, and collaborative networks."
"What are the implications of changing ocean surface roughness for hazard development?","Surface roughness affects wind-wave interactions, potentially altering storm intensification and wave generation patterns."
"How does climate change affect the timing of coastal biological processes?","Shifting biological cycles can indicate environmental changes and affect ecosystem-based coastal protection systems."
"What adaptation measures help coastal retail businesses prepare for evolving hazards?","Flexible inventory, improved forecasting, alternative suppliers, resilient facilities, and emergency business continuity plans."
"How are coastal fisheries adapting management practices for changing ocean hazards?","Flexible fishing seasons, alternative species focus, improved weather monitoring, resilient processing facilities, and adaptive quotas."
"What role do coastal citizen science programs play in monitoring hazard changes?","Community observers provide valuable data on local changes, helping track hazard evolution and improve early warning systems."
"How can coastal law enforcement adapt to changing ocean hazard patterns?","Enhanced marine capabilities, improved communication, flexible deployment, specialized training, and inter-agency coordination."
"What are the challenges of updating coastal zoning for changing ocean hazards?","Uncertain future conditions, property rights issues, economic impacts, political considerations, and technical complexity."
"How does climate change affect the formation of coastal atmospheric rivers?","Changing atmospheric patterns may alter the frequency, intensity, and tracks of atmospheric rivers affecting coastal areas."
"What adaptation strategies help coastal indigenous communities maintain traditional practices?","Flexible timing, alternative locations, ecosystem restoration, traditional knowledge integration, and community-based adaptation."
"How are coastal satellite monitoring systems tracking ocean hazard changes?","Advanced sensors monitor sea surface temperatures, wave heights, current patterns, and atmospheric conditions in real-time."
"What role do coastal partnerships play in adapting to changing ocean hazards?","Collaborative planning, resource sharing, knowledge exchange, coordinated responses, and integrated adaptation strategies."
"How can coastal renewable energy projects adapt to changing ocean hazard patterns?","Resilient design standards, flexible operations, improved forecasting, enhanced protection, and adaptive maintenance schedules."
"What are the implications of changing ocean turbulence for coastal hazard development?","Altered turbulence patterns may affect mixing, temperature distribution, and potentially influence local weather and storm formation."
"How does climate change affect the predictability of coastal weather extremes?","Changing baseline conditions reduce the reliability of historical patterns, requiring new forecasting approaches and uncertainty management."
"What adaptation measures help coastal public transportation systems cope with evolving hazards?","Alternative routes, amphibious capabilities, improved scheduling, enhanced communication, and emergency transportation protocols."
"How are coastal coral reef systems responding to changing ocean hazards?","Reefs face multiple stressors from warming, acidification, and storms, requiring active management and restoration efforts."
"What role do coastal early career researchers play in studying hazard evolution?","Young scientists bring new perspectives, advanced techniques, and energy to understanding rapidly changing coastal systems."
"How can coastal funeral and cemetery services adapt to changing ocean hazards?","Elevated facilities, alternative locations, flexible timing, improved protection, and cultural sensitivity in adaptation planning."
"What are the challenges of financing adaptation to changing ocean hazards?","High costs, uncertain returns, limited funding sources, competing priorities, and need for long-term investment strategies."
"How does climate change affect the formation of coastal precipitation patterns?","Altered atmospheric conditions change when, where, and how much precipitation falls in coastal areas, affecting multiple hazards."
"What adaptation strategies help coastal veterans' services prepare for evolving hazards?","Enhanced facilities, improved communication, alternative locations, specialized support, and emergency response capabilities."
"How are coastal universities contributing to research on changing ocean hazards?","Multidisciplinary research, student training, community partnerships, data collection, and knowledge translation efforts."
"What role do coastal building materials play in adapting to changing hazards?","Advanced materials resist saltwater, wind, and flooding while providing flexibility for uncertain future conditions."
"How can coastal childcare facilities adapt to changing ocean hazard patterns?","Enhanced safety protocols, flexible schedules, alternative locations, improved communication, and specialized evacuation procedures."
"What are the implications of changing ocean mixing for coastal hazard development?","Altered mixing patterns affect temperature distribution, nutrient cycling, and potentially local weather and storm characteristics."
"How does climate change affect the formation of coastal pressure systems?","Changing temperature gradients alter atmospheric pressure patterns, potentially affecting storm development and coastal weather."
"What adaptation measures help coastal libraries preserve collections during evolving hazards?","Climate-controlled storage, digitization projects, alternative locations, improved protection, and community access continuity."
"How are coastal geological surveys adapting to monitor changing ocean hazards?","Enhanced monitoring networks, new sensing technologies, improved modeling, and integration with climate change research."
"What role do coastal youth programs play in building resilience to changing hazards?","Education initiatives, skill building, community engagement, leadership development, and intergenerational knowledge transfer."
"How can coastal banks and financial services adapt to changing ocean hazard patterns?","Resilient facilities, alternative locations, improved risk assessment, flexible operations, and customer support during emergencies."
"What are the challenges of maintaining coastal historical records during evolving hazards?","Physical preservation, digitization needs, alternative storage, access continuity, and cultural heritage protection."
"How does climate change affect the interaction between coastal and inland weather systems?","Changing coastal conditions alter the boundary between marine and terrestrial weather, potentially affecting inland areas."
"What adaptation strategies help coastal pet care services prepare for changing hazards?","Emergency boarding facilities, evacuation procedures, mobile services, improved communication, and animal welfare protocols."
"How are coastal tide prediction systems adapting to changing ocean conditions?","Updated models, real-time corrections, climate projections, improved accuracy, and integration with storm surge forecasting."
"What role do coastal community gardens play in building resilience to changing hazards?","Food security, community cohesion, ecosystem services, education opportunities, and adaptive agriculture practices."
"How can coastal automotive services adapt to changing ocean hazard patterns?","Saltwater-resistant equipment, flexible operations, alternative locations, improved protection, and emergency vehicle services."
"What are the implications of changing ocean wave spectra for coastal engineering?","Different wave characteristics require updated design standards, new protection strategies, and revised coastal engineering approaches."
"How does climate change affect the formation of coastal convergence zones?","Altered temperature and pressure patterns change where air masses meet, potentially affecting local weather and hazard development."
"What adaptation measures help coastal pharmacies maintain services during evolving hazards?","Emergency supplies, alternative locations, improved communication, backup power, and medication access continuity."
"How are coastal environmental monitoring programs tracking ecosystem responses to changing hazards?","Long-term data collection, indicator species monitoring, habitat assessment, and integration with climate change research."
"What role do coastal small businesses play in community adaptation to changing hazards?","Economic resilience, flexible services, local knowledge, community support, and adaptive business practices."
"How can coastal places of worship adapt their facilities and services to changing ocean hazard patterns?","Resilient building design, flexible scheduling, alternative locations, community support roles, and emergency response capabilities."
"Hi","Hello! I’m OceanAlly 🌊 How can I help you today?"
"Hello","Hey there! I am ready to help with ocean hazard queries."
"Hey","Hi! I am ready to help with ocean hazard queries."
"Good morning","Good morning! I am ready to help with ocean hazard queries."
"Good evening","Good evening! I am ready to help with ocean hazard queries."
"Good afternoon","Good afternoon! I am ready to help with ocean hazard queries."
"Good night","Sleep tight! Dream of calm oceans 🌙"
"Bye","Goodbye! Stay safe and watch the waves 🌊"
"Thanks","You’re welcome! Always here for ocean knowledge 🌊"
"Thank you","Anytime! OceanAlly at your service 😎"
"Thanks a lot","No problem! Stay safe near the water 🌊"
